5/25/2025, 6:41:10 PM GMT+8 [Modules] Modules initializing
5/25/2025, 6:41:10 PM GMT+8 [Modules] Distribution: remote
5/25/2025, 6:41:10 PM GMT+8 [Modules] Host updates: enabled
5/25/2025, 6:41:10 PM GMT+8 [Modules] Module updates: enabled
5/25/2025, 6:41:10 PM GMT+8 [Modules] Module install path: /home/james/.config/discord/0.0.95/modules
5/25/2025, 6:41:10 PM GMT+8 [Modules] Module installed file path: /home/james/.config/discord/0.0.95/modules/installed.json
5/25/2025, 6:41:10 PM GMT+8 [Modules] Module download path: /home/james/.config/discord/0.0.95/modules/pending
5/25/2025, 6:41:10 PM GMT+8 [Modules] Bootstrapping...
5/25/2025, 6:41:10 PM GMT+8 [Modules] Installing discord_desktop_core@0 from /opt/discord/resources/bootstrap/discord_desktop_core.zip
5/25/2025, 6:41:10 PM GMT+8 [Modules] Failed installing discord_desktop_core@0: Error: ENOENT: no such file or directory, open '/opt/discord/resources/bootstrap/discord_desktop_core.zip'
5/25/2025, 6:41:10 PM GMT+8 [Modules] Installing discord_erlpack@0 from /opt/discord/resources/bootstrap/discord_erlpack.zip
5/25/2025, 6:41:10 PM GMT+8 [Modules] Failed installing discord_erlpack@0: Error: ENOENT: no such file or directory, open '/opt/discord/resources/bootstrap/discord_erlpack.zip'
5/25/2025, 6:41:10 PM GMT+8 [Modules] Installing discord_spellcheck@0 from /opt/discord/resources/bootstrap/discord_spellcheck.zip
5/25/2025, 6:41:10 PM GMT+8 [Modules] Failed installing discord_spellcheck@0: Error: ENOENT: no such file or directory, open '/opt/discord/resources/bootstrap/discord_spellcheck.zip'
5/25/2025, 6:41:10 PM GMT+8 [Modules] Installing discord_utils@0 from /opt/discord/resources/bootstrap/discord_utils.zip
5/25/2025, 6:41:10 PM GMT+8 [Modules] Failed installing discord_utils@0: Error: ENOENT: no such file or directory, open '/opt/discord/resources/bootstrap/discord_utils.zip'
5/25/2025, 6:41:10 PM GMT+8 [Modules] Installing discord_voice@0 from /opt/discord/resources/bootstrap/discord_voice.zip
5/25/2025, 6:41:10 PM GMT+8 [Modules] Failed installing discord_voice@0: Error: ENOENT: no such file or directory, open '/opt/discord/resources/bootstrap/discord_voice.zip'
5/25/2025, 6:41:10 PM GMT+8 [Modules] Installing discord_zstd@0 from /opt/discord/resources/bootstrap/discord_zstd.zip
5/25/2025, 6:41:10 PM GMT+8 [Modules] Failed installing discord_zstd@0: Error: ENOENT: no such file or directory, open '/opt/discord/resources/bootstrap/discord_zstd.zip'
5/25/2025, 6:41:10 PM GMT+8 [Modules] Finished module installations. [success: 0] [failure: 6]
5/25/2025, 6:41:10 PM GMT+8 [Modules] Checking for host updates.
5/25/2025, 6:41:11 PM GMT+8 [Modules] Host is up to date.
5/25/2025, 6:41:11 PM GMT+8 [Modules] Checking for module updates at https://discord.com/api/modules/stable/versions.json
5/25/2025, 6:41:11 PM GMT+8 [Modules] Module update available: discord_desktop_core@1 [installed: 0]
5/25/2025, 6:41:11 PM GMT+8 [Modules] Module update available: discord_erlpack@1 [installed: 0]
5/25/2025, 6:41:11 PM GMT+8 [Modules] Module update available: discord_spellcheck@1 [installed: 0]
5/25/2025, 6:41:11 PM GMT+8 [Modules] Module update available: discord_utils@1 [installed: 0]
5/25/2025, 6:41:11 PM GMT+8 [Modules] Module update available: discord_voice@1 [installed: 0]
5/25/2025, 6:41:11 PM GMT+8 [Modules] Module update available: discord_zstd@1 [installed: 0]
5/25/2025, 6:41:11 PM GMT+8 [Modules] Fetching discord_desktop_core@1 from https://discord.com/api/modules/stable/discord_desktop_core/1
5/25/2025, 6:41:11 PM GMT+8 [Modules] Streaming discord_desktop_core@1 to /home/james/.config/discord/0.0.95/modules/pending/discord_desktop_core-1.zip
5/25/2025, 6:41:12 PM GMT+8 [Modules] Streaming discord_desktop_core@1 to /home/james/.config/discord/0.0.95/modules/pending/discord_desktop_core-1.zip: 1%
5/25/2025, 6:41:12 PM GMT+8 [Modules] Streaming discord_desktop_core@1 to /home/james/.config/discord/0.0.95/modules/pending/discord_desktop_core-1.zip: 2%
5/25/2025, 6:41:12 PM GMT+8 [Modules] Streaming discord_desktop_core@1 to /home/james/.config/discord/0.0.95/modules/pending/discord_desktop_core-1.zip: 3%
5/25/2025, 6:41:12 PM GMT+8 [Modules] Streaming discord_desktop_core@1 to /home/james/.config/discord/0.0.95/modules/pending/discord_desktop_core-1.zip: 4%
5/25/2025, 6:41:12 PM GMT+8 [Modules] Streaming discord_desktop_core@1 to /home/james/.config/discord/0.0.95/modules/pending/discord_desktop_core-1.zip: 5%
5/25/2025, 6:41:12 PM GMT+8 [Modules] Streaming discord_desktop_core@1 to /home/james/.config/discord/0.0.95/modules/pending/discord_desktop_core-1.zip: 6%
5/25/2025, 6:41:12 PM GMT+8 [Modules] Streaming discord_desktop_core@1 to /home/james/.config/discord/0.0.95/modules/pending/discord_desktop_core-1.zip: 7%
5/25/2025, 6:41:12 PM GMT+8 [Modules] Streaming discord_desktop_core@1 to /home/james/.config/discord/0.0.95/modules/pending/discord_desktop_core-1.zip: 8%
5/25/2025, 6:41:12 PM GMT+8 [Modules] Streaming discord_desktop_core@1 to /home/james/.config/discord/0.0.95/modules/pending/discord_desktop_core-1.zip: 9%
5/25/2025, 6:41:12 PM GMT+8 [Modules] Streaming discord_desktop_core@1 to /home/james/.config/discord/0.0.95/modules/pending/discord_desktop_core-1.zip: 10%
5/25/2025, 6:41:12 PM GMT+8 [Modules] Streaming discord_desktop_core@1 to /home/james/.config/discord/0.0.95/modules/pending/discord_desktop_core-1.zip: 11%
5/25/2025, 6:41:12 PM GMT+8 [Modules] Streaming discord_desktop_core@1 to /home/james/.config/discord/0.0.95/modules/pending/discord_desktop_core-1.zip: 12%
5/25/2025, 6:41:12 PM GMT+8 [Modules] Streaming discord_desktop_core@1 to /home/james/.config/discord/0.0.95/modules/pending/discord_desktop_core-1.zip: 13%
5/25/2025, 6:41:12 PM GMT+8 [Modules] Streaming discord_desktop_core@1 to /home/james/.config/discord/0.0.95/modules/pending/discord_desktop_core-1.zip: 14%
5/25/2025, 6:41:12 PM GMT+8 [Modules] Streaming discord_desktop_core@1 to /home/james/.config/discord/0.0.95/modules/pending/discord_desktop_core-1.zip: 15%
5/25/2025, 6:41:12 PM GMT+8 [Modules] Streaming discord_desktop_core@1 to /home/james/.config/discord/0.0.95/modules/pending/discord_desktop_core-1.zip: 16%
5/25/2025, 6:41:12 PM GMT+8 [Modules] Streaming discord_desktop_core@1 to /home/james/.config/discord/0.0.95/modules/pending/discord_desktop_core-1.zip: 17%
5/25/2025, 6:41:12 PM GMT+8 [Modules] Streaming discord_desktop_core@1 to /home/james/.config/discord/0.0.95/modules/pending/discord_desktop_core-1.zip: 18%
5/25/2025, 6:41:12 PM GMT+8 [Modules] Streaming discord_desktop_core@1 to /home/james/.config/discord/0.0.95/modules/pending/discord_desktop_core-1.zip: 19%
5/25/2025, 6:41:12 PM GMT+8 [Modules] Streaming discord_desktop_core@1 to /home/james/.config/discord/0.0.95/modules/pending/discord_desktop_core-1.zip: 20%
5/25/2025, 6:41:12 PM GMT+8 [Modules] Streaming discord_desktop_core@1 to /home/james/.config/discord/0.0.95/modules/pending/discord_desktop_core-1.zip: 21%
5/25/2025, 6:41:12 PM GMT+8 [Modules] Streaming discord_desktop_core@1 to /home/james/.config/discord/0.0.95/modules/pending/discord_desktop_core-1.zip: 22%
5/25/2025, 6:41:12 PM GMT+8 [Modules] Streaming discord_desktop_core@1 to /home/james/.config/discord/0.0.95/modules/pending/discord_desktop_core-1.zip: 23%
5/25/2025, 6:41:12 PM GMT+8 [Modules] Streaming discord_desktop_core@1 to /home/james/.config/discord/0.0.95/modules/pending/discord_desktop_core-1.zip: 24%
5/25/2025, 6:41:12 PM GMT+8 [Modules] Streaming discord_desktop_core@1 to /home/james/.config/discord/0.0.95/modules/pending/discord_desktop_core-1.zip: 25%
5/25/2025, 6:41:12 PM GMT+8 [Modules] Streaming discord_desktop_core@1 to /home/james/.config/discord/0.0.95/modules/pending/discord_desktop_core-1.zip: 26%
5/25/2025, 6:41:12 PM GMT+8 [Modules] Streaming discord_desktop_core@1 to /home/james/.config/discord/0.0.95/modules/pending/discord_desktop_core-1.zip: 27%
5/25/2025, 6:41:12 PM GMT+8 [Modules] Streaming discord_desktop_core@1 to /home/james/.config/discord/0.0.95/modules/pending/discord_desktop_core-1.zip: 28%
5/25/2025, 6:41:12 PM GMT+8 [Modules] Streaming discord_desktop_core@1 to /home/james/.config/discord/0.0.95/modules/pending/discord_desktop_core-1.zip: 29%
5/25/2025, 6:41:12 PM GMT+8 [Modules] Streaming discord_desktop_core@1 to /home/james/.config/discord/0.0.95/modules/pending/discord_desktop_core-1.zip: 30%
5/25/2025, 6:41:12 PM GMT+8 [Modules] Streaming discord_desktop_core@1 to /home/james/.config/discord/0.0.95/modules/pending/discord_desktop_core-1.zip: 31%
5/25/2025, 6:41:12 PM GMT+8 [Modules] Streaming discord_desktop_core@1 to /home/james/.config/discord/0.0.95/modules/pending/discord_desktop_core-1.zip: 32%
5/25/2025, 6:41:12 PM GMT+8 [Modules] Streaming discord_desktop_core@1 to /home/james/.config/discord/0.0.95/modules/pending/discord_desktop_core-1.zip: 33%
5/25/2025, 6:41:12 PM GMT+8 [Modules] Streaming discord_desktop_core@1 to /home/james/.config/discord/0.0.95/modules/pending/discord_desktop_core-1.zip: 34%
5/25/2025, 6:41:12 PM GMT+8 [Modules] Streaming discord_desktop_core@1 to /home/james/.config/discord/0.0.95/modules/pending/discord_desktop_core-1.zip: 35%
5/25/2025, 6:41:12 PM GMT+8 [Modules] Streaming discord_desktop_core@1 to /home/james/.config/discord/0.0.95/modules/pending/discord_desktop_core-1.zip: 36%
5/25/2025, 6:41:12 PM GMT+8 [Modules] Streaming discord_desktop_core@1 to /home/james/.config/discord/0.0.95/modules/pending/discord_desktop_core-1.zip: 37%
5/25/2025, 6:41:12 PM GMT+8 [Modules] Streaming discord_desktop_core@1 to /home/james/.config/discord/0.0.95/modules/pending/discord_desktop_core-1.zip: 38%
5/25/2025, 6:41:12 PM GMT+8 [Modules] Streaming discord_desktop_core@1 to /home/james/.config/discord/0.0.95/modules/pending/discord_desktop_core-1.zip: 40%
5/25/2025, 6:41:12 PM GMT+8 [Modules] Streaming discord_desktop_core@1 to /home/james/.config/discord/0.0.95/modules/pending/discord_desktop_core-1.zip: 41%
5/25/2025, 6:41:12 PM GMT+8 [Modules] Streaming discord_desktop_core@1 to /home/james/.config/discord/0.0.95/modules/pending/discord_desktop_core-1.zip: 42%
5/25/2025, 6:41:12 PM GMT+8 [Modules] Streaming discord_desktop_core@1 to /home/james/.config/discord/0.0.95/modules/pending/discord_desktop_core-1.zip: 43%
5/25/2025, 6:41:12 PM GMT+8 [Modules] Streaming discord_desktop_core@1 to /home/james/.config/discord/0.0.95/modules/pending/discord_desktop_core-1.zip: 44%
5/25/2025, 6:41:12 PM GMT+8 [Modules] Streaming discord_desktop_core@1 to /home/james/.config/discord/0.0.95/modules/pending/discord_desktop_core-1.zip: 45%
5/25/2025, 6:41:12 PM GMT+8 [Modules] Streaming discord_desktop_core@1 to /home/james/.config/discord/0.0.95/modules/pending/discord_desktop_core-1.zip: 48%
5/25/2025, 6:41:12 PM GMT+8 [Modules] Streaming discord_desktop_core@1 to /home/james/.config/discord/0.0.95/modules/pending/discord_desktop_core-1.zip: 49%
5/25/2025, 6:41:12 PM GMT+8 [Modules] Streaming discord_desktop_core@1 to /home/james/.config/discord/0.0.95/modules/pending/discord_desktop_core-1.zip: 50%
5/25/2025, 6:41:12 PM GMT+8 [Modules] Streaming discord_desktop_core@1 to /home/james/.config/discord/0.0.95/modules/pending/discord_desktop_core-1.zip: 51%
5/25/2025, 6:41:12 PM GMT+8 [Modules] Streaming discord_desktop_core@1 to /home/james/.config/discord/0.0.95/modules/pending/discord_desktop_core-1.zip: 52%
5/25/2025, 6:41:12 PM GMT+8 [Modules] Streaming discord_desktop_core@1 to /home/james/.config/discord/0.0.95/modules/pending/discord_desktop_core-1.zip: 53%
5/25/2025, 6:41:12 PM GMT+8 [Modules] Streaming discord_desktop_core@1 to /home/james/.config/discord/0.0.95/modules/pending/discord_desktop_core-1.zip: 56%
5/25/2025, 6:41:12 PM GMT+8 [Modules] Streaming discord_desktop_core@1 to /home/james/.config/discord/0.0.95/modules/pending/discord_desktop_core-1.zip: 57%
5/25/2025, 6:41:12 PM GMT+8 [Modules] Streaming discord_desktop_core@1 to /home/james/.config/discord/0.0.95/modules/pending/discord_desktop_core-1.zip: 59%
5/25/2025, 6:41:12 PM GMT+8 [Modules] Streaming discord_desktop_core@1 to /home/james/.config/discord/0.0.95/modules/pending/discord_desktop_core-1.zip: 60%
5/25/2025, 6:41:12 PM GMT+8 [Modules] Streaming discord_desktop_core@1 to /home/james/.config/discord/0.0.95/modules/pending/discord_desktop_core-1.zip: 61%
5/25/2025, 6:41:12 PM GMT+8 [Modules] Streaming discord_desktop_core@1 to /home/james/.config/discord/0.0.95/modules/pending/discord_desktop_core-1.zip: 62%
5/25/2025, 6:41:12 PM GMT+8 [Modules] Streaming discord_desktop_core@1 to /home/james/.config/discord/0.0.95/modules/pending/discord_desktop_core-1.zip: 63%
5/25/2025, 6:41:12 PM GMT+8 [Modules] Streaming discord_desktop_core@1 to /home/james/.config/discord/0.0.95/modules/pending/discord_desktop_core-1.zip: 66%
5/25/2025, 6:41:12 PM GMT+8 [Modules] Streaming discord_desktop_core@1 to /home/james/.config/discord/0.0.95/modules/pending/discord_desktop_core-1.zip: 67%
5/25/2025, 6:41:12 PM GMT+8 [Modules] Streaming discord_desktop_core@1 to /home/james/.config/discord/0.0.95/modules/pending/discord_desktop_core-1.zip: 69%
5/25/2025, 6:41:12 PM GMT+8 [Modules] Streaming discord_desktop_core@1 to /home/james/.config/discord/0.0.95/modules/pending/discord_desktop_core-1.zip: 70%
5/25/2025, 6:41:12 PM GMT+8 [Modules] Streaming discord_desktop_core@1 to /home/james/.config/discord/0.0.95/modules/pending/discord_desktop_core-1.zip: 71%
5/25/2025, 6:41:12 PM GMT+8 [Modules] Streaming discord_desktop_core@1 to /home/james/.config/discord/0.0.95/modules/pending/discord_desktop_core-1.zip: 74%
5/25/2025, 6:41:12 PM GMT+8 [Modules] Streaming discord_desktop_core@1 to /home/james/.config/discord/0.0.95/modules/pending/discord_desktop_core-1.zip: 76%
5/25/2025, 6:41:12 PM GMT+8 [Modules] Streaming discord_desktop_core@1 to /home/james/.config/discord/0.0.95/modules/pending/discord_desktop_core-1.zip: 79%
5/25/2025, 6:41:12 PM GMT+8 [Modules] Streaming discord_desktop_core@1 to /home/james/.config/discord/0.0.95/modules/pending/discord_desktop_core-1.zip: 81%
5/25/2025, 6:41:12 PM GMT+8 [Modules] Streaming discord_desktop_core@1 to /home/james/.config/discord/0.0.95/modules/pending/discord_desktop_core-1.zip: 84%
5/25/2025, 6:41:12 PM GMT+8 [Modules] Streaming discord_desktop_core@1 to /home/james/.config/discord/0.0.95/modules/pending/discord_desktop_core-1.zip: 86%
5/25/2025, 6:41:12 PM GMT+8 [Modules] Streaming discord_desktop_core@1 to /home/james/.config/discord/0.0.95/modules/pending/discord_desktop_core-1.zip: 88%
5/25/2025, 6:41:12 PM GMT+8 [Modules] Streaming discord_desktop_core@1 to /home/james/.config/discord/0.0.95/modules/pending/discord_desktop_core-1.zip: 90%
5/25/2025, 6:41:12 PM GMT+8 [Modules] Streaming discord_desktop_core@1 to /home/james/.config/discord/0.0.95/modules/pending/discord_desktop_core-1.zip: 91%
5/25/2025, 6:41:12 PM GMT+8 [Modules] Streaming discord_desktop_core@1 to /home/james/.config/discord/0.0.95/modules/pending/discord_desktop_core-1.zip: 93%
5/25/2025, 6:41:12 PM GMT+8 [Modules] Streaming discord_desktop_core@1 to /home/james/.config/discord/0.0.95/modules/pending/discord_desktop_core-1.zip: 94%
5/25/2025, 6:41:12 PM GMT+8 [Modules] Streaming discord_desktop_core@1 to /home/james/.config/discord/0.0.95/modules/pending/discord_desktop_core-1.zip: 95%
5/25/2025, 6:41:12 PM GMT+8 [Modules] Streaming discord_desktop_core@1 to /home/james/.config/discord/0.0.95/modules/pending/discord_desktop_core-1.zip: 97%
5/25/2025, 6:41:12 PM GMT+8 [Modules] Streaming discord_desktop_core@1 to /home/james/.config/discord/0.0.95/modules/pending/discord_desktop_core-1.zip: 100%
5/25/2025, 6:41:12 PM GMT+8 [Modules] Fetching discord_erlpack@1 from https://discord.com/api/modules/stable/discord_erlpack/1
5/25/2025, 6:41:12 PM GMT+8 [Modules] Streaming discord_erlpack@1 to /home/james/.config/discord/0.0.95/modules/pending/discord_erlpack-1.zip
5/25/2025, 6:41:13 PM GMT+8 [Modules] Streaming discord_erlpack@1 to /home/james/.config/discord/0.0.95/modules/pending/discord_erlpack-1.zip: 2%
5/25/2025, 6:41:13 PM GMT+8 [Modules] Streaming discord_erlpack@1 to /home/james/.config/discord/0.0.95/modules/pending/discord_erlpack-1.zip: 4%
5/25/2025, 6:41:13 PM GMT+8 [Modules] Streaming discord_erlpack@1 to /home/james/.config/discord/0.0.95/modules/pending/discord_erlpack-1.zip: 7%
5/25/2025, 6:41:13 PM GMT+8 [Modules] Streaming discord_erlpack@1 to /home/james/.config/discord/0.0.95/modules/pending/discord_erlpack-1.zip: 8%
5/25/2025, 6:41:13 PM GMT+8 [Modules] Streaming discord_erlpack@1 to /home/james/.config/discord/0.0.95/modules/pending/discord_erlpack-1.zip: 11%
5/25/2025, 6:41:13 PM GMT+8 [Modules] Streaming discord_erlpack@1 to /home/james/.config/discord/0.0.95/modules/pending/discord_erlpack-1.zip: 12%
5/25/2025, 6:41:13 PM GMT+8 [Modules] Streaming discord_erlpack@1 to /home/james/.config/discord/0.0.95/modules/pending/discord_erlpack-1.zip: 16%
5/25/2025, 6:41:13 PM GMT+8 [Modules] Streaming discord_erlpack@1 to /home/james/.config/discord/0.0.95/modules/pending/discord_erlpack-1.zip: 19%
5/25/2025, 6:41:13 PM GMT+8 [Modules] Streaming discord_erlpack@1 to /home/james/.config/discord/0.0.95/modules/pending/discord_erlpack-1.zip: 20%
5/25/2025, 6:41:13 PM GMT+8 [Modules] Streaming discord_erlpack@1 to /home/james/.config/discord/0.0.95/modules/pending/discord_erlpack-1.zip: 23%
5/25/2025, 6:41:13 PM GMT+8 [Modules] Streaming discord_erlpack@1 to /home/james/.config/discord/0.0.95/modules/pending/discord_erlpack-1.zip: 24%
5/25/2025, 6:41:13 PM GMT+8 [Modules] Streaming discord_erlpack@1 to /home/james/.config/discord/0.0.95/modules/pending/discord_erlpack-1.zip: 27%
5/25/2025, 6:41:13 PM GMT+8 [Modules] Streaming discord_erlpack@1 to /home/james/.config/discord/0.0.95/modules/pending/discord_erlpack-1.zip: 29%
5/25/2025, 6:41:13 PM GMT+8 [Modules] Streaming discord_erlpack@1 to /home/james/.config/discord/0.0.95/modules/pending/discord_erlpack-1.zip: 32%
5/25/2025, 6:41:13 PM GMT+8 [Modules] Streaming discord_erlpack@1 to /home/james/.config/discord/0.0.95/modules/pending/discord_erlpack-1.zip: 33%
5/25/2025, 6:41:13 PM GMT+8 [Modules] Streaming discord_erlpack@1 to /home/james/.config/discord/0.0.95/modules/pending/discord_erlpack-1.zip: 35%
5/25/2025, 6:41:13 PM GMT+8 [Modules] Streaming discord_erlpack@1 to /home/james/.config/discord/0.0.95/modules/pending/discord_erlpack-1.zip: 37%
5/25/2025, 6:41:13 PM GMT+8 [Modules] Streaming discord_erlpack@1 to /home/james/.config/discord/0.0.95/modules/pending/discord_erlpack-1.zip: 40%
5/25/2025, 6:41:13 PM GMT+8 [Modules] Streaming discord_erlpack@1 to /home/james/.config/discord/0.0.95/modules/pending/discord_erlpack-1.zip: 41%
5/25/2025, 6:41:13 PM GMT+8 [Modules] Streaming discord_erlpack@1 to /home/james/.config/discord/0.0.95/modules/pending/discord_erlpack-1.zip: 44%
5/25/2025, 6:41:13 PM GMT+8 [Modules] Streaming discord_erlpack@1 to /home/james/.config/discord/0.0.95/modules/pending/discord_erlpack-1.zip: 45%
5/25/2025, 6:41:13 PM GMT+8 [Modules] Streaming discord_erlpack@1 to /home/james/.config/discord/0.0.95/modules/pending/discord_erlpack-1.zip: 48%
5/25/2025, 6:41:13 PM GMT+8 [Modules] Streaming discord_erlpack@1 to /home/james/.config/discord/0.0.95/modules/pending/discord_erlpack-1.zip: 51%
5/25/2025, 6:41:13 PM GMT+8 [Modules] Streaming discord_erlpack@1 to /home/james/.config/discord/0.0.95/modules/pending/discord_erlpack-1.zip: 52%
5/25/2025, 6:41:13 PM GMT+8 [Modules] Streaming discord_erlpack@1 to /home/james/.config/discord/0.0.95/modules/pending/discord_erlpack-1.zip: 55%
5/25/2025, 6:41:13 PM GMT+8 [Modules] Streaming discord_erlpack@1 to /home/james/.config/discord/0.0.95/modules/pending/discord_erlpack-1.zip: 56%
5/25/2025, 6:41:13 PM GMT+8 [Modules] Streaming discord_erlpack@1 to /home/james/.config/discord/0.0.95/modules/pending/discord_erlpack-1.zip: 59%
5/25/2025, 6:41:13 PM GMT+8 [Modules] Streaming discord_erlpack@1 to /home/james/.config/discord/0.0.95/modules/pending/discord_erlpack-1.zip: 60%
5/25/2025, 6:41:13 PM GMT+8 [Modules] Streaming discord_erlpack@1 to /home/james/.config/discord/0.0.95/modules/pending/discord_erlpack-1.zip: 63%
5/25/2025, 6:41:13 PM GMT+8 [Modules] Streaming discord_erlpack@1 to /home/james/.config/discord/0.0.95/modules/pending/discord_erlpack-1.zip: 64%
5/25/2025, 6:41:13 PM GMT+8 [Modules] Streaming discord_erlpack@1 to /home/james/.config/discord/0.0.95/modules/pending/discord_erlpack-1.zip: 67%
5/25/2025, 6:41:13 PM GMT+8 [Modules] Streaming discord_erlpack@1 to /home/james/.config/discord/0.0.95/modules/pending/discord_erlpack-1.zip: 69%
5/25/2025, 6:41:13 PM GMT+8 [Modules] Streaming discord_erlpack@1 to /home/james/.config/discord/0.0.95/modules/pending/discord_erlpack-1.zip: 72%
5/25/2025, 6:41:13 PM GMT+8 [Modules] Streaming discord_erlpack@1 to /home/james/.config/discord/0.0.95/modules/pending/discord_erlpack-1.zip: 75%
5/25/2025, 6:41:13 PM GMT+8 [Modules] Streaming discord_erlpack@1 to /home/james/.config/discord/0.0.95/modules/pending/discord_erlpack-1.zip: 77%
5/25/2025, 6:41:13 PM GMT+8 [Modules] Streaming discord_erlpack@1 to /home/james/.config/discord/0.0.95/modules/pending/discord_erlpack-1.zip: 80%
5/25/2025, 6:41:13 PM GMT+8 [Modules] Streaming discord_erlpack@1 to /home/james/.config/discord/0.0.95/modules/pending/discord_erlpack-1.zip: 81%
5/25/2025, 6:41:13 PM GMT+8 [Modules] Streaming discord_erlpack@1 to /home/james/.config/discord/0.0.95/modules/pending/discord_erlpack-1.zip: 84%
5/25/2025, 6:41:13 PM GMT+8 [Modules] Streaming discord_erlpack@1 to /home/james/.config/discord/0.0.95/modules/pending/discord_erlpack-1.zip: 85%
5/25/2025, 6:41:13 PM GMT+8 [Modules] Streaming discord_erlpack@1 to /home/james/.config/discord/0.0.95/modules/pending/discord_erlpack-1.zip: 88%
5/25/2025, 6:41:13 PM GMT+8 [Modules] Streaming discord_erlpack@1 to /home/james/.config/discord/0.0.95/modules/pending/discord_erlpack-1.zip: 90%
5/25/2025, 6:41:13 PM GMT+8 [Modules] Streaming discord_erlpack@1 to /home/james/.config/discord/0.0.95/modules/pending/discord_erlpack-1.zip: 91%
5/25/2025, 6:41:13 PM GMT+8 [Modules] Streaming discord_erlpack@1 to /home/james/.config/discord/0.0.95/modules/pending/discord_erlpack-1.zip: 94%
5/25/2025, 6:41:13 PM GMT+8 [Modules] Streaming discord_erlpack@1 to /home/james/.config/discord/0.0.95/modules/pending/discord_erlpack-1.zip: 95%
5/25/2025, 6:41:13 PM GMT+8 [Modules] Streaming discord_erlpack@1 to /home/james/.config/discord/0.0.95/modules/pending/discord_erlpack-1.zip: 98%
5/25/2025, 6:41:13 PM GMT+8 [Modules] Streaming discord_erlpack@1 to /home/james/.config/discord/0.0.95/modules/pending/discord_erlpack-1.zip: 100%
5/25/2025, 6:41:13 PM GMT+8 [Modules] Fetching discord_spellcheck@1 from https://discord.com/api/modules/stable/discord_spellcheck/1
5/25/2025, 6:41:13 PM GMT+8 [Modules] Streaming discord_spellcheck@1 to /home/james/.config/discord/0.0.95/modules/pending/discord_spellcheck-1.zip
5/25/2025, 6:41:13 PM GMT+8 [Modules] Streaming discord_spellcheck@1 to /home/james/.config/discord/0.0.95/modules/pending/discord_spellcheck-1.zip: 1%
5/25/2025, 6:41:13 PM GMT+8 [Modules] Streaming discord_spellcheck@1 to /home/james/.config/discord/0.0.95/modules/pending/discord_spellcheck-1.zip: 2%
5/25/2025, 6:41:13 PM GMT+8 [Modules] Streaming discord_spellcheck@1 to /home/james/.config/discord/0.0.95/modules/pending/discord_spellcheck-1.zip: 3%
5/25/2025, 6:41:13 PM GMT+8 [Modules] Streaming discord_spellcheck@1 to /home/james/.config/discord/0.0.95/modules/pending/discord_spellcheck-1.zip: 4%
5/25/2025, 6:41:14 PM GMT+8 [Modules] Streaming discord_spellcheck@1 to /home/james/.config/discord/0.0.95/modules/pending/discord_spellcheck-1.zip: 5%
5/25/2025, 6:41:14 PM GMT+8 [Modules] Streaming discord_spellcheck@1 to /home/james/.config/discord/0.0.95/modules/pending/discord_spellcheck-1.zip: 6%
5/25/2025, 6:41:14 PM GMT+8 [Modules] Streaming discord_spellcheck@1 to /home/james/.config/discord/0.0.95/modules/pending/discord_spellcheck-1.zip: 7%
5/25/2025, 6:41:14 PM GMT+8 [Modules] Streaming discord_spellcheck@1 to /home/james/.config/discord/0.0.95/modules/pending/discord_spellcheck-1.zip: 8%
5/25/2025, 6:41:14 PM GMT+8 [Modules] Streaming discord_spellcheck@1 to /home/james/.config/discord/0.0.95/modules/pending/discord_spellcheck-1.zip: 9%
5/25/2025, 6:41:14 PM GMT+8 [Modules] Streaming discord_spellcheck@1 to /home/james/.config/discord/0.0.95/modules/pending/discord_spellcheck-1.zip: 10%
5/25/2025, 6:41:14 PM GMT+8 [Modules] Streaming discord_spellcheck@1 to /home/james/.config/discord/0.0.95/modules/pending/discord_spellcheck-1.zip: 11%
5/25/2025, 6:41:14 PM GMT+8 [Modules] Streaming discord_spellcheck@1 to /home/james/.config/discord/0.0.95/modules/pending/discord_spellcheck-1.zip: 12%
5/25/2025, 6:41:14 PM GMT+8 [Modules] Streaming discord_spellcheck@1 to /home/james/.config/discord/0.0.95/modules/pending/discord_spellcheck-1.zip: 13%
5/25/2025, 6:41:14 PM GMT+8 [Modules] Streaming discord_spellcheck@1 to /home/james/.config/discord/0.0.95/modules/pending/discord_spellcheck-1.zip: 14%
5/25/2025, 6:41:14 PM GMT+8 [Modules] Streaming discord_spellcheck@1 to /home/james/.config/discord/0.0.95/modules/pending/discord_spellcheck-1.zip: 15%
5/25/2025, 6:41:14 PM GMT+8 [Modules] Streaming discord_spellcheck@1 to /home/james/.config/discord/0.0.95/modules/pending/discord_spellcheck-1.zip: 16%
5/25/2025, 6:41:14 PM GMT+8 [Modules] Streaming discord_spellcheck@1 to /home/james/.config/discord/0.0.95/modules/pending/discord_spellcheck-1.zip: 17%
5/25/2025, 6:41:14 PM GMT+8 [Modules] Streaming discord_spellcheck@1 to /home/james/.config/discord/0.0.95/modules/pending/discord_spellcheck-1.zip: 18%
5/25/2025, 6:41:14 PM GMT+8 [Modules] Streaming discord_spellcheck@1 to /home/james/.config/discord/0.0.95/modules/pending/discord_spellcheck-1.zip: 19%
5/25/2025, 6:41:14 PM GMT+8 [Modules] Streaming discord_spellcheck@1 to /home/james/.config/discord/0.0.95/modules/pending/discord_spellcheck-1.zip: 20%
5/25/2025, 6:41:14 PM GMT+8 [Modules] Streaming discord_spellcheck@1 to /home/james/.config/discord/0.0.95/modules/pending/discord_spellcheck-1.zip: 21%
5/25/2025, 6:41:14 PM GMT+8 [Modules] Streaming discord_spellcheck@1 to /home/james/.config/discord/0.0.95/modules/pending/discord_spellcheck-1.zip: 22%
5/25/2025, 6:41:14 PM GMT+8 [Modules] Streaming discord_spellcheck@1 to /home/james/.config/discord/0.0.95/modules/pending/discord_spellcheck-1.zip: 23%
5/25/2025, 6:41:14 PM GMT+8 [Modules] Streaming discord_spellcheck@1 to /home/james/.config/discord/0.0.95/modules/pending/discord_spellcheck-1.zip: 24%
5/25/2025, 6:41:14 PM GMT+8 [Modules] Streaming discord_spellcheck@1 to /home/james/.config/discord/0.0.95/modules/pending/discord_spellcheck-1.zip: 25%
5/25/2025, 6:41:14 PM GMT+8 [Modules] Streaming discord_spellcheck@1 to /home/james/.config/discord/0.0.95/modules/pending/discord_spellcheck-1.zip: 26%
5/25/2025, 6:41:14 PM GMT+8 [Modules] Streaming discord_spellcheck@1 to /home/james/.config/discord/0.0.95/modules/pending/discord_spellcheck-1.zip: 27%
5/25/2025, 6:41:14 PM GMT+8 [Modules] Streaming discord_spellcheck@1 to /home/james/.config/discord/0.0.95/modules/pending/discord_spellcheck-1.zip: 28%
5/25/2025, 6:41:14 PM GMT+8 [Modules] Streaming discord_spellcheck@1 to /home/james/.config/discord/0.0.95/modules/pending/discord_spellcheck-1.zip: 29%
5/25/2025, 6:41:14 PM GMT+8 [Modules] Streaming discord_spellcheck@1 to /home/james/.config/discord/0.0.95/modules/pending/discord_spellcheck-1.zip: 30%
5/25/2025, 6:41:14 PM GMT+8 [Modules] Streaming discord_spellcheck@1 to /home/james/.config/discord/0.0.95/modules/pending/discord_spellcheck-1.zip: 31%
5/25/2025, 6:41:14 PM GMT+8 [Modules] Streaming discord_spellcheck@1 to /home/james/.config/discord/0.0.95/modules/pending/discord_spellcheck-1.zip: 32%
5/25/2025, 6:41:14 PM GMT+8 [Modules] Streaming discord_spellcheck@1 to /home/james/.config/discord/0.0.95/modules/pending/discord_spellcheck-1.zip: 33%
5/25/2025, 6:41:14 PM GMT+8 [Modules] Streaming discord_spellcheck@1 to /home/james/.config/discord/0.0.95/modules/pending/discord_spellcheck-1.zip: 34%
5/25/2025, 6:41:14 PM GMT+8 [Modules] Streaming discord_spellcheck@1 to /home/james/.config/discord/0.0.95/modules/pending/discord_spellcheck-1.zip: 35%
5/25/2025, 6:41:14 PM GMT+8 [Modules] Streaming discord_spellcheck@1 to /home/james/.config/discord/0.0.95/modules/pending/discord_spellcheck-1.zip: 36%
5/25/2025, 6:41:14 PM GMT+8 [Modules] Streaming discord_spellcheck@1 to /home/james/.config/discord/0.0.95/modules/pending/discord_spellcheck-1.zip: 37%
5/25/2025, 6:41:14 PM GMT+8 [Modules] Streaming discord_spellcheck@1 to /home/james/.config/discord/0.0.95/modules/pending/discord_spellcheck-1.zip: 38%
5/25/2025, 6:41:14 PM GMT+8 [Modules] Streaming discord_spellcheck@1 to /home/james/.config/discord/0.0.95/modules/pending/discord_spellcheck-1.zip: 39%
5/25/2025, 6:41:14 PM GMT+8 [Modules] Streaming discord_spellcheck@1 to /home/james/.config/discord/0.0.95/modules/pending/discord_spellcheck-1.zip: 40%
5/25/2025, 6:41:14 PM GMT+8 [Modules] Streaming discord_spellcheck@1 to /home/james/.config/discord/0.0.95/modules/pending/discord_spellcheck-1.zip: 41%
5/25/2025, 6:41:14 PM GMT+8 [Modules] Streaming discord_spellcheck@1 to /home/james/.config/discord/0.0.95/modules/pending/discord_spellcheck-1.zip: 42%
5/25/2025, 6:41:14 PM GMT+8 [Modules] Streaming discord_spellcheck@1 to /home/james/.config/discord/0.0.95/modules/pending/discord_spellcheck-1.zip: 43%
5/25/2025, 6:41:14 PM GMT+8 [Modules] Streaming discord_spellcheck@1 to /home/james/.config/discord/0.0.95/modules/pending/discord_spellcheck-1.zip: 44%
5/25/2025, 6:41:14 PM GMT+8 [Modules] Streaming discord_spellcheck@1 to /home/james/.config/discord/0.0.95/modules/pending/discord_spellcheck-1.zip: 45%
5/25/2025, 6:41:14 PM GMT+8 [Modules] Streaming discord_spellcheck@1 to /home/james/.config/discord/0.0.95/modules/pending/discord_spellcheck-1.zip: 46%
5/25/2025, 6:41:14 PM GMT+8 [Modules] Streaming discord_spellcheck@1 to /home/james/.config/discord/0.0.95/modules/pending/discord_spellcheck-1.zip: 47%
5/25/2025, 6:41:14 PM GMT+8 [Modules] Streaming discord_spellcheck@1 to /home/james/.config/discord/0.0.95/modules/pending/discord_spellcheck-1.zip: 48%
5/25/2025, 6:41:14 PM GMT+8 [Modules] Streaming discord_spellcheck@1 to /home/james/.config/discord/0.0.95/modules/pending/discord_spellcheck-1.zip: 49%
5/25/2025, 6:41:14 PM GMT+8 [Modules] Streaming discord_spellcheck@1 to /home/james/.config/discord/0.0.95/modules/pending/discord_spellcheck-1.zip: 50%
5/25/2025, 6:41:14 PM GMT+8 [Modules] Streaming discord_spellcheck@1 to /home/james/.config/discord/0.0.95/modules/pending/discord_spellcheck-1.zip: 51%
5/25/2025, 6:41:14 PM GMT+8 [Modules] Streaming discord_spellcheck@1 to /home/james/.config/discord/0.0.95/modules/pending/discord_spellcheck-1.zip: 52%
5/25/2025, 6:41:14 PM GMT+8 [Modules] Streaming discord_spellcheck@1 to /home/james/.config/discord/0.0.95/modules/pending/discord_spellcheck-1.zip: 53%
5/25/2025, 6:41:14 PM GMT+8 [Modules] Streaming discord_spellcheck@1 to /home/james/.config/discord/0.0.95/modules/pending/discord_spellcheck-1.zip: 55%
5/25/2025, 6:41:14 PM GMT+8 [Modules] Streaming discord_spellcheck@1 to /home/james/.config/discord/0.0.95/modules/pending/discord_spellcheck-1.zip: 56%
5/25/2025, 6:41:14 PM GMT+8 [Modules] Streaming discord_spellcheck@1 to /home/james/.config/discord/0.0.95/modules/pending/discord_spellcheck-1.zip: 57%
5/25/2025, 6:41:14 PM GMT+8 [Modules] Streaming discord_spellcheck@1 to /home/james/.config/discord/0.0.95/modules/pending/discord_spellcheck-1.zip: 58%
5/25/2025, 6:41:14 PM GMT+8 [Modules] Streaming discord_spellcheck@1 to /home/james/.config/discord/0.0.95/modules/pending/discord_spellcheck-1.zip: 59%
5/25/2025, 6:41:14 PM GMT+8 [Modules] Streaming discord_spellcheck@1 to /home/james/.config/discord/0.0.95/modules/pending/discord_spellcheck-1.zip: 60%
5/25/2025, 6:41:14 PM GMT+8 [Modules] Streaming discord_spellcheck@1 to /home/james/.config/discord/0.0.95/modules/pending/discord_spellcheck-1.zip: 61%
5/25/2025, 6:41:14 PM GMT+8 [Modules] Streaming discord_spellcheck@1 to /home/james/.config/discord/0.0.95/modules/pending/discord_spellcheck-1.zip: 62%
5/25/2025, 6:41:14 PM GMT+8 [Modules] Streaming discord_spellcheck@1 to /home/james/.config/discord/0.0.95/modules/pending/discord_spellcheck-1.zip: 63%
5/25/2025, 6:41:14 PM GMT+8 [Modules] Streaming discord_spellcheck@1 to /home/james/.config/discord/0.0.95/modules/pending/discord_spellcheck-1.zip: 64%
5/25/2025, 6:41:14 PM GMT+8 [Modules] Streaming discord_spellcheck@1 to /home/james/.config/discord/0.0.95/modules/pending/discord_spellcheck-1.zip: 65%
5/25/2025, 6:41:14 PM GMT+8 [Modules] Streaming discord_spellcheck@1 to /home/james/.config/discord/0.0.95/modules/pending/discord_spellcheck-1.zip: 66%
5/25/2025, 6:41:14 PM GMT+8 [Modules] Streaming discord_spellcheck@1 to /home/james/.config/discord/0.0.95/modules/pending/discord_spellcheck-1.zip: 67%
5/25/2025, 6:41:14 PM GMT+8 [Modules] Streaming discord_spellcheck@1 to /home/james/.config/discord/0.0.95/modules/pending/discord_spellcheck-1.zip: 68%
5/25/2025, 6:41:14 PM GMT+8 [Modules] Streaming discord_spellcheck@1 to /home/james/.config/discord/0.0.95/modules/pending/discord_spellcheck-1.zip: 69%
5/25/2025, 6:41:14 PM GMT+8 [Modules] Streaming discord_spellcheck@1 to /home/james/.config/discord/0.0.95/modules/pending/discord_spellcheck-1.zip: 70%
5/25/2025, 6:41:14 PM GMT+8 [Modules] Streaming discord_spellcheck@1 to /home/james/.config/discord/0.0.95/modules/pending/discord_spellcheck-1.zip: 71%
5/25/2025, 6:41:14 PM GMT+8 [Modules] Streaming discord_spellcheck@1 to /home/james/.config/discord/0.0.95/modules/pending/discord_spellcheck-1.zip: 72%
5/25/2025, 6:41:14 PM GMT+8 [Modules] Streaming discord_spellcheck@1 to /home/james/.config/discord/0.0.95/modules/pending/discord_spellcheck-1.zip: 73%
5/25/2025, 6:41:14 PM GMT+8 [Modules] Streaming discord_spellcheck@1 to /home/james/.config/discord/0.0.95/modules/pending/discord_spellcheck-1.zip: 74%
5/25/2025, 6:41:14 PM GMT+8 [Modules] Streaming discord_spellcheck@1 to /home/james/.config/discord/0.0.95/modules/pending/discord_spellcheck-1.zip: 75%
5/25/2025, 6:41:14 PM GMT+8 [Modules] Streaming discord_spellcheck@1 to /home/james/.config/discord/0.0.95/modules/pending/discord_spellcheck-1.zip: 76%
5/25/2025, 6:41:14 PM GMT+8 [Modules] Streaming discord_spellcheck@1 to /home/james/.config/discord/0.0.95/modules/pending/discord_spellcheck-1.zip: 77%
5/25/2025, 6:41:14 PM GMT+8 [Modules] Streaming discord_spellcheck@1 to /home/james/.config/discord/0.0.95/modules/pending/discord_spellcheck-1.zip: 78%
5/25/2025, 6:41:14 PM GMT+8 [Modules] Streaming discord_spellcheck@1 to /home/james/.config/discord/0.0.95/modules/pending/discord_spellcheck-1.zip: 79%
5/25/2025, 6:41:14 PM GMT+8 [Modules] Streaming discord_spellcheck@1 to /home/james/.config/discord/0.0.95/modules/pending/discord_spellcheck-1.zip: 80%
5/25/2025, 6:41:14 PM GMT+8 [Modules] Streaming discord_spellcheck@1 to /home/james/.config/discord/0.0.95/modules/pending/discord_spellcheck-1.zip: 81%
5/25/2025, 6:41:14 PM GMT+8 [Modules] Streaming discord_spellcheck@1 to /home/james/.config/discord/0.0.95/modules/pending/discord_spellcheck-1.zip: 82%
5/25/2025, 6:41:14 PM GMT+8 [Modules] Streaming discord_spellcheck@1 to /home/james/.config/discord/0.0.95/modules/pending/discord_spellcheck-1.zip: 83%
5/25/2025, 6:41:14 PM GMT+8 [Modules] Streaming discord_spellcheck@1 to /home/james/.config/discord/0.0.95/modules/pending/discord_spellcheck-1.zip: 84%
5/25/2025, 6:41:14 PM GMT+8 [Modules] Streaming discord_spellcheck@1 to /home/james/.config/discord/0.0.95/modules/pending/discord_spellcheck-1.zip: 85%
5/25/2025, 6:41:14 PM GMT+8 [Modules] Streaming discord_spellcheck@1 to /home/james/.config/discord/0.0.95/modules/pending/discord_spellcheck-1.zip: 86%
5/25/2025, 6:41:14 PM GMT+8 [Modules] Streaming discord_spellcheck@1 to /home/james/.config/discord/0.0.95/modules/pending/discord_spellcheck-1.zip: 87%
5/25/2025, 6:41:14 PM GMT+8 [Modules] Streaming discord_spellcheck@1 to /home/james/.config/discord/0.0.95/modules/pending/discord_spellcheck-1.zip: 88%
5/25/2025, 6:41:14 PM GMT+8 [Modules] Streaming discord_spellcheck@1 to /home/james/.config/discord/0.0.95/modules/pending/discord_spellcheck-1.zip: 90%
5/25/2025, 6:41:14 PM GMT+8 [Modules] Streaming discord_spellcheck@1 to /home/james/.config/discord/0.0.95/modules/pending/discord_spellcheck-1.zip: 91%
5/25/2025, 6:41:14 PM GMT+8 [Modules] Streaming discord_spellcheck@1 to /home/james/.config/discord/0.0.95/modules/pending/discord_spellcheck-1.zip: 92%
5/25/2025, 6:41:14 PM GMT+8 [Modules] Streaming discord_spellcheck@1 to /home/james/.config/discord/0.0.95/modules/pending/discord_spellcheck-1.zip: 93%
5/25/2025, 6:41:14 PM GMT+8 [Modules] Streaming discord_spellcheck@1 to /home/james/.config/discord/0.0.95/modules/pending/discord_spellcheck-1.zip: 94%
5/25/2025, 6:41:14 PM GMT+8 [Modules] Streaming discord_spellcheck@1 to /home/james/.config/discord/0.0.95/modules/pending/discord_spellcheck-1.zip: 95%
5/25/2025, 6:41:14 PM GMT+8 [Modules] Streaming discord_spellcheck@1 to /home/james/.config/discord/0.0.95/modules/pending/discord_spellcheck-1.zip: 96%
5/25/2025, 6:41:14 PM GMT+8 [Modules] Streaming discord_spellcheck@1 to /home/james/.config/discord/0.0.95/modules/pending/discord_spellcheck-1.zip: 97%
5/25/2025, 6:41:14 PM GMT+8 [Modules] Streaming discord_spellcheck@1 to /home/james/.config/discord/0.0.95/modules/pending/discord_spellcheck-1.zip: 98%
5/25/2025, 6:41:14 PM GMT+8 [Modules] Streaming discord_spellcheck@1 to /home/james/.config/discord/0.0.95/modules/pending/discord_spellcheck-1.zip: 99%
5/25/2025, 6:41:14 PM GMT+8 [Modules] Streaming discord_spellcheck@1 to /home/james/.config/discord/0.0.95/modules/pending/discord_spellcheck-1.zip: 100%
5/25/2025, 6:41:14 PM GMT+8 [Modules] Fetching discord_utils@1 from https://discord.com/api/modules/stable/discord_utils/1
5/25/2025, 6:41:14 PM GMT+8 [Modules] Streaming discord_utils@1 to /home/james/.config/discord/0.0.95/modules/pending/discord_utils-1.zip
5/25/2025, 6:41:14 PM GMT+8 [Modules] Streaming discord_utils@1 to /home/james/.config/discord/0.0.95/modules/pending/discord_utils-1.zip: 2%
5/25/2025, 6:41:14 PM GMT+8 [Modules] Streaming discord_utils@1 to /home/james/.config/discord/0.0.95/modules/pending/discord_utils-1.zip: 3%
5/25/2025, 6:41:14 PM GMT+8 [Modules] Streaming discord_utils@1 to /home/james/.config/discord/0.0.95/modules/pending/discord_utils-1.zip: 4%
5/25/2025, 6:41:14 PM GMT+8 [Modules] Streaming discord_utils@1 to /home/james/.config/discord/0.0.95/modules/pending/discord_utils-1.zip: 5%
5/25/2025, 6:41:14 PM GMT+8 [Modules] Streaming discord_utils@1 to /home/james/.config/discord/0.0.95/modules/pending/discord_utils-1.zip: 7%
5/25/2025, 6:41:14 PM GMT+8 [Modules] Streaming discord_utils@1 to /home/james/.config/discord/0.0.95/modules/pending/discord_utils-1.zip: 8%
5/25/2025, 6:41:14 PM GMT+8 [Modules] Streaming discord_utils@1 to /home/james/.config/discord/0.0.95/modules/pending/discord_utils-1.zip: 10%
5/25/2025, 6:41:14 PM GMT+8 [Modules] Streaming discord_utils@1 to /home/james/.config/discord/0.0.95/modules/pending/discord_utils-1.zip: 11%
5/25/2025, 6:41:14 PM GMT+8 [Modules] Streaming discord_utils@1 to /home/james/.config/discord/0.0.95/modules/pending/discord_utils-1.zip: 12%
5/25/2025, 6:41:14 PM GMT+8 [Modules] Streaming discord_utils@1 to /home/james/.config/discord/0.0.95/modules/pending/discord_utils-1.zip: 14%
5/25/2025, 6:41:14 PM GMT+8 [Modules] Streaming discord_utils@1 to /home/james/.config/discord/0.0.95/modules/pending/discord_utils-1.zip: 15%
5/25/2025, 6:41:14 PM GMT+8 [Modules] Streaming discord_utils@1 to /home/james/.config/discord/0.0.95/modules/pending/discord_utils-1.zip: 19%
5/25/2025, 6:41:14 PM GMT+8 [Modules] Streaming discord_utils@1 to /home/james/.config/discord/0.0.95/modules/pending/discord_utils-1.zip: 21%
5/25/2025, 6:41:14 PM GMT+8 [Modules] Streaming discord_utils@1 to /home/james/.config/discord/0.0.95/modules/pending/discord_utils-1.zip: 23%
5/25/2025, 6:41:14 PM GMT+8 [Modules] Streaming discord_utils@1 to /home/james/.config/discord/0.0.95/modules/pending/discord_utils-1.zip: 25%
5/25/2025, 6:41:14 PM GMT+8 [Modules] Streaming discord_utils@1 to /home/james/.config/discord/0.0.95/modules/pending/discord_utils-1.zip: 26%
5/25/2025, 6:41:14 PM GMT+8 [Modules] Streaming discord_utils@1 to /home/james/.config/discord/0.0.95/modules/pending/discord_utils-1.zip: 28%
5/25/2025, 6:41:14 PM GMT+8 [Modules] Streaming discord_utils@1 to /home/james/.config/discord/0.0.95/modules/pending/discord_utils-1.zip: 29%
5/25/2025, 6:41:14 PM GMT+8 [Modules] Streaming discord_utils@1 to /home/james/.config/discord/0.0.95/modules/pending/discord_utils-1.zip: 31%
5/25/2025, 6:41:14 PM GMT+8 [Modules] Streaming discord_utils@1 to /home/james/.config/discord/0.0.95/modules/pending/discord_utils-1.zip: 34%
5/25/2025, 6:41:14 PM GMT+8 [Modules] Streaming discord_utils@1 to /home/james/.config/discord/0.0.95/modules/pending/discord_utils-1.zip: 35%
5/25/2025, 6:41:14 PM GMT+8 [Modules] Streaming discord_utils@1 to /home/james/.config/discord/0.0.95/modules/pending/discord_utils-1.zip: 37%
5/25/2025, 6:41:14 PM GMT+8 [Modules] Streaming discord_utils@1 to /home/james/.config/discord/0.0.95/modules/pending/discord_utils-1.zip: 40%
5/25/2025, 6:41:14 PM GMT+8 [Modules] Streaming discord_utils@1 to /home/james/.config/discord/0.0.95/modules/pending/discord_utils-1.zip: 43%
5/25/2025, 6:41:14 PM GMT+8 [Modules] Streaming discord_utils@1 to /home/james/.config/discord/0.0.95/modules/pending/discord_utils-1.zip: 46%
5/25/2025, 6:41:14 PM GMT+8 [Modules] Streaming discord_utils@1 to /home/james/.config/discord/0.0.95/modules/pending/discord_utils-1.zip: 49%
5/25/2025, 6:41:14 PM GMT+8 [Modules] Streaming discord_utils@1 to /home/james/.config/discord/0.0.95/modules/pending/discord_utils-1.zip: 51%
5/25/2025, 6:41:14 PM GMT+8 [Modules] Streaming discord_utils@1 to /home/james/.config/discord/0.0.95/modules/pending/discord_utils-1.zip: 54%
5/25/2025, 6:41:14 PM GMT+8 [Modules] Streaming discord_utils@1 to /home/james/.config/discord/0.0.95/modules/pending/discord_utils-1.zip: 58%
5/25/2025, 6:41:14 PM GMT+8 [Modules] Streaming discord_utils@1 to /home/james/.config/discord/0.0.95/modules/pending/discord_utils-1.zip: 60%
5/25/2025, 6:41:14 PM GMT+8 [Modules] Streaming discord_utils@1 to /home/james/.config/discord/0.0.95/modules/pending/discord_utils-1.zip: 64%
5/25/2025, 6:41:14 PM GMT+8 [Modules] Streaming discord_utils@1 to /home/james/.config/discord/0.0.95/modules/pending/discord_utils-1.zip: 66%
5/25/2025, 6:41:14 PM GMT+8 [Modules] Streaming discord_utils@1 to /home/james/.config/discord/0.0.95/modules/pending/discord_utils-1.zip: 68%
5/25/2025, 6:41:14 PM GMT+8 [Modules] Streaming discord_utils@1 to /home/james/.config/discord/0.0.95/modules/pending/discord_utils-1.zip: 70%
5/25/2025, 6:41:15 PM GMT+8 [Modules] Streaming discord_utils@1 to /home/james/.config/discord/0.0.95/modules/pending/discord_utils-1.zip: 71%
5/25/2025, 6:41:15 PM GMT+8 [Modules] Streaming discord_utils@1 to /home/james/.config/discord/0.0.95/modules/pending/discord_utils-1.zip: 73%
5/25/2025, 6:41:15 PM GMT+8 [Modules] Streaming discord_utils@1 to /home/james/.config/discord/0.0.95/modules/pending/discord_utils-1.zip: 75%
5/25/2025, 6:41:15 PM GMT+8 [Modules] Streaming discord_utils@1 to /home/james/.config/discord/0.0.95/modules/pending/discord_utils-1.zip: 76%
5/25/2025, 6:41:15 PM GMT+8 [Modules] Streaming discord_utils@1 to /home/james/.config/discord/0.0.95/modules/pending/discord_utils-1.zip: 78%
5/25/2025, 6:41:15 PM GMT+8 [Modules] Streaming discord_utils@1 to /home/james/.config/discord/0.0.95/modules/pending/discord_utils-1.zip: 80%
5/25/2025, 6:41:15 PM GMT+8 [Modules] Streaming discord_utils@1 to /home/james/.config/discord/0.0.95/modules/pending/discord_utils-1.zip: 81%
5/25/2025, 6:41:15 PM GMT+8 [Modules] Streaming discord_utils@1 to /home/james/.config/discord/0.0.95/modules/pending/discord_utils-1.zip: 82%
5/25/2025, 6:41:15 PM GMT+8 [Modules] Streaming discord_utils@1 to /home/james/.config/discord/0.0.95/modules/pending/discord_utils-1.zip: 83%
5/25/2025, 6:41:15 PM GMT+8 [Modules] Streaming discord_utils@1 to /home/james/.config/discord/0.0.95/modules/pending/discord_utils-1.zip: 84%
5/25/2025, 6:41:15 PM GMT+8 [Modules] Streaming discord_utils@1 to /home/james/.config/discord/0.0.95/modules/pending/discord_utils-1.zip: 86%
5/25/2025, 6:41:15 PM GMT+8 [Modules] Streaming discord_utils@1 to /home/james/.config/discord/0.0.95/modules/pending/discord_utils-1.zip: 88%
5/25/2025, 6:41:15 PM GMT+8 [Modules] Streaming discord_utils@1 to /home/james/.config/discord/0.0.95/modules/pending/discord_utils-1.zip: 89%
5/25/2025, 6:41:15 PM GMT+8 [Modules] Streaming discord_utils@1 to /home/james/.config/discord/0.0.95/modules/pending/discord_utils-1.zip: 91%
5/25/2025, 6:41:15 PM GMT+8 [Modules] Streaming discord_utils@1 to /home/james/.config/discord/0.0.95/modules/pending/discord_utils-1.zip: 92%
5/25/2025, 6:41:15 PM GMT+8 [Modules] Streaming discord_utils@1 to /home/james/.config/discord/0.0.95/modules/pending/discord_utils-1.zip: 94%
5/25/2025, 6:41:15 PM GMT+8 [Modules] Streaming discord_utils@1 to /home/james/.config/discord/0.0.95/modules/pending/discord_utils-1.zip: 96%
5/25/2025, 6:41:15 PM GMT+8 [Modules] Streaming discord_utils@1 to /home/james/.config/discord/0.0.95/modules/pending/discord_utils-1.zip: 98%
5/25/2025, 6:41:15 PM GMT+8 [Modules] Streaming discord_utils@1 to /home/james/.config/discord/0.0.95/modules/pending/discord_utils-1.zip: 100%
5/25/2025, 6:41:15 PM GMT+8 [Modules] Fetching discord_voice@1 from https://discord.com/api/modules/stable/discord_voice/1
5/25/2025, 6:41:15 PM GMT+8 [Modules] Streaming discord_voice@1 to /home/james/.config/discord/0.0.95/modules/pending/discord_voice-1.zip
5/25/2025, 6:41:15 PM GMT+8 [Modules] Streaming discord_voice@1 to /home/james/.config/discord/0.0.95/modules/pending/discord_voice-1.zip: 1%
5/25/2025, 6:41:15 PM GMT+8 [Modules] Streaming discord_voice@1 to /home/james/.config/discord/0.0.95/modules/pending/discord_voice-1.zip: 2%
5/25/2025, 6:41:15 PM GMT+8 [Modules] Streaming discord_voice@1 to /home/james/.config/discord/0.0.95/modules/pending/discord_voice-1.zip: 3%
5/25/2025, 6:41:15 PM GMT+8 [Modules] Streaming discord_voice@1 to /home/james/.config/discord/0.0.95/modules/pending/discord_voice-1.zip: 4%
5/25/2025, 6:41:15 PM GMT+8 [Modules] Streaming discord_voice@1 to /home/james/.config/discord/0.0.95/modules/pending/discord_voice-1.zip: 5%
5/25/2025, 6:41:15 PM GMT+8 [Modules] Streaming discord_voice@1 to /home/james/.config/discord/0.0.95/modules/pending/discord_voice-1.zip: 6%
5/25/2025, 6:41:15 PM GMT+8 [Modules] Streaming discord_voice@1 to /home/james/.config/discord/0.0.95/modules/pending/discord_voice-1.zip: 7%
5/25/2025, 6:41:15 PM GMT+8 [Modules] Streaming discord_voice@1 to /home/james/.config/discord/0.0.95/modules/pending/discord_voice-1.zip: 8%
5/25/2025, 6:41:15 PM GMT+8 [Modules] Streaming discord_voice@1 to /home/james/.config/discord/0.0.95/modules/pending/discord_voice-1.zip: 9%
5/25/2025, 6:41:15 PM GMT+8 [Modules] Streaming discord_voice@1 to /home/james/.config/discord/0.0.95/modules/pending/discord_voice-1.zip: 10%
5/25/2025, 6:41:15 PM GMT+8 [Modules] Streaming discord_voice@1 to /home/james/.config/discord/0.0.95/modules/pending/discord_voice-1.zip: 11%
5/25/2025, 6:41:15 PM GMT+8 [Modules] Streaming discord_voice@1 to /home/james/.config/discord/0.0.95/modules/pending/discord_voice-1.zip: 12%
5/25/2025, 6:41:15 PM GMT+8 [Modules] Streaming discord_voice@1 to /home/james/.config/discord/0.0.95/modules/pending/discord_voice-1.zip: 13%
5/25/2025, 6:41:15 PM GMT+8 [Modules] Streaming discord_voice@1 to /home/james/.config/discord/0.0.95/modules/pending/discord_voice-1.zip: 14%
5/25/2025, 6:41:15 PM GMT+8 [Modules] Streaming discord_voice@1 to /home/james/.config/discord/0.0.95/modules/pending/discord_voice-1.zip: 15%
5/25/2025, 6:41:15 PM GMT+8 [Modules] Streaming discord_voice@1 to /home/james/.config/discord/0.0.95/modules/pending/discord_voice-1.zip: 16%
5/25/2025, 6:41:15 PM GMT+8 [Modules] Streaming discord_voice@1 to /home/james/.config/discord/0.0.95/modules/pending/discord_voice-1.zip: 17%
5/25/2025, 6:41:15 PM GMT+8 [Modules] Streaming discord_voice@1 to /home/james/.config/discord/0.0.95/modules/pending/discord_voice-1.zip: 18%
5/25/2025, 6:41:15 PM GMT+8 [Modules] Streaming discord_voice@1 to /home/james/.config/discord/0.0.95/modules/pending/discord_voice-1.zip: 19%
5/25/2025, 6:41:15 PM GMT+8 [Modules] Streaming discord_voice@1 to /home/james/.config/discord/0.0.95/modules/pending/discord_voice-1.zip: 20%
5/25/2025, 6:41:15 PM GMT+8 [Modules] Streaming discord_voice@1 to /home/james/.config/discord/0.0.95/modules/pending/discord_voice-1.zip: 21%
5/25/2025, 6:41:15 PM GMT+8 [Modules] Streaming discord_voice@1 to /home/james/.config/discord/0.0.95/modules/pending/discord_voice-1.zip: 22%
5/25/2025, 6:41:15 PM GMT+8 [Modules] Streaming discord_voice@1 to /home/james/.config/discord/0.0.95/modules/pending/discord_voice-1.zip: 23%
5/25/2025, 6:41:15 PM GMT+8 [Modules] Streaming discord_voice@1 to /home/james/.config/discord/0.0.95/modules/pending/discord_voice-1.zip: 24%
5/25/2025, 6:41:15 PM GMT+8 [Modules] Streaming discord_voice@1 to /home/james/.config/discord/0.0.95/modules/pending/discord_voice-1.zip: 25%
5/25/2025, 6:41:15 PM GMT+8 [Modules] Streaming discord_voice@1 to /home/james/.config/discord/0.0.95/modules/pending/discord_voice-1.zip: 26%
5/25/2025, 6:41:15 PM GMT+8 [Modules] Streaming discord_voice@1 to /home/james/.config/discord/0.0.95/modules/pending/discord_voice-1.zip: 27%
5/25/2025, 6:41:15 PM GMT+8 [Modules] Streaming discord_voice@1 to /home/james/.config/discord/0.0.95/modules/pending/discord_voice-1.zip: 28%
5/25/2025, 6:41:15 PM GMT+8 [Modules] Streaming discord_voice@1 to /home/james/.config/discord/0.0.95/modules/pending/discord_voice-1.zip: 29%
5/25/2025, 6:41:15 PM GMT+8 [Modules] Streaming discord_voice@1 to /home/james/.config/discord/0.0.95/modules/pending/discord_voice-1.zip: 30%
5/25/2025, 6:41:15 PM GMT+8 [Modules] Streaming discord_voice@1 to /home/james/.config/discord/0.0.95/modules/pending/discord_voice-1.zip: 31%
5/25/2025, 6:41:15 PM GMT+8 [Modules] Streaming discord_voice@1 to /home/james/.config/discord/0.0.95/modules/pending/discord_voice-1.zip: 32%
5/25/2025, 6:41:15 PM GMT+8 [Modules] Streaming discord_voice@1 to /home/james/.config/discord/0.0.95/modules/pending/discord_voice-1.zip: 33%
5/25/2025, 6:41:15 PM GMT+8 [Modules] Streaming discord_voice@1 to /home/james/.config/discord/0.0.95/modules/pending/discord_voice-1.zip: 34%
5/25/2025, 6:41:15 PM GMT+8 [Modules] Streaming discord_voice@1 to /home/james/.config/discord/0.0.95/modules/pending/discord_voice-1.zip: 35%
5/25/2025, 6:41:15 PM GMT+8 [Modules] Streaming discord_voice@1 to /home/james/.config/discord/0.0.95/modules/pending/discord_voice-1.zip: 36%
5/25/2025, 6:41:15 PM GMT+8 [Modules] Streaming discord_voice@1 to /home/james/.config/discord/0.0.95/modules/pending/discord_voice-1.zip: 37%
5/25/2025, 6:41:15 PM GMT+8 [Modules] Streaming discord_voice@1 to /home/james/.config/discord/0.0.95/modules/pending/discord_voice-1.zip: 38%
5/25/2025, 6:41:15 PM GMT+8 [Modules] Streaming discord_voice@1 to /home/james/.config/discord/0.0.95/modules/pending/discord_voice-1.zip: 39%
5/25/2025, 6:41:15 PM GMT+8 [Modules] Streaming discord_voice@1 to /home/james/.config/discord/0.0.95/modules/pending/discord_voice-1.zip: 40%
5/25/2025, 6:41:15 PM GMT+8 [Modules] Streaming discord_voice@1 to /home/james/.config/discord/0.0.95/modules/pending/discord_voice-1.zip: 41%
5/25/2025, 6:41:15 PM GMT+8 [Modules] Streaming discord_voice@1 to /home/james/.config/discord/0.0.95/modules/pending/discord_voice-1.zip: 42%
5/25/2025, 6:41:15 PM GMT+8 [Modules] Streaming discord_voice@1 to /home/james/.config/discord/0.0.95/modules/pending/discord_voice-1.zip: 43%
5/25/2025, 6:41:15 PM GMT+8 [Modules] Streaming discord_voice@1 to /home/james/.config/discord/0.0.95/modules/pending/discord_voice-1.zip: 44%
5/25/2025, 6:41:15 PM GMT+8 [Modules] Streaming discord_voice@1 to /home/james/.config/discord/0.0.95/modules/pending/discord_voice-1.zip: 45%
5/25/2025, 6:41:15 PM GMT+8 [Modules] Streaming discord_voice@1 to /home/james/.config/discord/0.0.95/modules/pending/discord_voice-1.zip: 46%
5/25/2025, 6:41:15 PM GMT+8 [Modules] Streaming discord_voice@1 to /home/james/.config/discord/0.0.95/modules/pending/discord_voice-1.zip: 47%
5/25/2025, 6:41:15 PM GMT+8 [Modules] Streaming discord_voice@1 to /home/james/.config/discord/0.0.95/modules/pending/discord_voice-1.zip: 48%
5/25/2025, 6:41:15 PM GMT+8 [Modules] Streaming discord_voice@1 to /home/james/.config/discord/0.0.95/modules/pending/discord_voice-1.zip: 49%
5/25/2025, 6:41:15 PM GMT+8 [Modules] Streaming discord_voice@1 to /home/james/.config/discord/0.0.95/modules/pending/discord_voice-1.zip: 50%
5/25/2025, 6:41:15 PM GMT+8 [Modules] Streaming discord_voice@1 to /home/james/.config/discord/0.0.95/modules/pending/discord_voice-1.zip: 51%
5/25/2025, 6:41:15 PM GMT+8 [Modules] Streaming discord_voice@1 to /home/james/.config/discord/0.0.95/modules/pending/discord_voice-1.zip: 52%
5/25/2025, 6:41:15 PM GMT+8 [Modules] Streaming discord_voice@1 to /home/james/.config/discord/0.0.95/modules/pending/discord_voice-1.zip: 53%
5/25/2025, 6:41:15 PM GMT+8 [Modules] Streaming discord_voice@1 to /home/james/.config/discord/0.0.95/modules/pending/discord_voice-1.zip: 54%
5/25/2025, 6:41:15 PM GMT+8 [Modules] Streaming discord_voice@1 to /home/james/.config/discord/0.0.95/modules/pending/discord_voice-1.zip: 55%
5/25/2025, 6:41:15 PM GMT+8 [Modules] Streaming discord_voice@1 to /home/james/.config/discord/0.0.95/modules/pending/discord_voice-1.zip: 56%
5/25/2025, 6:41:15 PM GMT+8 [Modules] Streaming discord_voice@1 to /home/james/.config/discord/0.0.95/modules/pending/discord_voice-1.zip: 57%
5/25/2025, 6:41:15 PM GMT+8 [Modules] Streaming discord_voice@1 to /home/james/.config/discord/0.0.95/modules/pending/discord_voice-1.zip: 58%
5/25/2025, 6:41:15 PM GMT+8 [Modules] Streaming discord_voice@1 to /home/james/.config/discord/0.0.95/modules/pending/discord_voice-1.zip: 59%
5/25/2025, 6:41:15 PM GMT+8 [Modules] Streaming discord_voice@1 to /home/james/.config/discord/0.0.95/modules/pending/discord_voice-1.zip: 60%
5/25/2025, 6:41:15 PM GMT+8 [Modules] Streaming discord_voice@1 to /home/james/.config/discord/0.0.95/modules/pending/discord_voice-1.zip: 61%
5/25/2025, 6:41:15 PM GMT+8 [Modules] Streaming discord_voice@1 to /home/james/.config/discord/0.0.95/modules/pending/discord_voice-1.zip: 62%
5/25/2025, 6:41:16 PM GMT+8 [Modules] Streaming discord_voice@1 to /home/james/.config/discord/0.0.95/modules/pending/discord_voice-1.zip: 63%
5/25/2025, 6:41:16 PM GMT+8 [Modules] Streaming discord_voice@1 to /home/james/.config/discord/0.0.95/modules/pending/discord_voice-1.zip: 64%
5/25/2025, 6:41:16 PM GMT+8 [Modules] Streaming discord_voice@1 to /home/james/.config/discord/0.0.95/modules/pending/discord_voice-1.zip: 65%
5/25/2025, 6:41:16 PM GMT+8 [Modules] Streaming discord_voice@1 to /home/james/.config/discord/0.0.95/modules/pending/discord_voice-1.zip: 66%
5/25/2025, 6:41:16 PM GMT+8 [Modules] Streaming discord_voice@1 to /home/james/.config/discord/0.0.95/modules/pending/discord_voice-1.zip: 67%
5/25/2025, 6:41:16 PM GMT+8 [Modules] Streaming discord_voice@1 to /home/james/.config/discord/0.0.95/modules/pending/discord_voice-1.zip: 68%
5/25/2025, 6:41:16 PM GMT+8 [Modules] Streaming discord_voice@1 to /home/james/.config/discord/0.0.95/modules/pending/discord_voice-1.zip: 69%
5/25/2025, 6:41:16 PM GMT+8 [Modules] Streaming discord_voice@1 to /home/james/.config/discord/0.0.95/modules/pending/discord_voice-1.zip: 70%
5/25/2025, 6:41:16 PM GMT+8 [Modules] Streaming discord_voice@1 to /home/james/.config/discord/0.0.95/modules/pending/discord_voice-1.zip: 71%
5/25/2025, 6:41:16 PM GMT+8 [Modules] Streaming discord_voice@1 to /home/james/.config/discord/0.0.95/modules/pending/discord_voice-1.zip: 72%
5/25/2025, 6:41:16 PM GMT+8 [Modules] Streaming discord_voice@1 to /home/james/.config/discord/0.0.95/modules/pending/discord_voice-1.zip: 73%
5/25/2025, 6:41:16 PM GMT+8 [Modules] Streaming discord_voice@1 to /home/james/.config/discord/0.0.95/modules/pending/discord_voice-1.zip: 74%
5/25/2025, 6:41:16 PM GMT+8 [Modules] Streaming discord_voice@1 to /home/james/.config/discord/0.0.95/modules/pending/discord_voice-1.zip: 75%
5/25/2025, 6:41:16 PM GMT+8 [Modules] Streaming discord_voice@1 to /home/james/.config/discord/0.0.95/modules/pending/discord_voice-1.zip: 76%
5/25/2025, 6:41:16 PM GMT+8 [Modules] Streaming discord_voice@1 to /home/james/.config/discord/0.0.95/modules/pending/discord_voice-1.zip: 77%
5/25/2025, 6:41:16 PM GMT+8 [Modules] Streaming discord_voice@1 to /home/james/.config/discord/0.0.95/modules/pending/discord_voice-1.zip: 78%
5/25/2025, 6:41:16 PM GMT+8 [Modules] Streaming discord_voice@1 to /home/james/.config/discord/0.0.95/modules/pending/discord_voice-1.zip: 79%
5/25/2025, 6:41:16 PM GMT+8 [Modules] Streaming discord_voice@1 to /home/james/.config/discord/0.0.95/modules/pending/discord_voice-1.zip: 80%
5/25/2025, 6:41:16 PM GMT+8 [Modules] Streaming discord_voice@1 to /home/james/.config/discord/0.0.95/modules/pending/discord_voice-1.zip: 81%
5/25/2025, 6:41:16 PM GMT+8 [Modules] Streaming discord_voice@1 to /home/james/.config/discord/0.0.95/modules/pending/discord_voice-1.zip: 82%
5/25/2025, 6:41:16 PM GMT+8 [Modules] Streaming discord_voice@1 to /home/james/.config/discord/0.0.95/modules/pending/discord_voice-1.zip: 83%
5/25/2025, 6:41:16 PM GMT+8 [Modules] Streaming discord_voice@1 to /home/james/.config/discord/0.0.95/modules/pending/discord_voice-1.zip: 84%
5/25/2025, 6:41:16 PM GMT+8 [Modules] Streaming discord_voice@1 to /home/james/.config/discord/0.0.95/modules/pending/discord_voice-1.zip: 85%
5/25/2025, 6:41:16 PM GMT+8 [Modules] Streaming discord_voice@1 to /home/james/.config/discord/0.0.95/modules/pending/discord_voice-1.zip: 86%
5/25/2025, 6:41:16 PM GMT+8 [Modules] Streaming discord_voice@1 to /home/james/.config/discord/0.0.95/modules/pending/discord_voice-1.zip: 87%
5/25/2025, 6:41:16 PM GMT+8 [Modules] Streaming discord_voice@1 to /home/james/.config/discord/0.0.95/modules/pending/discord_voice-1.zip: 88%
5/25/2025, 6:41:16 PM GMT+8 [Modules] Streaming discord_voice@1 to /home/james/.config/discord/0.0.95/modules/pending/discord_voice-1.zip: 89%
5/25/2025, 6:41:16 PM GMT+8 [Modules] Streaming discord_voice@1 to /home/james/.config/discord/0.0.95/modules/pending/discord_voice-1.zip: 90%
5/25/2025, 6:41:16 PM GMT+8 [Modules] Streaming discord_voice@1 to /home/james/.config/discord/0.0.95/modules/pending/discord_voice-1.zip: 91%
5/25/2025, 6:41:16 PM GMT+8 [Modules] Streaming discord_voice@1 to /home/james/.config/discord/0.0.95/modules/pending/discord_voice-1.zip: 92%
5/25/2025, 6:41:16 PM GMT+8 [Modules] Streaming discord_voice@1 to /home/james/.config/discord/0.0.95/modules/pending/discord_voice-1.zip: 93%
5/25/2025, 6:41:16 PM GMT+8 [Modules] Streaming discord_voice@1 to /home/james/.config/discord/0.0.95/modules/pending/discord_voice-1.zip: 94%
5/25/2025, 6:41:16 PM GMT+8 [Modules] Streaming discord_voice@1 to /home/james/.config/discord/0.0.95/modules/pending/discord_voice-1.zip: 95%
5/25/2025, 6:41:16 PM GMT+8 [Modules] Streaming discord_voice@1 to /home/james/.config/discord/0.0.95/modules/pending/discord_voice-1.zip: 96%
5/25/2025, 6:41:16 PM GMT+8 [Modules] Streaming discord_voice@1 to /home/james/.config/discord/0.0.95/modules/pending/discord_voice-1.zip: 97%
5/25/2025, 6:41:16 PM GMT+8 [Modules] Streaming discord_voice@1 to /home/james/.config/discord/0.0.95/modules/pending/discord_voice-1.zip: 98%
5/25/2025, 6:41:16 PM GMT+8 [Modules] Streaming discord_voice@1 to /home/james/.config/discord/0.0.95/modules/pending/discord_voice-1.zip: 99%
5/25/2025, 6:41:16 PM GMT+8 [Modules] Streaming discord_voice@1 to /home/james/.config/discord/0.0.95/modules/pending/discord_voice-1.zip: 100%
5/25/2025, 6:41:16 PM GMT+8 [Modules] Fetching discord_zstd@1 from https://discord.com/api/modules/stable/discord_zstd/1
5/25/2025, 6:41:16 PM GMT+8 [Modules] Streaming discord_zstd@1 to /home/james/.config/discord/0.0.95/modules/pending/discord_zstd-1.zip
5/25/2025, 6:41:16 PM GMT+8 [Modules] Streaming discord_zstd@1 to /home/james/.config/discord/0.0.95/modules/pending/discord_zstd-1.zip: 5%
5/25/2025, 6:41:16 PM GMT+8 [Modules] Streaming discord_zstd@1 to /home/james/.config/discord/0.0.95/modules/pending/discord_zstd-1.zip: 16%
5/25/2025, 6:41:16 PM GMT+8 [Modules] Streaming discord_zstd@1 to /home/james/.config/discord/0.0.95/modules/pending/discord_zstd-1.zip: 33%
5/25/2025, 6:41:16 PM GMT+8 [Modules] Streaming discord_zstd@1 to /home/james/.config/discord/0.0.95/modules/pending/discord_zstd-1.zip: 50%
5/25/2025, 6:41:16 PM GMT+8 [Modules] Streaming discord_zstd@1 to /home/james/.config/discord/0.0.95/modules/pending/discord_zstd-1.zip: 67%
5/25/2025, 6:41:16 PM GMT+8 [Modules] Streaming discord_zstd@1 to /home/james/.config/discord/0.0.95/modules/pending/discord_zstd-1.zip: 84%
5/25/2025, 6:41:16 PM GMT+8 [Modules] Streaming discord_zstd@1 to /home/james/.config/discord/0.0.95/modules/pending/discord_zstd-1.zip: 100%
5/25/2025, 6:41:16 PM GMT+8 [Modules] Finished module downloads. [success: 6] [failure: 0]
5/25/2025, 6:41:16 PM GMT+8 [Modules] Installing updates...
5/25/2025, 6:41:16 PM GMT+8 [Modules] Installing discord_desktop_core@1 from /home/james/.config/discord/0.0.95/modules/pending/discord_desktop_core-1.zip
5/25/2025, 6:41:16 PM GMT+8 [Modules] Installing discord_erlpack@1 from /home/james/.config/discord/0.0.95/modules/pending/discord_erlpack-1.zip
5/25/2025, 6:41:16 PM GMT+8 [Modules] Installing discord_spellcheck@1 from /home/james/.config/discord/0.0.95/modules/pending/discord_spellcheck-1.zip
5/25/2025, 6:41:17 PM GMT+8 [Modules] Installing discord_utils@1 from /home/james/.config/discord/0.0.95/modules/pending/discord_utils-1.zip
5/25/2025, 6:41:17 PM GMT+8 [Modules] Installing discord_voice@1 from /home/james/.config/discord/0.0.95/modules/pending/discord_voice-1.zip
5/25/2025, 6:41:17 PM GMT+8 [Modules] Installing discord_zstd@1 from /home/james/.config/discord/0.0.95/modules/pending/discord_zstd-1.zip
5/25/2025, 6:41:17 PM GMT+8 [Modules] Finished module installations. [success: 6] [failure: 0]
5/25/2025, 6:41:17 PM GMT+8 [Modules] Checking for host updates.
5/25/2025, 6:41:18 PM GMT+8 [Modules] Host is up to date.
5/25/2025, 6:41:18 PM GMT+8 [Modules] Checking for module updates at https://discord.com/api/modules/stable/versions.json
5/25/2025, 6:41:18 PM GMT+8 [Modules] No module updates available.
5/25/2025, 6:41:23 PM GMT+8 [Modules] Starting to install discord_krisp...
5/25/2025, 6:41:23 PM GMT+8 [Modules] Fetching discord_krisp@1 from https://discord.com/api/modules/stable/discord_krisp/1
5/25/2025, 6:41:23 PM GMT+8 [Modules] Streaming discord_krisp@1 to /home/james/.config/discord/0.0.95/modules/pending/discord_krisp-1.zip
5/25/2025, 6:41:23 PM GMT+8 [Modules] Starting to install discord_game_utils...
5/25/2025, 6:41:24 PM GMT+8 [Modules] Streaming discord_krisp@1 to /home/james/.config/discord/0.0.95/modules/pending/discord_krisp-1.zip: 1%
5/25/2025, 6:41:24 PM GMT+8 [Modules] Streaming discord_krisp@1 to /home/james/.config/discord/0.0.95/modules/pending/discord_krisp-1.zip: 2%
5/25/2025, 6:41:24 PM GMT+8 [Modules] Streaming discord_krisp@1 to /home/james/.config/discord/0.0.95/modules/pending/discord_krisp-1.zip: 3%
5/25/2025, 6:41:24 PM GMT+8 [Modules] Streaming discord_krisp@1 to /home/james/.config/discord/0.0.95/modules/pending/discord_krisp-1.zip: 4%
5/25/2025, 6:41:24 PM GMT+8 [Modules] Streaming discord_krisp@1 to /home/james/.config/discord/0.0.95/modules/pending/discord_krisp-1.zip: 5%
5/25/2025, 6:41:24 PM GMT+8 [Modules] Streaming discord_krisp@1 to /home/james/.config/discord/0.0.95/modules/pending/discord_krisp-1.zip: 6%
5/25/2025, 6:41:24 PM GMT+8 [Modules] Streaming discord_krisp@1 to /home/james/.config/discord/0.0.95/modules/pending/discord_krisp-1.zip: 7%
5/25/2025, 6:41:24 PM GMT+8 [Modules] Streaming discord_krisp@1 to /home/james/.config/discord/0.0.95/modules/pending/discord_krisp-1.zip: 8%
5/25/2025, 6:41:24 PM GMT+8 [Modules] Streaming discord_krisp@1 to /home/james/.config/discord/0.0.95/modules/pending/discord_krisp-1.zip: 9%
5/25/2025, 6:41:24 PM GMT+8 [Modules] Streaming discord_krisp@1 to /home/james/.config/discord/0.0.95/modules/pending/discord_krisp-1.zip: 10%
5/25/2025, 6:41:24 PM GMT+8 [Modules] Streaming discord_krisp@1 to /home/james/.config/discord/0.0.95/modules/pending/discord_krisp-1.zip: 11%
5/25/2025, 6:41:24 PM GMT+8 [Modules] Streaming discord_krisp@1 to /home/james/.config/discord/0.0.95/modules/pending/discord_krisp-1.zip: 12%
5/25/2025, 6:41:24 PM GMT+8 [Modules] Streaming discord_krisp@1 to /home/james/.config/discord/0.0.95/modules/pending/discord_krisp-1.zip: 13%
5/25/2025, 6:41:24 PM GMT+8 [Modules] Streaming discord_krisp@1 to /home/james/.config/discord/0.0.95/modules/pending/discord_krisp-1.zip: 14%
5/25/2025, 6:41:24 PM GMT+8 [Modules] Streaming discord_krisp@1 to /home/james/.config/discord/0.0.95/modules/pending/discord_krisp-1.zip: 15%
5/25/2025, 6:41:24 PM GMT+8 [Modules] Streaming discord_krisp@1 to /home/james/.config/discord/0.0.95/modules/pending/discord_krisp-1.zip: 16%
5/25/2025, 6:41:24 PM GMT+8 [Modules] Streaming discord_krisp@1 to /home/james/.config/discord/0.0.95/modules/pending/discord_krisp-1.zip: 17%
5/25/2025, 6:41:24 PM GMT+8 [Modules] Streaming discord_krisp@1 to /home/james/.config/discord/0.0.95/modules/pending/discord_krisp-1.zip: 18%
5/25/2025, 6:41:24 PM GMT+8 [Modules] Streaming discord_krisp@1 to /home/james/.config/discord/0.0.95/modules/pending/discord_krisp-1.zip: 19%
5/25/2025, 6:41:24 PM GMT+8 [Modules] Streaming discord_krisp@1 to /home/james/.config/discord/0.0.95/modules/pending/discord_krisp-1.zip: 20%
5/25/2025, 6:41:24 PM GMT+8 [Modules] Streaming discord_krisp@1 to /home/james/.config/discord/0.0.95/modules/pending/discord_krisp-1.zip: 21%
5/25/2025, 6:41:24 PM GMT+8 [Modules] Streaming discord_krisp@1 to /home/james/.config/discord/0.0.95/modules/pending/discord_krisp-1.zip: 22%
5/25/2025, 6:41:24 PM GMT+8 [Modules] Streaming discord_krisp@1 to /home/james/.config/discord/0.0.95/modules/pending/discord_krisp-1.zip: 23%
5/25/2025, 6:41:24 PM GMT+8 [Modules] Streaming discord_krisp@1 to /home/james/.config/discord/0.0.95/modules/pending/discord_krisp-1.zip: 24%
5/25/2025, 6:41:24 PM GMT+8 [Modules] Streaming discord_krisp@1 to /home/james/.config/discord/0.0.95/modules/pending/discord_krisp-1.zip: 25%
5/25/2025, 6:41:24 PM GMT+8 [Modules] Streaming discord_krisp@1 to /home/james/.config/discord/0.0.95/modules/pending/discord_krisp-1.zip: 26%
5/25/2025, 6:41:24 PM GMT+8 [Modules] Streaming discord_krisp@1 to /home/james/.config/discord/0.0.95/modules/pending/discord_krisp-1.zip: 27%
5/25/2025, 6:41:24 PM GMT+8 [Modules] Streaming discord_krisp@1 to /home/james/.config/discord/0.0.95/modules/pending/discord_krisp-1.zip: 28%
5/25/2025, 6:41:24 PM GMT+8 [Modules] Streaming discord_krisp@1 to /home/james/.config/discord/0.0.95/modules/pending/discord_krisp-1.zip: 29%
5/25/2025, 6:41:24 PM GMT+8 [Modules] Streaming discord_krisp@1 to /home/james/.config/discord/0.0.95/modules/pending/discord_krisp-1.zip: 30%
5/25/2025, 6:41:24 PM GMT+8 [Modules] Streaming discord_krisp@1 to /home/james/.config/discord/0.0.95/modules/pending/discord_krisp-1.zip: 31%
5/25/2025, 6:41:24 PM GMT+8 [Modules] Streaming discord_krisp@1 to /home/james/.config/discord/0.0.95/modules/pending/discord_krisp-1.zip: 32%
5/25/2025, 6:41:24 PM GMT+8 [Modules] Streaming discord_krisp@1 to /home/james/.config/discord/0.0.95/modules/pending/discord_krisp-1.zip: 33%
5/25/2025, 6:41:24 PM GMT+8 [Modules] Streaming discord_krisp@1 to /home/james/.config/discord/0.0.95/modules/pending/discord_krisp-1.zip: 34%
5/25/2025, 6:41:24 PM GMT+8 [Modules] Streaming discord_krisp@1 to /home/james/.config/discord/0.0.95/modules/pending/discord_krisp-1.zip: 35%
5/25/2025, 6:41:24 PM GMT+8 [Modules] Streaming discord_krisp@1 to /home/james/.config/discord/0.0.95/modules/pending/discord_krisp-1.zip: 36%
5/25/2025, 6:41:24 PM GMT+8 [Modules] Streaming discord_krisp@1 to /home/james/.config/discord/0.0.95/modules/pending/discord_krisp-1.zip: 37%
5/25/2025, 6:41:24 PM GMT+8 [Modules] Streaming discord_krisp@1 to /home/james/.config/discord/0.0.95/modules/pending/discord_krisp-1.zip: 38%
5/25/2025, 6:41:24 PM GMT+8 [Modules] Streaming discord_krisp@1 to /home/james/.config/discord/0.0.95/modules/pending/discord_krisp-1.zip: 39%
5/25/2025, 6:41:24 PM GMT+8 [Modules] Streaming discord_krisp@1 to /home/james/.config/discord/0.0.95/modules/pending/discord_krisp-1.zip: 40%
5/25/2025, 6:41:24 PM GMT+8 [Modules] Streaming discord_krisp@1 to /home/james/.config/discord/0.0.95/modules/pending/discord_krisp-1.zip: 41%
5/25/2025, 6:41:24 PM GMT+8 [Modules] Streaming discord_krisp@1 to /home/james/.config/discord/0.0.95/modules/pending/discord_krisp-1.zip: 42%
5/25/2025, 6:41:24 PM GMT+8 [Modules] Streaming discord_krisp@1 to /home/james/.config/discord/0.0.95/modules/pending/discord_krisp-1.zip: 43%
5/25/2025, 6:41:24 PM GMT+8 [Modules] Streaming discord_krisp@1 to /home/james/.config/discord/0.0.95/modules/pending/discord_krisp-1.zip: 44%
5/25/2025, 6:41:24 PM GMT+8 [Modules] Streaming discord_krisp@1 to /home/james/.config/discord/0.0.95/modules/pending/discord_krisp-1.zip: 45%
5/25/2025, 6:41:24 PM GMT+8 [Modules] Streaming discord_krisp@1 to /home/james/.config/discord/0.0.95/modules/pending/discord_krisp-1.zip: 46%
5/25/2025, 6:41:24 PM GMT+8 [Modules] Streaming discord_krisp@1 to /home/james/.config/discord/0.0.95/modules/pending/discord_krisp-1.zip: 47%
5/25/2025, 6:41:24 PM GMT+8 [Modules] Streaming discord_krisp@1 to /home/james/.config/discord/0.0.95/modules/pending/discord_krisp-1.zip: 48%
5/25/2025, 6:41:24 PM GMT+8 [Modules] Streaming discord_krisp@1 to /home/james/.config/discord/0.0.95/modules/pending/discord_krisp-1.zip: 49%
5/25/2025, 6:41:24 PM GMT+8 [Modules] Streaming discord_krisp@1 to /home/james/.config/discord/0.0.95/modules/pending/discord_krisp-1.zip: 50%
5/25/2025, 6:41:24 PM GMT+8 [Modules] Streaming discord_krisp@1 to /home/james/.config/discord/0.0.95/modules/pending/discord_krisp-1.zip: 51%
5/25/2025, 6:41:24 PM GMT+8 [Modules] Streaming discord_krisp@1 to /home/james/.config/discord/0.0.95/modules/pending/discord_krisp-1.zip: 52%
5/25/2025, 6:41:24 PM GMT+8 [Modules] Streaming discord_krisp@1 to /home/james/.config/discord/0.0.95/modules/pending/discord_krisp-1.zip: 53%
5/25/2025, 6:41:24 PM GMT+8 [Modules] Streaming discord_krisp@1 to /home/james/.config/discord/0.0.95/modules/pending/discord_krisp-1.zip: 54%
5/25/2025, 6:41:24 PM GMT+8 [Modules] Streaming discord_krisp@1 to /home/james/.config/discord/0.0.95/modules/pending/discord_krisp-1.zip: 55%
5/25/2025, 6:41:24 PM GMT+8 [Modules] Streaming discord_krisp@1 to /home/james/.config/discord/0.0.95/modules/pending/discord_krisp-1.zip: 56%
5/25/2025, 6:41:24 PM GMT+8 [Modules] Streaming discord_krisp@1 to /home/james/.config/discord/0.0.95/modules/pending/discord_krisp-1.zip: 57%
5/25/2025, 6:41:24 PM GMT+8 [Modules] Starting to install discord_rpc...
5/25/2025, 6:41:24 PM GMT+8 [Modules] Streaming discord_krisp@1 to /home/james/.config/discord/0.0.95/modules/pending/discord_krisp-1.zip: 58%
5/25/2025, 6:41:24 PM GMT+8 [Modules] Streaming discord_krisp@1 to /home/james/.config/discord/0.0.95/modules/pending/discord_krisp-1.zip: 59%
5/25/2025, 6:41:24 PM GMT+8 [Modules] Streaming discord_krisp@1 to /home/james/.config/discord/0.0.95/modules/pending/discord_krisp-1.zip: 60%
5/25/2025, 6:41:24 PM GMT+8 [Modules] Streaming discord_krisp@1 to /home/james/.config/discord/0.0.95/modules/pending/discord_krisp-1.zip: 61%
5/25/2025, 6:41:24 PM GMT+8 [Modules] Streaming discord_krisp@1 to /home/james/.config/discord/0.0.95/modules/pending/discord_krisp-1.zip: 62%
5/25/2025, 6:41:24 PM GMT+8 [Modules] Streaming discord_krisp@1 to /home/james/.config/discord/0.0.95/modules/pending/discord_krisp-1.zip: 63%
5/25/2025, 6:41:25 PM GMT+8 [Modules] Streaming discord_krisp@1 to /home/james/.config/discord/0.0.95/modules/pending/discord_krisp-1.zip: 64%
5/25/2025, 6:41:25 PM GMT+8 [Modules] Streaming discord_krisp@1 to /home/james/.config/discord/0.0.95/modules/pending/discord_krisp-1.zip: 65%
5/25/2025, 6:41:25 PM GMT+8 [Modules] Streaming discord_krisp@1 to /home/james/.config/discord/0.0.95/modules/pending/discord_krisp-1.zip: 66%
5/25/2025, 6:41:25 PM GMT+8 [Modules] Streaming discord_krisp@1 to /home/james/.config/discord/0.0.95/modules/pending/discord_krisp-1.zip: 67%
5/25/2025, 6:41:25 PM GMT+8 [Modules] Streaming discord_krisp@1 to /home/james/.config/discord/0.0.95/modules/pending/discord_krisp-1.zip: 68%
5/25/2025, 6:41:25 PM GMT+8 [Modules] Streaming discord_krisp@1 to /home/james/.config/discord/0.0.95/modules/pending/discord_krisp-1.zip: 69%
5/25/2025, 6:41:25 PM GMT+8 [Modules] Streaming discord_krisp@1 to /home/james/.config/discord/0.0.95/modules/pending/discord_krisp-1.zip: 70%
5/25/2025, 6:41:25 PM GMT+8 [Modules] Streaming discord_krisp@1 to /home/james/.config/discord/0.0.95/modules/pending/discord_krisp-1.zip: 71%
5/25/2025, 6:41:25 PM GMT+8 [Modules] Streaming discord_krisp@1 to /home/james/.config/discord/0.0.95/modules/pending/discord_krisp-1.zip: 72%
5/25/2025, 6:41:25 PM GMT+8 [Modules] Streaming discord_krisp@1 to /home/james/.config/discord/0.0.95/modules/pending/discord_krisp-1.zip: 73%
5/25/2025, 6:41:25 PM GMT+8 [Modules] Streaming discord_krisp@1 to /home/james/.config/discord/0.0.95/modules/pending/discord_krisp-1.zip: 74%
5/25/2025, 6:41:25 PM GMT+8 [Modules] Streaming discord_krisp@1 to /home/james/.config/discord/0.0.95/modules/pending/discord_krisp-1.zip: 75%
5/25/2025, 6:41:25 PM GMT+8 [Modules] Streaming discord_krisp@1 to /home/james/.config/discord/0.0.95/modules/pending/discord_krisp-1.zip: 76%
5/25/2025, 6:41:25 PM GMT+8 [Modules] Streaming discord_krisp@1 to /home/james/.config/discord/0.0.95/modules/pending/discord_krisp-1.zip: 77%
5/25/2025, 6:41:25 PM GMT+8 [Modules] Streaming discord_krisp@1 to /home/james/.config/discord/0.0.95/modules/pending/discord_krisp-1.zip: 78%
5/25/2025, 6:41:25 PM GMT+8 [Modules] Streaming discord_krisp@1 to /home/james/.config/discord/0.0.95/modules/pending/discord_krisp-1.zip: 79%
5/25/2025, 6:41:25 PM GMT+8 [Modules] Streaming discord_krisp@1 to /home/james/.config/discord/0.0.95/modules/pending/discord_krisp-1.zip: 80%
5/25/2025, 6:41:25 PM GMT+8 [Modules] Streaming discord_krisp@1 to /home/james/.config/discord/0.0.95/modules/pending/discord_krisp-1.zip: 81%
5/25/2025, 6:41:25 PM GMT+8 [Modules] Streaming discord_krisp@1 to /home/james/.config/discord/0.0.95/modules/pending/discord_krisp-1.zip: 82%
5/25/2025, 6:41:25 PM GMT+8 [Modules] Streaming discord_krisp@1 to /home/james/.config/discord/0.0.95/modules/pending/discord_krisp-1.zip: 83%
5/25/2025, 6:41:25 PM GMT+8 [Modules] Streaming discord_krisp@1 to /home/james/.config/discord/0.0.95/modules/pending/discord_krisp-1.zip: 84%
5/25/2025, 6:41:25 PM GMT+8 [Modules] Streaming discord_krisp@1 to /home/james/.config/discord/0.0.95/modules/pending/discord_krisp-1.zip: 85%
5/25/2025, 6:41:25 PM GMT+8 [Modules] Streaming discord_krisp@1 to /home/james/.config/discord/0.0.95/modules/pending/discord_krisp-1.zip: 86%
5/25/2025, 6:41:25 PM GMT+8 [Modules] Streaming discord_krisp@1 to /home/james/.config/discord/0.0.95/modules/pending/discord_krisp-1.zip: 87%
5/25/2025, 6:41:25 PM GMT+8 [Modules] Streaming discord_krisp@1 to /home/james/.config/discord/0.0.95/modules/pending/discord_krisp-1.zip: 88%
5/25/2025, 6:41:25 PM GMT+8 [Modules] Streaming discord_krisp@1 to /home/james/.config/discord/0.0.95/modules/pending/discord_krisp-1.zip: 89%
5/25/2025, 6:41:25 PM GMT+8 [Modules] Streaming discord_krisp@1 to /home/james/.config/discord/0.0.95/modules/pending/discord_krisp-1.zip: 90%
5/25/2025, 6:41:25 PM GMT+8 [Modules] Streaming discord_krisp@1 to /home/james/.config/discord/0.0.95/modules/pending/discord_krisp-1.zip: 91%
5/25/2025, 6:41:25 PM GMT+8 [Modules] Streaming discord_krisp@1 to /home/james/.config/discord/0.0.95/modules/pending/discord_krisp-1.zip: 92%
5/25/2025, 6:41:25 PM GMT+8 [Modules] Streaming discord_krisp@1 to /home/james/.config/discord/0.0.95/modules/pending/discord_krisp-1.zip: 93%
5/25/2025, 6:41:25 PM GMT+8 [Modules] Streaming discord_krisp@1 to /home/james/.config/discord/0.0.95/modules/pending/discord_krisp-1.zip: 94%
5/25/2025, 6:41:25 PM GMT+8 [Modules] Streaming discord_krisp@1 to /home/james/.config/discord/0.0.95/modules/pending/discord_krisp-1.zip: 95%
5/25/2025, 6:41:25 PM GMT+8 [Modules] Streaming discord_krisp@1 to /home/james/.config/discord/0.0.95/modules/pending/discord_krisp-1.zip: 96%
5/25/2025, 6:41:25 PM GMT+8 [Modules] Streaming discord_krisp@1 to /home/james/.config/discord/0.0.95/modules/pending/discord_krisp-1.zip: 97%
5/25/2025, 6:41:25 PM GMT+8 [Modules] Streaming discord_krisp@1 to /home/james/.config/discord/0.0.95/modules/pending/discord_krisp-1.zip: 98%
5/25/2025, 6:41:25 PM GMT+8 [Modules] Streaming discord_krisp@1 to /home/james/.config/discord/0.0.95/modules/pending/discord_krisp-1.zip: 99%
5/25/2025, 6:41:25 PM GMT+8 [Modules] Streaming discord_krisp@1 to /home/james/.config/discord/0.0.95/modules/pending/discord_krisp-1.zip: 100%
5/25/2025, 6:41:25 PM GMT+8 [Modules] Fetching discord_game_utils@1 from https://discord.com/api/modules/stable/discord_game_utils/1
5/25/2025, 6:41:25 PM GMT+8 [Modules] Streaming discord_game_utils@1 to /home/james/.config/discord/0.0.95/modules/pending/discord_game_utils-1.zip
5/25/2025, 6:41:25 PM GMT+8 [Modules] Installing discord_krisp@1 from /home/james/.config/discord/0.0.95/modules/pending/discord_krisp-1.zip
5/25/2025, 6:41:25 PM GMT+8 [Modules] Finished module installations. [success: 1] [failure: 0]
5/25/2025, 6:41:26 PM GMT+8 [Modules] Streaming discord_game_utils@1 to /home/james/.config/discord/0.0.95/modules/pending/discord_game_utils-1.zip: 1%
5/25/2025, 6:41:26 PM GMT+8 [Modules] Streaming discord_game_utils@1 to /home/james/.config/discord/0.0.95/modules/pending/discord_game_utils-1.zip: 2%
5/25/2025, 6:41:26 PM GMT+8 [Modules] Streaming discord_game_utils@1 to /home/james/.config/discord/0.0.95/modules/pending/discord_game_utils-1.zip: 4%
5/25/2025, 6:41:26 PM GMT+8 [Modules] Streaming discord_game_utils@1 to /home/james/.config/discord/0.0.95/modules/pending/discord_game_utils-1.zip: 7%
5/25/2025, 6:41:26 PM GMT+8 [Modules] Streaming discord_game_utils@1 to /home/james/.config/discord/0.0.95/modules/pending/discord_game_utils-1.zip: 9%
5/25/2025, 6:41:26 PM GMT+8 [Modules] Streaming discord_game_utils@1 to /home/james/.config/discord/0.0.95/modules/pending/discord_game_utils-1.zip: 10%
5/25/2025, 6:41:26 PM GMT+8 [Modules] Streaming discord_game_utils@1 to /home/james/.config/discord/0.0.95/modules/pending/discord_game_utils-1.zip: 12%
5/25/2025, 6:41:26 PM GMT+8 [Modules] Streaming discord_game_utils@1 to /home/james/.config/discord/0.0.95/modules/pending/discord_game_utils-1.zip: 14%
5/25/2025, 6:41:26 PM GMT+8 [Modules] Streaming discord_game_utils@1 to /home/james/.config/discord/0.0.95/modules/pending/discord_game_utils-1.zip: 15%
5/25/2025, 6:41:26 PM GMT+8 [Modules] Streaming discord_game_utils@1 to /home/james/.config/discord/0.0.95/modules/pending/discord_game_utils-1.zip: 17%
5/25/2025, 6:41:26 PM GMT+8 [Modules] Streaming discord_game_utils@1 to /home/james/.config/discord/0.0.95/modules/pending/discord_game_utils-1.zip: 18%
5/25/2025, 6:41:26 PM GMT+8 [Modules] Streaming discord_game_utils@1 to /home/james/.config/discord/0.0.95/modules/pending/discord_game_utils-1.zip: 20%
5/25/2025, 6:41:26 PM GMT+8 [Modules] Streaming discord_game_utils@1 to /home/james/.config/discord/0.0.95/modules/pending/discord_game_utils-1.zip: 22%
5/25/2025, 6:41:26 PM GMT+8 [Modules] Streaming discord_game_utils@1 to /home/james/.config/discord/0.0.95/modules/pending/discord_game_utils-1.zip: 24%
5/25/2025, 6:41:26 PM GMT+8 [Modules] Streaming discord_game_utils@1 to /home/james/.config/discord/0.0.95/modules/pending/discord_game_utils-1.zip: 26%
5/25/2025, 6:41:26 PM GMT+8 [Modules] Streaming discord_game_utils@1 to /home/james/.config/discord/0.0.95/modules/pending/discord_game_utils-1.zip: 28%
5/25/2025, 6:41:26 PM GMT+8 [Modules] Streaming discord_game_utils@1 to /home/james/.config/discord/0.0.95/modules/pending/discord_game_utils-1.zip: 29%
5/25/2025, 6:41:26 PM GMT+8 [Modules] Streaming discord_game_utils@1 to /home/james/.config/discord/0.0.95/modules/pending/discord_game_utils-1.zip: 31%
5/25/2025, 6:41:26 PM GMT+8 [Modules] Streaming discord_game_utils@1 to /home/james/.config/discord/0.0.95/modules/pending/discord_game_utils-1.zip: 33%
5/25/2025, 6:41:26 PM GMT+8 [Modules] Streaming discord_game_utils@1 to /home/james/.config/discord/0.0.95/modules/pending/discord_game_utils-1.zip: 35%
5/25/2025, 6:41:26 PM GMT+8 [Modules] Streaming discord_game_utils@1 to /home/james/.config/discord/0.0.95/modules/pending/discord_game_utils-1.zip: 37%
5/25/2025, 6:41:26 PM GMT+8 [Modules] Streaming discord_game_utils@1 to /home/james/.config/discord/0.0.95/modules/pending/discord_game_utils-1.zip: 38%
5/25/2025, 6:41:26 PM GMT+8 [Modules] Streaming discord_game_utils@1 to /home/james/.config/discord/0.0.95/modules/pending/discord_game_utils-1.zip: 40%
5/25/2025, 6:41:26 PM GMT+8 [Modules] Streaming discord_game_utils@1 to /home/james/.config/discord/0.0.95/modules/pending/discord_game_utils-1.zip: 43%
5/25/2025, 6:41:26 PM GMT+8 [Modules] Streaming discord_game_utils@1 to /home/james/.config/discord/0.0.95/modules/pending/discord_game_utils-1.zip: 44%
5/25/2025, 6:41:26 PM GMT+8 [Modules] Streaming discord_game_utils@1 to /home/james/.config/discord/0.0.95/modules/pending/discord_game_utils-1.zip: 46%
5/25/2025, 6:41:26 PM GMT+8 [Modules] Streaming discord_game_utils@1 to /home/james/.config/discord/0.0.95/modules/pending/discord_game_utils-1.zip: 48%
5/25/2025, 6:41:26 PM GMT+8 [Modules] Streaming discord_game_utils@1 to /home/james/.config/discord/0.0.95/modules/pending/discord_game_utils-1.zip: 49%
5/25/2025, 6:41:26 PM GMT+8 [Modules] Streaming discord_game_utils@1 to /home/james/.config/discord/0.0.95/modules/pending/discord_game_utils-1.zip: 52%
5/25/2025, 6:41:26 PM GMT+8 [Modules] Streaming discord_game_utils@1 to /home/james/.config/discord/0.0.95/modules/pending/discord_game_utils-1.zip: 53%
5/25/2025, 6:41:26 PM GMT+8 [Modules] Streaming discord_game_utils@1 to /home/james/.config/discord/0.0.95/modules/pending/discord_game_utils-1.zip: 55%
5/25/2025, 6:41:26 PM GMT+8 [Modules] Streaming discord_game_utils@1 to /home/james/.config/discord/0.0.95/modules/pending/discord_game_utils-1.zip: 57%
5/25/2025, 6:41:26 PM GMT+8 [Modules] Streaming discord_game_utils@1 to /home/james/.config/discord/0.0.95/modules/pending/discord_game_utils-1.zip: 59%
5/25/2025, 6:41:26 PM GMT+8 [Modules] Streaming discord_game_utils@1 to /home/james/.config/discord/0.0.95/modules/pending/discord_game_utils-1.zip: 61%
5/25/2025, 6:41:26 PM GMT+8 [Modules] Streaming discord_game_utils@1 to /home/james/.config/discord/0.0.95/modules/pending/discord_game_utils-1.zip: 63%
5/25/2025, 6:41:26 PM GMT+8 [Modules] Streaming discord_game_utils@1 to /home/james/.config/discord/0.0.95/modules/pending/discord_game_utils-1.zip: 64%
5/25/2025, 6:41:26 PM GMT+8 [Modules] Streaming discord_game_utils@1 to /home/james/.config/discord/0.0.95/modules/pending/discord_game_utils-1.zip: 65%
5/25/2025, 6:41:26 PM GMT+8 [Modules] Streaming discord_game_utils@1 to /home/james/.config/discord/0.0.95/modules/pending/discord_game_utils-1.zip: 67%
5/25/2025, 6:41:26 PM GMT+8 [Modules] Streaming discord_game_utils@1 to /home/james/.config/discord/0.0.95/modules/pending/discord_game_utils-1.zip: 69%
5/25/2025, 6:41:26 PM GMT+8 [Modules] Streaming discord_game_utils@1 to /home/james/.config/discord/0.0.95/modules/pending/discord_game_utils-1.zip: 71%
5/25/2025, 6:41:26 PM GMT+8 [Modules] Streaming discord_game_utils@1 to /home/james/.config/discord/0.0.95/modules/pending/discord_game_utils-1.zip: 73%
5/25/2025, 6:41:26 PM GMT+8 [Modules] Streaming discord_game_utils@1 to /home/james/.config/discord/0.0.95/modules/pending/discord_game_utils-1.zip: 75%
5/25/2025, 6:41:26 PM GMT+8 [Modules] Streaming discord_game_utils@1 to /home/james/.config/discord/0.0.95/modules/pending/discord_game_utils-1.zip: 77%
5/25/2025, 6:41:26 PM GMT+8 [Modules] Streaming discord_game_utils@1 to /home/james/.config/discord/0.0.95/modules/pending/discord_game_utils-1.zip: 80%
5/25/2025, 6:41:26 PM GMT+8 [Modules] Streaming discord_game_utils@1 to /home/james/.config/discord/0.0.95/modules/pending/discord_game_utils-1.zip: 81%
5/25/2025, 6:41:26 PM GMT+8 [Modules] Streaming discord_game_utils@1 to /home/james/.config/discord/0.0.95/modules/pending/discord_game_utils-1.zip: 84%
5/25/2025, 6:41:26 PM GMT+8 [Modules] Streaming discord_game_utils@1 to /home/james/.config/discord/0.0.95/modules/pending/discord_game_utils-1.zip: 86%
5/25/2025, 6:41:26 PM GMT+8 [Modules] Streaming discord_game_utils@1 to /home/james/.config/discord/0.0.95/modules/pending/discord_game_utils-1.zip: 87%
5/25/2025, 6:41:26 PM GMT+8 [Modules] Streaming discord_game_utils@1 to /home/james/.config/discord/0.0.95/modules/pending/discord_game_utils-1.zip: 89%
5/25/2025, 6:41:26 PM GMT+8 [Modules] Streaming discord_game_utils@1 to /home/james/.config/discord/0.0.95/modules/pending/discord_game_utils-1.zip: 90%
5/25/2025, 6:41:26 PM GMT+8 [Modules] Streaming discord_game_utils@1 to /home/james/.config/discord/0.0.95/modules/pending/discord_game_utils-1.zip: 91%
5/25/2025, 6:41:26 PM GMT+8 [Modules] Streaming discord_game_utils@1 to /home/james/.config/discord/0.0.95/modules/pending/discord_game_utils-1.zip: 92%
5/25/2025, 6:41:26 PM GMT+8 [Modules] Streaming discord_game_utils@1 to /home/james/.config/discord/0.0.95/modules/pending/discord_game_utils-1.zip: 93%
5/25/2025, 6:41:26 PM GMT+8 [Modules] Streaming discord_game_utils@1 to /home/james/.config/discord/0.0.95/modules/pending/discord_game_utils-1.zip: 95%
5/25/2025, 6:41:26 PM GMT+8 [Modules] Streaming discord_game_utils@1 to /home/james/.config/discord/0.0.95/modules/pending/discord_game_utils-1.zip: 97%
5/25/2025, 6:41:26 PM GMT+8 [Modules] Streaming discord_game_utils@1 to /home/james/.config/discord/0.0.95/modules/pending/discord_game_utils-1.zip: 99%
5/25/2025, 6:41:26 PM GMT+8 [Modules] Streaming discord_game_utils@1 to /home/james/.config/discord/0.0.95/modules/pending/discord_game_utils-1.zip: 100%
5/25/2025, 6:41:26 PM GMT+8 [Modules] Fetching discord_rpc@1 from https://discord.com/api/modules/stable/discord_rpc/1
5/25/2025, 6:41:26 PM GMT+8 [Modules] Streaming discord_rpc@1 to /home/james/.config/discord/0.0.95/modules/pending/discord_rpc-1.zip
5/25/2025, 6:41:26 PM GMT+8 [Modules] Installing discord_game_utils@1 from /home/james/.config/discord/0.0.95/modules/pending/discord_game_utils-1.zip
5/25/2025, 6:41:26 PM GMT+8 [Modules] Finished module installations. [success: 1] [failure: 0]
5/25/2025, 6:41:26 PM GMT+8 [Modules] Streaming discord_rpc@1 to /home/james/.config/discord/0.0.95/modules/pending/discord_rpc-1.zip: 100%
5/25/2025, 6:41:26 PM GMT+8 [Modules] Finished module downloads. [success: 3] [failure: 0]
5/25/2025, 6:41:26 PM GMT+8 [Modules] Installing discord_rpc@1 from /home/james/.config/discord/0.0.95/modules/pending/discord_rpc-1.zip
5/25/2025, 6:41:26 PM GMT+8 [Modules] Finished module installations. [success: 1] [failure: 0]
5/25/2025, 6:42:29 PM GMT+8 [Modules] Checking for host updates.
5/25/2025, 6:42:29 PM GMT+8 [Modules] Host is up to date.
5/25/2025, 6:42:29 PM GMT+8 [Modules] Checking for module updates at https://discord.com/api/modules/stable/versions.json
5/25/2025, 6:42:29 PM GMT+8 [Modules] No module updates available.
5/25/2025, 7:42:29 PM GMT+8 [Modules] Checking for host updates.
5/25/2025, 7:42:34 PM GMT+8 [Modules] Host is up to date.
5/25/2025, 7:42:34 PM GMT+8 [Modules] Checking for module updates at https://discord.com/api/modules/stable/versions.json
5/25/2025, 7:42:34 PM GMT+8 [Modules] No module updates available.
5/25/2025, 8:42:57 PM GMT+8 [Modules] Modules initializing
5/25/2025, 8:42:57 PM GMT+8 [Modules] Distribution: remote
5/25/2025, 8:42:57 PM GMT+8 [Modules] Host updates: enabled
5/25/2025, 8:42:57 PM GMT+8 [Modules] Module updates: enabled
5/25/2025, 8:42:57 PM GMT+8 [Modules] Module install path: /home/james/.config/discord/0.0.95/modules
5/25/2025, 8:42:57 PM GMT+8 [Modules] Module installed file path: /home/james/.config/discord/0.0.95/modules/installed.json
5/25/2025, 8:42:57 PM GMT+8 [Modules] Module download path: /home/james/.config/discord/0.0.95/modules/pending
5/25/2025, 8:42:57 PM GMT+8 [Modules] No updates to install
5/25/2025, 8:42:57 PM GMT+8 [Modules] Checking for host updates.
5/25/2025, 8:42:57 PM GMT+8 [Modules] Host is up to date.
5/25/2025, 8:42:57 PM GMT+8 [Modules] Checking for module updates at https://discord.com/api/modules/stable/versions.json
5/25/2025, 8:42:58 PM GMT+8 [Modules] No module updates available.
5/25/2025, 8:43:06 PM GMT+8 [Modules] Checking for host updates.
5/25/2025, 8:43:06 PM GMT+8 [Modules] Host is up to date.
5/25/2025, 8:43:06 PM GMT+8 [Modules] Checking for module updates at https://discord.com/api/modules/stable/versions.json
5/25/2025, 8:43:06 PM GMT+8 [Modules] No module updates available.
5/25/2025, 10:12:39 PM GMT+8 [Modules] Modules initializing
5/25/2025, 10:12:39 PM GMT+8 [Modules] Distribution: remote
5/25/2025, 10:12:39 PM GMT+8 [Modules] Host updates: enabled
5/25/2025, 10:12:39 PM GMT+8 [Modules] Module updates: enabled
5/25/2025, 10:12:39 PM GMT+8 [Modules] Module install path: /home/james/.config/discord/0.0.95/modules
5/25/2025, 10:12:39 PM GMT+8 [Modules] Module installed file path: /home/james/.config/discord/0.0.95/modules/installed.json
5/25/2025, 10:12:39 PM GMT+8 [Modules] Module download path: /home/james/.config/discord/0.0.95/modules/pending
5/25/2025, 10:12:39 PM GMT+8 [Modules] No updates to install
5/25/2025, 10:12:39 PM GMT+8 [Modules] Checking for host updates.
5/25/2025, 10:12:40 PM GMT+8 [Modules] Host is up to date.
5/25/2025, 10:12:40 PM GMT+8 [Modules] Checking for module updates at https://discord.com/api/modules/stable/versions.json
5/25/2025, 10:12:40 PM GMT+8 [Modules] No module updates available.
5/25/2025, 10:12:47 PM GMT+8 [Modules] Checking for host updates.
5/25/2025, 10:12:47 PM GMT+8 [Modules] Host is up to date.
5/25/2025, 10:12:47 PM GMT+8 [Modules] Checking for module updates at https://discord.com/api/modules/stable/versions.json
5/25/2025, 10:12:47 PM GMT+8 [Modules] No module updates available.
5/25/2025, 10:14:28 PM GMT+8 [Modules] Checking for host updates.
5/25/2025, 10:14:29 PM GMT+8 [Modules] Host is up to date.
5/25/2025, 10:14:29 PM GMT+8 [Modules] Checking for module updates at https://discord.com/api/modules/stable/versions.json
5/25/2025, 10:14:29 PM GMT+8 [Modules] No module updates available.
5/25/2025, 10:16:18 PM GMT+8 [Modules] Modules initializing
5/25/2025, 10:16:18 PM GMT+8 [Modules] Distribution: remote
5/25/2025, 10:16:18 PM GMT+8 [Modules] Host updates: enabled
5/25/2025, 10:16:18 PM GMT+8 [Modules] Module updates: enabled
5/25/2025, 10:16:18 PM GMT+8 [Modules] Module install path: /home/james/.config/discord/0.0.95/modules
5/25/2025, 10:16:18 PM GMT+8 [Modules] Module installed file path: /home/james/.config/discord/0.0.95/modules/installed.json
5/25/2025, 10:16:18 PM GMT+8 [Modules] Module download path: /home/james/.config/discord/0.0.95/modules/pending
5/25/2025, 10:16:19 PM GMT+8 [Modules] No updates to install
5/25/2025, 10:16:19 PM GMT+8 [Modules] Checking for host updates.
5/25/2025, 10:16:19 PM GMT+8 [Modules] Host is up to date.
5/25/2025, 10:16:19 PM GMT+8 [Modules] Checking for module updates at https://discord.com/api/modules/stable/versions.json
5/25/2025, 10:16:19 PM GMT+8 [Modules] No module updates available.
5/25/2025, 10:16:30 PM GMT+8 [Modules] Checking for host updates.
5/25/2025, 10:16:30 PM GMT+8 [Modules] Host is up to date.
5/25/2025, 10:16:30 PM GMT+8 [Modules] Checking for module updates at https://discord.com/api/modules/stable/versions.json
5/25/2025, 10:16:30 PM GMT+8 [Modules] No module updates available.
5/25/2025, 10:42:00 PM GMT+8 [Modules] Modules initializing
5/25/2025, 10:42:00 PM GMT+8 [Modules] Distribution: remote
5/25/2025, 10:42:00 PM GMT+8 [Modules] Host updates: enabled
5/25/2025, 10:42:00 PM GMT+8 [Modules] Module updates: enabled
5/25/2025, 10:42:00 PM GMT+8 [Modules] Module install path: /home/james/.config/discord/0.0.95/modules
5/25/2025, 10:42:00 PM GMT+8 [Modules] Module installed file path: /home/james/.config/discord/0.0.95/modules/installed.json
5/25/2025, 10:42:00 PM GMT+8 [Modules] Module download path: /home/james/.config/discord/0.0.95/modules/pending
5/25/2025, 10:42:01 PM GMT+8 [Modules] No updates to install
5/25/2025, 10:42:01 PM GMT+8 [Modules] Checking for host updates.
5/25/2025, 10:42:01 PM GMT+8 [Modules] Host is up to date.
5/25/2025, 10:42:01 PM GMT+8 [Modules] Checking for module updates at https://discord.com/api/modules/stable/versions.json
5/25/2025, 10:42:01 PM GMT+8 [Modules] No module updates available.
5/25/2025, 10:42:08 PM GMT+8 [Modules] Checking for host updates.
5/25/2025, 10:42:08 PM GMT+8 [Modules] Host is up to date.
5/25/2025, 10:42:08 PM GMT+8 [Modules] Checking for module updates at https://discord.com/api/modules/stable/versions.json
5/25/2025, 10:42:08 PM GMT+8 [Modules] No module updates available.
5/25/2025, 11:42:08 PM GMT+8 [Modules] Checking for host updates.
5/25/2025, 11:42:08 PM GMT+8 [Modules] Host is up to date.
5/25/2025, 11:42:08 PM GMT+8 [Modules] Checking for module updates at https://discord.com/api/modules/stable/versions.json
5/25/2025, 11:42:08 PM GMT+8 [Modules] No module updates available.
5/25/2025, 11:54:10 PM GMT+8 [Modules] Modules initializing
5/25/2025, 11:54:10 PM GMT+8 [Modules] Distribution: remote
5/25/2025, 11:54:10 PM GMT+8 [Modules] Host updates: enabled
5/25/2025, 11:54:10 PM GMT+8 [Modules] Module updates: enabled
5/25/2025, 11:54:10 PM GMT+8 [Modules] Module install path: /home/james/.config/discord/0.0.95/modules
5/25/2025, 11:54:10 PM GMT+8 [Modules] Module installed file path: /home/james/.config/discord/0.0.95/modules/installed.json
5/25/2025, 11:54:10 PM GMT+8 [Modules] Module download path: /home/james/.config/discord/0.0.95/modules/pending
5/25/2025, 11:54:11 PM GMT+8 [Modules] No updates to install
5/25/2025, 11:54:11 PM GMT+8 [Modules] Checking for host updates.
5/25/2025, 11:54:11 PM GMT+8 [Modules] Host is up to date.
5/25/2025, 11:54:11 PM GMT+8 [Modules] Checking for module updates at https://discord.com/api/modules/stable/versions.json
5/25/2025, 11:54:11 PM GMT+8 [Modules] No module updates available.
5/25/2025, 11:54:18 PM GMT+8 [Modules] Checking for host updates.
5/25/2025, 11:54:18 PM GMT+8 [Modules] Host is up to date.
5/25/2025, 11:54:18 PM GMT+8 [Modules] Checking for module updates at https://discord.com/api/modules/stable/versions.json
5/25/2025, 11:54:18 PM GMT+8 [Modules] No module updates available.
5/26/2025, 12:54:18 AM GMT+8 [Modules] Checking for host updates.
5/26/2025, 12:54:18 AM GMT+8 [Modules] Host is up to date.
5/26/2025, 12:54:18 AM GMT+8 [Modules] Checking for module updates at https://discord.com/api/modules/stable/versions.json
5/26/2025, 12:54:18 AM GMT+8 [Modules] No module updates available.
5/26/2025, 1:14:11 AM GMT+8 [Modules] Modules initializing
5/26/2025, 1:14:11 AM GMT+8 [Modules] Distribution: remote
5/26/2025, 1:14:11 AM GMT+8 [Modules] Host updates: enabled
5/26/2025, 1:14:11 AM GMT+8 [Modules] Module updates: enabled
5/26/2025, 1:14:11 AM GMT+8 [Modules] Module install path: /home/james/.config/discord/0.0.95/modules
5/26/2025, 1:14:11 AM GMT+8 [Modules] Module installed file path: /home/james/.config/discord/0.0.95/modules/installed.json
5/26/2025, 1:14:11 AM GMT+8 [Modules] Module download path: /home/james/.config/discord/0.0.95/modules/pending
5/26/2025, 1:14:11 AM GMT+8 [Modules] No updates to install
5/26/2025, 1:14:11 AM GMT+8 [Modules] Checking for host updates.
5/26/2025, 1:14:11 AM GMT+8 [Modules] Host is up to date.
5/26/2025, 1:14:11 AM GMT+8 [Modules] Checking for module updates at https://discord.com/api/modules/stable/versions.json
5/26/2025, 1:14:11 AM GMT+8 [Modules] No module updates available.
5/26/2025, 1:14:18 AM GMT+8 [Modules] Checking for host updates.
5/26/2025, 1:14:18 AM GMT+8 [Modules] Host is up to date.
5/26/2025, 1:14:18 AM GMT+8 [Modules] Checking for module updates at https://discord.com/api/modules/stable/versions.json
5/26/2025, 1:14:18 AM GMT+8 [Modules] No module updates available.
5/26/2025, 1:41:00 AM GMT+8 [Modules] Modules initializing
5/26/2025, 1:41:00 AM GMT+8 [Modules] Distribution: remote
5/26/2025, 1:41:00 AM GMT+8 [Modules] Host updates: enabled
5/26/2025, 1:41:00 AM GMT+8 [Modules] Module updates: enabled
5/26/2025, 1:41:00 AM GMT+8 [Modules] Module install path: /home/james/.config/discord/0.0.95/modules
5/26/2025, 1:41:00 AM GMT+8 [Modules] Module installed file path: /home/james/.config/discord/0.0.95/modules/installed.json
5/26/2025, 1:41:00 AM GMT+8 [Modules] Module download path: /home/james/.config/discord/0.0.95/modules/pending
5/26/2025, 1:41:00 AM GMT+8 [Modules] No updates to install
5/26/2025, 1:41:00 AM GMT+8 [Modules] Checking for host updates.
5/26/2025, 1:41:01 AM GMT+8 [Modules] Host is up to date.
5/26/2025, 1:41:01 AM GMT+8 [Modules] Checking for module updates at https://discord.com/api/modules/stable/versions.json
5/26/2025, 1:41:01 AM GMT+8 [Modules] No module updates available.
5/26/2025, 1:41:09 AM GMT+8 [Modules] Checking for host updates.
5/26/2025, 1:41:09 AM GMT+8 [Modules] Host is up to date.
5/26/2025, 1:41:09 AM GMT+8 [Modules] Checking for module updates at https://discord.com/api/modules/stable/versions.json
5/26/2025, 1:41:09 AM GMT+8 [Modules] No module updates available.
5/26/2025, 1:44:05 AM GMT+8 [Modules] Checking for host updates.
5/26/2025, 1:44:05 AM GMT+8 [Modules] Host is up to date.
5/26/2025, 1:44:05 AM GMT+8 [Modules] Checking for module updates at https://discord.com/api/modules/stable/versions.json
5/26/2025, 1:44:05 AM GMT+8 [Modules] No module updates available.
5/26/2025, 1:46:26 AM GMT+8 [Modules] Modules initializing
5/26/2025, 1:46:26 AM GMT+8 [Modules] Distribution: remote
5/26/2025, 1:46:26 AM GMT+8 [Modules] Host updates: enabled
5/26/2025, 1:46:26 AM GMT+8 [Modules] Module updates: enabled
5/26/2025, 1:46:26 AM GMT+8 [Modules] Module install path: /home/james/.config/discord/0.0.95/modules
5/26/2025, 1:46:26 AM GMT+8 [Modules] Module installed file path: /home/james/.config/discord/0.0.95/modules/installed.json
5/26/2025, 1:46:26 AM GMT+8 [Modules] Module download path: /home/james/.config/discord/0.0.95/modules/pending
5/26/2025, 1:46:26 AM GMT+8 [Modules] No updates to install
5/26/2025, 1:46:26 AM GMT+8 [Modules] Checking for host updates.
5/26/2025, 1:46:27 AM GMT+8 [Modules] Host is up to date.
5/26/2025, 1:46:27 AM GMT+8 [Modules] Checking for module updates at https://discord.com/api/modules/stable/versions.json
5/26/2025, 1:46:27 AM GMT+8 [Modules] No module updates available.
5/26/2025, 1:46:35 AM GMT+8 [Modules] Checking for host updates.
5/26/2025, 1:46:36 AM GMT+8 [Modules] Host is up to date.
5/26/2025, 1:46:36 AM GMT+8 [Modules] Checking for module updates at https://discord.com/api/modules/stable/versions.json
5/26/2025, 1:46:36 AM GMT+8 [Modules] No module updates available.
5/26/2025, 1:54:24 AM GMT+8 [Modules] Modules initializing
5/26/2025, 1:54:24 AM GMT+8 [Modules] Distribution: remote
5/26/2025, 1:54:24 AM GMT+8 [Modules] Host updates: enabled
5/26/2025, 1:54:24 AM GMT+8 [Modules] Module updates: enabled
5/26/2025, 1:54:24 AM GMT+8 [Modules] Module install path: /home/james/.config/discord/0.0.95/modules
5/26/2025, 1:54:24 AM GMT+8 [Modules] Module installed file path: /home/james/.config/discord/0.0.95/modules/installed.json
5/26/2025, 1:54:24 AM GMT+8 [Modules] Module download path: /home/james/.config/discord/0.0.95/modules/pending
5/26/2025, 1:54:25 AM GMT+8 [Modules] No updates to install
5/26/2025, 1:54:25 AM GMT+8 [Modules] Checking for host updates.
5/26/2025, 1:54:25 AM GMT+8 [Modules] Host is up to date.
5/26/2025, 1:54:25 AM GMT+8 [Modules] Checking for module updates at https://discord.com/api/modules/stable/versions.json
5/26/2025, 1:54:25 AM GMT+8 [Modules] No module updates available.
5/26/2025, 1:54:32 AM GMT+8 [Modules] Checking for host updates.
5/26/2025, 1:54:33 AM GMT+8 [Modules] Host is up to date.
5/26/2025, 1:54:33 AM GMT+8 [Modules] Checking for module updates at https://discord.com/api/modules/stable/versions.json
5/26/2025, 1:54:33 AM GMT+8 [Modules] No module updates available.
5/26/2025, 1:55:14 AM GMT+8 [Modules] Modules initializing
5/26/2025, 1:55:14 AM GMT+8 [Modules] Distribution: remote
5/26/2025, 1:55:14 AM GMT+8 [Modules] Host updates: enabled
5/26/2025, 1:55:14 AM GMT+8 [Modules] Module updates: enabled
5/26/2025, 1:55:14 AM GMT+8 [Modules] Module install path: /home/james/.config/discord/0.0.95/modules
5/26/2025, 1:55:14 AM GMT+8 [Modules] Module installed file path: /home/james/.config/discord/0.0.95/modules/installed.json
5/26/2025, 1:55:14 AM GMT+8 [Modules] Module download path: /home/james/.config/discord/0.0.95/modules/pending
5/26/2025, 1:55:14 AM GMT+8 [Modules] No updates to install
5/26/2025, 1:55:14 AM GMT+8 [Modules] Checking for host updates.
5/26/2025, 1:55:15 AM GMT+8 [Modules] Host is up to date.
5/26/2025, 1:55:15 AM GMT+8 [Modules] Checking for module updates at https://discord.com/api/modules/stable/versions.json
5/26/2025, 1:55:15 AM GMT+8 [Modules] No module updates available.
5/26/2025, 1:55:22 AM GMT+8 [Modules] Checking for host updates.
5/26/2025, 1:55:23 AM GMT+8 [Modules] Host is up to date.
5/26/2025, 1:55:23 AM GMT+8 [Modules] Checking for module updates at https://discord.com/api/modules/stable/versions.json
5/26/2025, 1:55:23 AM GMT+8 [Modules] No module updates available.
5/26/2025, 1:55:52 AM GMT+8 [Modules] Checking for host updates.
5/26/2025, 1:55:53 AM GMT+8 [Modules] Host is up to date.
5/26/2025, 1:55:53 AM GMT+8 [Modules] Checking for module updates at https://discord.com/api/modules/stable/versions.json
5/26/2025, 1:55:53 AM GMT+8 [Modules] No module updates available.
5/26/2025, 1:57:26 AM GMT+8 [Modules] Modules initializing
5/26/2025, 1:57:26 AM GMT+8 [Modules] Distribution: remote
5/26/2025, 1:57:26 AM GMT+8 [Modules] Host updates: enabled
5/26/2025, 1:57:26 AM GMT+8 [Modules] Module updates: enabled
5/26/2025, 1:57:26 AM GMT+8 [Modules] Module install path: /home/james/.config/discord/0.0.95/modules
5/26/2025, 1:57:26 AM GMT+8 [Modules] Module installed file path: /home/james/.config/discord/0.0.95/modules/installed.json
5/26/2025, 1:57:26 AM GMT+8 [Modules] Module download path: /home/james/.config/discord/0.0.95/modules/pending
5/26/2025, 1:57:27 AM GMT+8 [Modules] No updates to install
5/26/2025, 1:57:27 AM GMT+8 [Modules] Checking for host updates.
5/26/2025, 1:57:27 AM GMT+8 [Modules] Host is up to date.
5/26/2025, 1:57:27 AM GMT+8 [Modules] Checking for module updates at https://discord.com/api/modules/stable/versions.json
5/26/2025, 1:57:27 AM GMT+8 [Modules] No module updates available.
5/26/2025, 1:57:35 AM GMT+8 [Modules] Checking for host updates.
5/26/2025, 1:57:37 AM GMT+8 [Modules] Host is up to date.
5/26/2025, 1:57:37 AM GMT+8 [Modules] Checking for module updates at https://discord.com/api/modules/stable/versions.json
5/26/2025, 1:57:37 AM GMT+8 [Modules] No module updates available.
5/26/2025, 1:57:53 AM GMT+8 [Modules] Modules initializing
5/26/2025, 1:57:53 AM GMT+8 [Modules] Distribution: remote
5/26/2025, 1:57:53 AM GMT+8 [Modules] Host updates: enabled
5/26/2025, 1:57:53 AM GMT+8 [Modules] Module updates: enabled
5/26/2025, 1:57:53 AM GMT+8 [Modules] Module install path: /home/james/.config/discord/0.0.95/modules
5/26/2025, 1:57:53 AM GMT+8 [Modules] Module installed file path: /home/james/.config/discord/0.0.95/modules/installed.json
5/26/2025, 1:57:53 AM GMT+8 [Modules] Module download path: /home/james/.config/discord/0.0.95/modules/pending
5/26/2025, 1:57:54 AM GMT+8 [Modules] No updates to install
5/26/2025, 1:57:54 AM GMT+8 [Modules] Checking for host updates.
5/26/2025, 1:57:54 AM GMT+8 [Modules] Host is up to date.
5/26/2025, 1:57:54 AM GMT+8 [Modules] Checking for module updates at https://discord.com/api/modules/stable/versions.json
5/26/2025, 1:57:54 AM GMT+8 [Modules] No module updates available.
5/26/2025, 1:58:02 AM GMT+8 [Modules] Checking for host updates.
5/26/2025, 1:58:03 AM GMT+8 [Modules] Host is up to date.
5/26/2025, 1:58:03 AM GMT+8 [Modules] Checking for module updates at https://discord.com/api/modules/stable/versions.json
5/26/2025, 1:58:03 AM GMT+8 [Modules] No module updates available.
5/26/2025, 2:02:32 AM GMT+8 [Modules] Modules initializing
5/26/2025, 2:02:32 AM GMT+8 [Modules] Distribution: remote
5/26/2025, 2:02:32 AM GMT+8 [Modules] Host updates: enabled
5/26/2025, 2:02:32 AM GMT+8 [Modules] Module updates: enabled
5/26/2025, 2:02:32 AM GMT+8 [Modules] Module install path: /home/james/.config/discord/0.0.95/modules
5/26/2025, 2:02:32 AM GMT+8 [Modules] Module installed file path: /home/james/.config/discord/0.0.95/modules/installed.json
5/26/2025, 2:02:32 AM GMT+8 [Modules] Module download path: /home/james/.config/discord/0.0.95/modules/pending
5/26/2025, 2:02:32 AM GMT+8 [Modules] No updates to install
5/26/2025, 2:02:32 AM GMT+8 [Modules] Checking for host updates.
5/26/2025, 2:02:33 AM GMT+8 [Modules] Host is up to date.
5/26/2025, 2:02:33 AM GMT+8 [Modules] Checking for module updates at https://discord.com/api/modules/stable/versions.json
5/26/2025, 2:02:33 AM GMT+8 [Modules] No module updates available.
5/26/2025, 2:02:41 AM GMT+8 [Modules] Checking for host updates.
5/26/2025, 2:02:41 AM GMT+8 [Modules] Host is up to date.
5/26/2025, 2:02:41 AM GMT+8 [Modules] Checking for module updates at https://discord.com/api/modules/stable/versions.json
5/26/2025, 2:02:41 AM GMT+8 [Modules] No module updates available.
5/26/2025, 2:03:54 AM GMT+8 [Modules] Checking for host updates.
5/26/2025, 2:03:55 AM GMT+8 [Modules] Host is up to date.
5/26/2025, 2:03:55 AM GMT+8 [Modules] Checking for module updates at https://discord.com/api/modules/stable/versions.json
5/26/2025, 2:03:55 AM GMT+8 [Modules] No module updates available.
5/26/2025, 2:06:19 AM GMT+8 [Modules] Modules initializing
5/26/2025, 2:06:19 AM GMT+8 [Modules] Distribution: remote
5/26/2025, 2:06:19 AM GMT+8 [Modules] Host updates: enabled
5/26/2025, 2:06:19 AM GMT+8 [Modules] Module updates: enabled
5/26/2025, 2:06:19 AM GMT+8 [Modules] Module install path: /home/james/.config/discord/0.0.95/modules
5/26/2025, 2:06:19 AM GMT+8 [Modules] Module installed file path: /home/james/.config/discord/0.0.95/modules/installed.json
5/26/2025, 2:06:19 AM GMT+8 [Modules] Module download path: /home/james/.config/discord/0.0.95/modules/pending
5/26/2025, 2:06:19 AM GMT+8 [Modules] No updates to install
5/26/2025, 2:06:19 AM GMT+8 [Modules] Checking for host updates.
5/26/2025, 2:06:20 AM GMT+8 [Modules] Host is up to date.
5/26/2025, 2:06:20 AM GMT+8 [Modules] Checking for module updates at https://discord.com/api/modules/stable/versions.json
5/26/2025, 2:06:20 AM GMT+8 [Modules] No module updates available.
5/26/2025, 2:06:27 AM GMT+8 [Modules] Checking for host updates.
5/26/2025, 2:06:28 AM GMT+8 [Modules] Host is up to date.
5/26/2025, 2:06:28 AM GMT+8 [Modules] Checking for module updates at https://discord.com/api/modules/stable/versions.json
5/26/2025, 2:06:28 AM GMT+8 [Modules] No module updates available.
5/26/2025, 2:22:26 AM GMT+8 [Modules] Modules initializing
5/26/2025, 2:22:26 AM GMT+8 [Modules] Distribution: remote
5/26/2025, 2:22:26 AM GMT+8 [Modules] Host updates: enabled
5/26/2025, 2:22:26 AM GMT+8 [Modules] Module updates: enabled
5/26/2025, 2:22:26 AM GMT+8 [Modules] Module install path: /home/james/.config/discord/0.0.95/modules
5/26/2025, 2:22:26 AM GMT+8 [Modules] Module installed file path: /home/james/.config/discord/0.0.95/modules/installed.json
5/26/2025, 2:22:26 AM GMT+8 [Modules] Module download path: /home/james/.config/discord/0.0.95/modules/pending
5/26/2025, 2:22:26 AM GMT+8 [Modules] No updates to install
5/26/2025, 2:22:26 AM GMT+8 [Modules] Checking for host updates.
5/26/2025, 2:22:27 AM GMT+8 [Modules] Host is up to date.
5/26/2025, 2:22:27 AM GMT+8 [Modules] Checking for module updates at https://discord.com/api/modules/stable/versions.json
5/26/2025, 2:22:27 AM GMT+8 [Modules] No module updates available.
5/26/2025, 2:22:34 AM GMT+8 [Modules] Checking for host updates.
5/26/2025, 2:22:34 AM GMT+8 [Modules] Host is up to date.
5/26/2025, 2:22:34 AM GMT+8 [Modules] Checking for module updates at https://discord.com/api/modules/stable/versions.json
5/26/2025, 2:22:34 AM GMT+8 [Modules] No module updates available.
5/26/2025, 9:34:24 AM GMT+8 [Modules] Modules initializing
5/26/2025, 9:34:24 AM GMT+8 [Modules] Distribution: remote
5/26/2025, 9:34:24 AM GMT+8 [Modules] Host updates: enabled
5/26/2025, 9:34:24 AM GMT+8 [Modules] Module updates: enabled
5/26/2025, 9:34:24 AM GMT+8 [Modules] Module install path: /home/james/.config/discord/0.0.95/modules
5/26/2025, 9:34:24 AM GMT+8 [Modules] Module installed file path: /home/james/.config/discord/0.0.95/modules/installed.json
5/26/2025, 9:34:24 AM GMT+8 [Modules] Module download path: /home/james/.config/discord/0.0.95/modules/pending
5/26/2025, 9:34:24 AM GMT+8 [Modules] No updates to install
5/26/2025, 9:34:24 AM GMT+8 [Modules] Checking for host updates.
5/26/2025, 9:34:25 AM GMT+8 [Modules] Host is up to date.
5/26/2025, 9:34:25 AM GMT+8 [Modules] Checking for module updates at https://discord.com/api/modules/stable/versions.json
5/26/2025, 9:34:25 AM GMT+8 [Modules] No module updates available.
5/26/2025, 9:34:32 AM GMT+8 [Modules] Checking for host updates.
5/26/2025, 9:34:33 AM GMT+8 [Modules] Host is up to date.
5/26/2025, 9:34:33 AM GMT+8 [Modules] Checking for module updates at https://discord.com/api/modules/stable/versions.json
5/26/2025, 9:34:33 AM GMT+8 [Modules] No module updates available.
5/26/2025, 9:46:20 AM GMT+8 [Modules] Modules initializing
5/26/2025, 9:46:20 AM GMT+8 [Modules] Distribution: remote
5/26/2025, 9:46:20 AM GMT+8 [Modules] Host updates: enabled
5/26/2025, 9:46:20 AM GMT+8 [Modules] Module updates: enabled
5/26/2025, 9:46:20 AM GMT+8 [Modules] Module install path: /home/james/.config/discord/0.0.95/modules
5/26/2025, 9:46:20 AM GMT+8 [Modules] Module installed file path: /home/james/.config/discord/0.0.95/modules/installed.json
5/26/2025, 9:46:20 AM GMT+8 [Modules] Module download path: /home/james/.config/discord/0.0.95/modules/pending
5/26/2025, 9:46:20 AM GMT+8 [Modules] No updates to install
5/26/2025, 9:46:20 AM GMT+8 [Modules] Checking for host updates.
5/26/2025, 9:46:21 AM GMT+8 [Modules] Host is up to date.
5/26/2025, 9:46:21 AM GMT+8 [Modules] Checking for module updates at https://discord.com/api/modules/stable/versions.json
5/26/2025, 9:46:21 AM GMT+8 [Modules] No module updates available.
5/26/2025, 9:46:27 AM GMT+8 [Modules] Checking for host updates.
5/26/2025, 9:46:28 AM GMT+8 [Modules] Host is up to date.
5/26/2025, 9:46:28 AM GMT+8 [Modules] Checking for module updates at https://discord.com/api/modules/stable/versions.json
5/26/2025, 9:46:28 AM GMT+8 [Modules] No module updates available.
