5/25/2025, 6:41:10 PM GMT+8 0: 

----------------------------------------------
5/25/2025, 6:41:10 PM GMT+8 1: Discord starting: {"releaseChannel":"stable","version":"0.0.95"}, modulepath: /home/james/.config/discord/0.0.95/modules
5/25/2025, 6:41:10 PM GMT+8 2: ✅ webContents.created web1 ""
5/25/2025, 6:41:10 PM GMT+8 3: ✅ window.created win1 "discord"
5/25/2025, 6:41:11 PM GMT+8 4: ✅ webContents.did-finish-load web1
5/25/2025, 6:41:18 PM GMT+8 5: ✅ webContents.created web2 ""
5/25/2025, 6:41:18 PM GMT+8 6: ✅ window.created win2 "Discord"
5/25/2025, 6:41:22 PM GMT+8 7: ✅ webContents.did-finish-load web2
5/25/2025, 6:41:22 PM GMT+8 8: window.close win1
5/25/2025, 6:41:23 PM GMT+8 9: webContents.destroyed web1
5/25/2025, 6:41:23 PM GMT+8 10: window.closed win1
5/25/2025, 8:12:56 PM GMT+8 11: before-quit
5/25/2025, 8:42:57 PM GMT+8 0: 

----------------------------------------------
5/25/2025, 8:42:57 PM GMT+8 1: Discord starting: {"releaseChannel":"stable","version":"0.0.95"}, modulepath: /home/james/.config/discord/0.0.95/modules
5/25/2025, 8:42:57 PM GMT+8 2: ✅ webContents.created web1 ""
5/25/2025, 8:42:57 PM GMT+8 3: ✅ window.created win1 "discord"
5/25/2025, 8:42:57 PM GMT+8 4: ✅ webContents.did-finish-load web1
5/25/2025, 8:42:58 PM GMT+8 5: ✅ webContents.created web2 ""
5/25/2025, 8:42:58 PM GMT+8 6: ✅ window.created win2 "Discord"
5/25/2025, 8:42:58 PM GMT+8 7: ✅ webContents.did-finish-load web2
5/25/2025, 8:42:59 PM GMT+8 8: window.close win1
5/25/2025, 8:42:59 PM GMT+8 9: webContents.destroyed web1
5/25/2025, 8:42:59 PM GMT+8 10: window.closed win1
5/25/2025, 9:32:44 PM GMT+8 11: before-quit
5/25/2025, 10:12:39 PM GMT+8 0: 

----------------------------------------------
5/25/2025, 10:12:39 PM GMT+8 1: Discord starting: {"releaseChannel":"stable","version":"0.0.95"}, modulepath: /home/james/.config/discord/0.0.95/modules
5/25/2025, 10:12:39 PM GMT+8 2: ✅ webContents.created web1 ""
5/25/2025, 10:12:39 PM GMT+8 3: ✅ window.created win1 "discord"
5/25/2025, 10:12:40 PM GMT+8 4: ✅ webContents.did-finish-load web1
5/25/2025, 10:12:40 PM GMT+8 5: ✅ webContents.created web2 ""
5/25/2025, 10:12:40 PM GMT+8 6: ✅ window.created win2 "Discord"
5/25/2025, 10:12:41 PM GMT+8 7: ✅ webContents.did-finish-load web2
5/25/2025, 10:12:41 PM GMT+8 8: window.close win1
5/25/2025, 10:12:41 PM GMT+8 9: webContents.destroyed web1
5/25/2025, 10:12:41 PM GMT+8 10: window.closed win1
5/25/2025, 10:13:56 PM GMT+8 11: ✅ webContents.created web3 ""
5/25/2025, 10:13:56 PM GMT+8 12: ✅ window.created win3 "Discord Popout"
5/25/2025, 10:13:56 PM GMT+8 13: ✅ webContents.did-finish-load web3
5/25/2025, 10:14:03 PM GMT+8 14: window.close win3
5/25/2025, 10:14:03 PM GMT+8 15: window.close win3
5/25/2025, 10:14:03 PM GMT+8 16: webContents.destroyed web3
5/25/2025, 10:14:03 PM GMT+8 17: window.closed win3
5/25/2025, 10:14:17 PM GMT+8 18: ✅ webContents.did-finish-load web2
5/25/2025, 10:14:18 PM GMT+8 19: window.close win2
5/25/2025, 10:14:40 PM GMT+8 20: before-quit
5/25/2025, 10:16:18 PM GMT+8 0: 

----------------------------------------------
5/25/2025, 10:16:18 PM GMT+8 1: Discord starting: {"releaseChannel":"stable","version":"0.0.95"}, modulepath: /home/james/.config/discord/0.0.95/modules
5/25/2025, 10:16:18 PM GMT+8 2: ✅ webContents.created web1 ""
5/25/2025, 10:16:19 PM GMT+8 3: ✅ window.created win1 "discord"
5/25/2025, 10:16:19 PM GMT+8 4: ✅ webContents.did-finish-load web1
5/25/2025, 10:16:19 PM GMT+8 5: ✅ webContents.created web2 ""
5/25/2025, 10:16:19 PM GMT+8 6: ✅ window.created win2 "Discord"
5/25/2025, 10:16:23 PM GMT+8 7: ✅ webContents.did-finish-load web2
5/25/2025, 10:16:23 PM GMT+8 8: window.close win1
5/25/2025, 10:16:23 PM GMT+8 9: webContents.destroyed web1
5/25/2025, 10:16:23 PM GMT+8 10: window.closed win1
5/25/2025, 10:16:25 PM GMT+8 11: ✅ webContents.did-finish-load web2
5/25/2025, 10:40:48 PM GMT+8 12: before-quit
5/25/2025, 10:42:00 PM GMT+8 0: 

----------------------------------------------
5/25/2025, 10:42:00 PM GMT+8 1: Discord starting: {"releaseChannel":"stable","version":"0.0.95"}, modulepath: /home/james/.config/discord/0.0.95/modules
5/25/2025, 10:42:00 PM GMT+8 2: ✅ webContents.created web1 ""
5/25/2025, 10:42:00 PM GMT+8 3: ✅ window.created win1 "discord"
5/25/2025, 10:42:01 PM GMT+8 4: ✅ webContents.did-finish-load web1
5/25/2025, 10:42:01 PM GMT+8 5: ✅ webContents.created web2 ""
5/25/2025, 10:42:01 PM GMT+8 6: ✅ window.created win2 "Discord"
5/25/2025, 10:42:02 PM GMT+8 7: ✅ webContents.did-finish-load web2
5/25/2025, 10:42:02 PM GMT+8 8: window.close win1
5/25/2025, 10:42:02 PM GMT+8 9: webContents.destroyed web1
5/25/2025, 10:42:02 PM GMT+8 10: window.closed win1
5/25/2025, 11:53:02 PM GMT+8 11: before-quit
5/25/2025, 11:54:10 PM GMT+8 0: 

----------------------------------------------
5/25/2025, 11:54:10 PM GMT+8 1: Discord starting: {"releaseChannel":"stable","version":"0.0.95"}, modulepath: /home/james/.config/discord/0.0.95/modules
5/25/2025, 11:54:10 PM GMT+8 2: ✅ webContents.created web1 ""
5/25/2025, 11:54:10 PM GMT+8 3: ✅ window.created win1 "discord"
5/25/2025, 11:54:11 PM GMT+8 4: ✅ webContents.did-finish-load web1
5/25/2025, 11:54:11 PM GMT+8 5: ✅ webContents.created web2 ""
5/25/2025, 11:54:11 PM GMT+8 6: ✅ window.created win2 "Discord"
5/25/2025, 11:54:12 PM GMT+8 7: ✅ webContents.did-finish-load web2
5/25/2025, 11:54:12 PM GMT+8 8: window.close win1
5/25/2025, 11:54:12 PM GMT+8 9: webContents.destroyed web1
5/25/2025, 11:54:12 PM GMT+8 10: window.closed win1
5/26/2025, 1:10:36 AM GMT+8 11: window.close win2
5/26/2025, 1:10:40 AM GMT+8 0: 

----------------------------------------------
5/26/2025, 1:11:48 AM GMT+8 0: 

----------------------------------------------
5/26/2025, 1:11:52 AM GMT+8 12: window.close win2
5/26/2025, 1:11:58 AM GMT+8 0: 

----------------------------------------------
5/26/2025, 1:12:04 AM GMT+8 13: window.close win2
5/26/2025, 1:12:33 AM GMT+8 0: 

----------------------------------------------
5/26/2025, 1:12:48 AM GMT+8 14: before-quit
5/26/2025, 1:12:48 AM GMT+8 15: window.close win2
5/26/2025, 1:14:11 AM GMT+8 0: 

----------------------------------------------
5/26/2025, 1:14:11 AM GMT+8 1: Discord starting: {"releaseChannel":"stable","version":"0.0.95"}, modulepath: /home/james/.config/discord/0.0.95/modules
5/26/2025, 1:14:11 AM GMT+8 2: Wrote 318704 byte minidump to /home/james/.config/discord/0.0.95/modules/crashlogs/5_26_2025__1_14_11_AM_GMT_8-0-minidump.dmp
5/26/2025, 1:14:11 AM GMT+8 3: ✅ webContents.created web1 ""
5/26/2025, 1:14:11 AM GMT+8 4: ✅ window.created win1 "discord"
5/26/2025, 1:14:11 AM GMT+8 5: Sentry report: {"contexts":{"trace":{"trace_id":"46d270a880d8465a9ec873db5a027bfd","span_id":"9380e762c5c67a20"},"app":{"app_name":"discord","app_version":"0.0.95","app_start_time":"2025-05-25T15:54:10.203Z"},"os":{"kernel_version":"6.14.7-arch2-1","name":"Arch Linux","version":"\"rolling\""},"browser":{"name":"Chrome"},"chrome":{"name":"Chrome","type":"runtime","version":"134.0.6998.205"},"device":{"arch":"x64","family":"Desktop","language":"en-US","screen_density":1,"screen_resolution":"1920x1080","memory_size":16666267648,"free_memory":10223841280,"processor_count":12,"cpu_description":"AMD Ryzen 5 3600 6-Core Processor","processor_frequency":3949},"node":{"name":"Node","type":"runtime","version":"22.14.0"},"runtime":{"name":"Electron","version":"35.3.0"}},"environment":"stable","release":"0.0.95","user":{"ip_address":"{{auto}}","id":"984605084526739467","username":"drjam_","email":"jamesallanmdr2005@gmail.com"},"tags":{"event.origin":"electron","event.environment":"native","event.process":"browser","event_type":"native","nativeBuildNumber":"null"},"level":"fatal","platform":"native","breadcrumbs":[{"timestamp":1748192947.498,"category":"electron","message":"window.blur","type":"ui","data":{"id":2,"url":"https://discord.com/channels/1233108238921367643/1318799540563873812"}},{"timestamp":1748192947.498,"category":"electron","message":"app.browser-window-blur","type":"ui"},{"timestamp":1748192947.868,"category":"electron","message":"window.focus","type":"ui","data":{"id":2,"url":"https://discord.com/channels/1233108238921367643/1318799540563873812"}},{"timestamp":1748192947.868,"category":"electron","message":"app.browser-window-focus","type":"ui"},{"timestamp":1748192948.125,"category":"electron","message":"window.blur","type":"ui","data":{"id":2,"url":"https://discord.com/channels/1233108238921367643/1318799540563873812"}},{"timestamp":1748192948.125,"category":"electron","message":"app.browser-window-blur","type":"ui"},{"timestamp":1748192948.391,"category":"electron","message":"window.focus","type":"ui","data":{"id":2,"url":"https://discord.com/channels/1233108238921367643/1318799540563873812"}},{"timestamp":1748192948.391,"category":"electron","message":"app.browser-window-focus","type":"ui"},{"timestamp":1748192948.601,"category":"electron","message":"window.blur","type":"ui","data":{"id":2,"url":"https://discord.com/channels/1233108238921367643/1318799540563873812"}},{"timestamp":1748192948.601,"category":"electron","message":"app.browser-window-blur","type":"ui"},{"timestamp":1748192967.907,"category":"electron","message":"window.focus","type":"ui","data":{"id":2,"url":"https://discord.com/channels/1233108238921367643/1318799540563873812"}},{"timestamp":1748192967.907,"category":"electron","message":"app.browser-window-focus","type":"ui"},{"timestamp":1748192968.282,"category":"electron","message":"window.blur","type":"ui","data":{"id":2,"url":"https://discord.com/channels/1233108238921367643/1318799540563873812"}},{"timestamp":1748192968.282,"category":"electron","message":"app.browser-window-blur","type":"ui"},{"timestamp":1748192988.302,"category":"electron","message":"window.focus","type":"ui","data":{"id":2,"url":"https://discord.com/channels/1233108238921367643/1318799540563873812"}},{"timestamp":1748192988.302,"category":"electron","message":"app.browser-window-focus","type":"ui"},{"timestamp":1748192988.686,"category":"ui.click","message":"ol.scrollerInner__36d07[aria-label=\"Messages in ترقی-پرور-جمهوریت-فرقه-سی\"]"},{"timestamp":1748192988.875,"category":"ui.click","message":"div.markup__75297.editor__1b31f.slateTextArea_ec4baf.fontSize16Padding__74017[aria-label=\"Message #ترقی-پرور-جمهوریت-فرقه-سی\"]"},{"timestamp":1748192989.092,"category":"ui.input","message":"div.markup__75297.editor__1b31f.slateTextArea_ec4baf.fontSize16Padding__74017[aria-label=\"Message #ترقی-پرور-جمهوریت-فرقه-سی\"]"},{"timestamp":1748192996.445,"category":"electron","message":"window.blur","type":"ui","data":{"id":2,"url":"https://discord.com/channels/1233108238921367643/1318799540563873812"}},{"timestamp":1748192996.445,"category":"electron","message":"app.browser-window-blur","type":"ui"},{"timestamp":1748193035.562,"category":"electron","message":"window.focus","type":"ui","data":{"id":2,"url":"https://discord.com/channels/1233108238921367643/1318799540563873812"}},{"timestamp":1748193035.562,"category":"electron","message":"app.browser-window-focus","type":"ui"},{"timestamp":1748193036.314,"category":"electron","message":"window.close","type":"ui","data":{"id":2,"url":"https://discord.com/channels/1233108238921367643/1318799540563873812"}},{"timestamp":1748193036.315,"category":"electron","message":"window.hide","type":"ui","data":{"id":2,"url":"https://discord.com/channels/1233108238921367643/1318799540563873812"}},{"timestamp":1748193036.315,"category":"console","level":"log","message":"blackbox: 5/26/2025, 1:10:36 AM GMT+8 11 window.close win2"},{"timestamp":1748193036.315,"category":"electron","message":"window.blur","type":"ui","data":{"id":2,"url":"https://discord.com/channels/1233108238921367643/1318799540563873812"}},{"timestamp":1748193036.315,"category":"electron","message":"app.browser-window-blur","type":"ui"},{"timestamp":1748193040.039,"category":"electron","message":"app.second-instance","type":"ui"},{"timestamp":1748193040.04,"category":"electron","message":"window.show","type":"ui","data":{"id":2,"url":"https://discord.com/channels/1233108238921367643/1318799540563873812"}},{"timestamp":1748193040.042,"category":"electron","message":"window.show","type":"ui","data":{"id":2,"url":"https://discord.com/channels/1233108238921367643/1318799540563873812"}},{"timestamp":1748193040.043,"category":"electron","message":"window.focus","type":"ui","data":{"id":2,"url":"https://discord.com/channels/1233108238921367643/1318799540563873812"}},{"timestamp":1748193040.043,"category":"electron","message":"app.browser-window-focus","type":"ui"},{"timestamp":1748193041.91,"category":"ui.click","message":"g > g > g > g > path"},{"timestamp":1748193043.501,"category":"ui.click","message":"input.input_fea832[aria-label=\"Search User Settings\"][type=\"text\"]"},{"timestamp":1748193044.787,"category":"ui.click","message":"input.input_fea832[aria-label=\"Search User Settings\"][type=\"text\"]"},{"timestamp":1748193044.964,"category":"ui.input","message":"input.input_fea832[aria-label=\"Search User Settings\"][type=\"text\"]"},{"timestamp":1748193047.78,"category":"electron","message":"window.blur","type":"ui","data":{"id":2,"url":"https://discord.com/channels/1233108238921367643/1318799540563873812"}},{"timestamp":1748193047.78,"category":"electron","message":"app.browser-window-blur","type":"ui"},{"timestamp":1748193053.316,"category":"electron","message":"window.focus","type":"ui","data":{"id":2,"url":"https://discord.com/channels/1233108238921367643/1318799540563873812"}},{"timestamp":1748193053.317,"category":"electron","message":"app.browser-window-focus","type":"ui"},{"timestamp":1748193054.859,"category":"electron","message":"window.blur","type":"ui","data":{"id":2,"url":"https://discord.com/channels/1233108238921367643/1318799540563873812"}},{"timestamp":1748193054.859,"category":"electron","message":"app.browser-window-blur","type":"ui"},{"timestamp":1748193055.211,"category":"electron","message":"window.focus","type":"ui","data":{"id":2,"url":"https://discord.com/channels/1233108238921367643/1318799540563873812"}},{"timestamp":1748193055.211,"category":"electron","message":"app.browser-window-focus","type":"ui"},{"timestamp":1748193055.765,"category":"electron","message":"window.blur","type":"ui","data":{"id":2,"url":"https://discord.com/channels/1233108238921367643/1318799540563873812"}},{"timestamp":1748193055.765,"category":"electron","message":"app.browser-window-blur","type":"ui"},{"timestamp":1748193090.625,"category":"electron","message":"window.focus","type":"ui","data":{"id":2,"url":"https://discord.com/channels/1233108238921367643/1318799540563873812"}},{"timestamp":1748193090.626,"category":"electron","message":"app.browser-window-focus","type":"ui"},{"timestamp":1748193093.066,"category":"electron","message":"window.blur","type":"ui","data":{"id":2,"url":"https://discord.com/channels/1233108238921367643/1318799540563873812"}},{"timestamp":1748193093.066,"category":"electron","message":"app.browser-window-blur","type":"ui"},{"timestamp":1748193108.821,"category":"electron","message":"app.second-instance","type":"ui"},{"timestamp":1748193108.821,"category":"electron","message":"window.show","type":"ui","data":{"id":2,"url":"https://discord.com/channels/1233108238921367643/1318799540563873812"}},{"timestamp":1748193108.822,"category":"electron","message":"window.show","type":"ui","data":{"id":2,"url":"https://discord.com/channels/1233108238921367643/1318799540563873812"}},{"timestamp":1748193110.084,"category":"electron","message":"window.focus","type":"ui","data":{"id":2,"url":"https://discord.com/channels/1233108238921367643/1318799540563873812"}},{"timestamp":1748193110.084,"category":"electron","message":"app.browser-window-focus","type":"ui"},{"timestamp":1748193110.372,"category":"electron","message":"window.blur","type":"ui","data":{"id":2,"url":"https://discord.com/channels/1233108238921367643/1318799540563873812"}},{"timestamp":1748193110.372,"category":"electron","message":"app.browser-window-blur","type":"ui"},{"timestamp":1748193110.679,"category":"electron","message":"window.focus","type":"ui","data":{"id":2,"url":"https://discord.com/channels/1233108238921367643/1318799540563873812"}},{"timestamp":1748193110.679,"category":"electron","message":"app.browser-window-focus","type":"ui"},{"timestamp":1748193112.732,"category":"electron","message":"window.close","type":"ui","data":{"id":2,"url":"https://discord.com/channels/1233108238921367643/1318799540563873812"}},{"timestamp":1748193112.733,"category":"electron","message":"window.hide","type":"ui","data":{"id":2,"url":"https://discord.com/channels/1233108238921367643/1318799540563873812"}},{"timestamp":1748193112.733,"category":"console","level":"log","message":"blackbox: 5/26/2025, 1:11:52 AM GMT+8 12 window.close win2"},{"timestamp":1748193112.733,"category":"electron","message":"window.blur","type":"ui","data":{"id":2,"url":"https://discord.com/channels/1233108238921367643/1318799540563873812"}},{"timestamp":1748193112.733,"category":"electron","message":"app.browser-window-blur","type":"ui"},{"timestamp":1748193118.383,"category":"electron","message":"app.second-instance","type":"ui"},{"timestamp":1748193118.384,"category":"electron","message":"window.show","type":"ui","data":{"id":2,"url":"https://discord.com/channels/1233108238921367643/1318799540563873812"}},{"timestamp":1748193118.386,"category":"electron","message":"window.show","type":"ui","data":{"id":2,"url":"https://discord.com/channels/1233108238921367643/1318799540563873812"}},{"timestamp":1748193118.386,"category":"electron","message":"window.focus","type":"ui","data":{"id":2,"url":"https://discord.com/channels/1233108238921367643/1318799540563873812"}},{"timestamp":1748193118.386,"category":"electron","message":"app.browser-window-focus","type":"ui"},{"timestamp":1748193118.39,"category":"electron","message":"window.blur","type":"ui","data":{"id":2,"url":"https://discord.com/channels/1233108238921367643/1318799540563873812"}},{"timestamp":1748193118.39,"category":"electron","message":"app.browser-window-blur","type":"ui"},{"timestamp":1748193118.391,"category":"electron","message":"window.focus","type":"ui","data":{"id":2,"url":"https://discord.com/channels/1233108238921367643/1318799540563873812"}},{"timestamp":1748193118.391,"category":"electron","message":"app.browser-window-focus","type":"ui"},{"timestamp":1748193118.391,"category":"electron","message":"window.blur","type":"ui","data":{"id":2,"url":"https://discord.com/channels/1233108238921367643/1318799540563873812"}},{"timestamp":1748193118.391,"category":"electron","message":"app.browser-window-blur","type":"ui"},{"timestamp":1748193118.704,"category":"electron","message":"window.focus","type":"ui","data":{"id":2,"url":"https://discord.com/channels/1233108238921367643/1318799540563873812"}},{"timestamp":1748193118.705,"category":"electron","message":"app.browser-window-focus","type":"ui"},{"timestamp":1748193121.276,"category":"ui.click","message":"div.contents__201d5 > div.lottieIcon__5eb9b.lottieIconColors__5eb9b > svg"},{"timestamp":1748193124.758,"category":"electron","message":"window.close","type":"ui","data":{"id":2,"url":"https://discord.com/channels/1233108238921367643/1318799540563873812"}},{"timestamp":1748193124.758,"category":"electron","message":"window.hide","type":"ui","data":{"id":2,"url":"https://discord.com/channels/1233108238921367643/1318799540563873812"}},{"timestamp":1748193124.759,"category":"console","level":"log","message":"blackbox: 5/26/2025, 1:12:04 AM GMT+8 13 window.close win2"},{"timestamp":1748193124.759,"category":"electron","message":"window.blur","type":"ui","data":{"id":2,"url":"https://discord.com/channels/1233108238921367643/1318799540563873812"}},{"timestamp":1748193124.759,"category":"electron","message":"app.browser-window-blur","type":"ui"},{"timestamp":1748193153.295,"category":"electron","message":"app.second-instance","type":"ui"},{"timestamp":1748193153.296,"category":"electron","message":"window.show","type":"ui","data":{"id":2,"url":"https://discord.com/channels/1233108238921367643/1318799540563873812"}},{"timestamp":1748193153.298,"category":"electron","message":"window.show","type":"ui","data":{"id":2,"url":"https://discord.com/channels/1233108238921367643/1318799540563873812"}},{"timestamp":1748193153.298,"category":"electron","message":"window.focus","type":"ui","data":{"id":2,"url":"https://discord.com/channels/1233108238921367643/1318799540563873812"}},{"timestamp":1748193153.298,"category":"electron","message":"app.browser-window-focus","type":"ui"},{"timestamp":1748193155.127,"category":"ui.click","message":"div.container_c2b141 > div.closeButton_c2b141[aria-label=\"Close\"]"},{"timestamp":1748193156.058,"category":"electron","message":"window.blur","type":"ui","data":{"id":2,"url":"https://discord.com/channels/1233108238921367643/1318799540563873812"}},{"timestamp":1748193156.058,"category":"electron","message":"app.browser-window-blur","type":"ui"},{"timestamp":1748193159.932,"category":"electron","message":"window.focus","type":"ui","data":{"id":2,"url":"https://discord.com/channels/1233108238921367643/1318799540563873812"}},{"timestamp":1748193159.932,"category":"electron","message":"app.browser-window-focus","type":"ui"},{"timestamp":1748193161.563,"category":"electron","message":"window.blur","type":"ui","data":{"id":2,"url":"https://discord.com/channels/1233108238921367643/1318799540563873812"}},{"timestamp":1748193161.564,"category":"electron","message":"app.browser-window-blur","type":"ui"},{"timestamp":1748193162.412,"category":"electron","message":"window.focus","type":"ui","data":{"id":2,"url":"https://discord.com/channels/1233108238921367643/1318799540563873812"}},{"timestamp":1748193162.412,"category":"electron","message":"app.browser-window-focus","type":"ui"},{"timestamp":1748193163.403,"category":"electron","message":"window.blur","type":"ui","data":{"id":2,"url":"https://discord.com/channels/1233108238921367643/1318799540563873812"}},{"timestamp":1748193163.403,"category":"electron","message":"app.browser-window-blur","type":"ui"},{"timestamp":1748193251.122,"category":"console","level":"log","message":"Discord 0.0.95"},{"timestamp":1748193251.171,"category":"electron","message":"app.will-finish-launching","type":"ui"},{"timestamp":1748193251.173,"category":"electron","message":"app.ready","type":"ui"},{"timestamp":1748193251.18,"category":"electron","message":"app.session-created","type":"ui"},{"timestamp":1748193251.18,"category":"console","level":"warning","message":"(electron) 'session.getPreloads' is deprecated and will be removed. Please use 'session.getPreloadScripts' instead."},{"timestamp":1748193251.18,"category":"console","level":"warning","message":"(electron) 'session.setPreloads' is deprecated and will be removed. Please use 'session.registerPreloadScript' instead."},{"timestamp":1748193251.181,"category":"console","level":"log","message":"Starting app."},{"timestamp":1748193251.183,"category":"console","level":"log","message":"Starting updater."},{"timestamp":1748193251.194,"category":"console","level":"log","message":"5/26/2025, 1:14:11 AM GMT+8 [Modules] Modules initializing"},{"timestamp":1748193251.194,"category":"console","level":"log","message":"5/26/2025, 1:14:11 AM GMT+8 [Modules] Distribution: remote"},{"timestamp":1748193251.195,"category":"console","level":"log","message":"5/26/2025, 1:14:11 AM GMT+8 [Modules] Host updates: enabled"},{"timestamp":1748193251.195,"category":"console","level":"log","message":"5/26/2025, 1:14:11 AM GMT+8 [Modules] Module updates: enabled"},{"timestamp":1748193251.195,"category":"console","level":"log","message":"5/26/2025, 1:14:11 AM GMT+8 [Modules] Module install path: /home/james/.config/discord/0.0.95/modules"},{"timestamp":1748193251.195,"category":"console","level":"log","message":"5/26/2025, 1:14:11 AM GMT+8 [Modules] Module installed file path: /home/james/.config/discord/0.0.95/modules/installed.json"},{"timestamp":1748193251.195,"category":"console","level":"log","message":"5/26/2025, 1:14:11 AM GMT+8 [Modules] Module download path: /home/james/.config/discord/0.0.95/modules/pending"},{"timestamp":1748193251.197,"category":"console","level":"log","message":"splashScreen.initSplash(false)"},{"timestamp":1748193251.197,"category":"console","level":"log","message":"CDM component API found"},{"timestamp":1748193251.207,"category":"electron","message":"app.web-contents-created","type":"ui"},{"timestamp":1748193251.208,"category":"electron","message":"app.browser-window-created","type":"ui"},{"timestamp":1748193251.223,"category":"console","level":"log","message":"blackbox: 5/26/2025, 1:14:11 AM GMT+8 0 \n\n----------------------------------------------"},{"timestamp":1748193251.224,"category":"console","level":"log","message":"CDM completed with status: cdm-ready-success"}],"event_id":"e422c5fdad174cefa0bb4945460db707","timestamp":1748193251.235,"sdk":{"integrations":["SentryMinidump","ElectronBreadcrumbs","Net","MainContext","ChildProcess","OnUncaughtException","PreloadInjection","AdditionalContext","Screenshots","RendererProfiling","InboundFilters","FunctionToString","LinkedErrors","RequestData","Console","Http","Undici","OnUnhandledRejection","ContextLines","LocalVariables","Modules"],"name":"sentry.javascript.electron","version":"4.24.0","packages":[{"name":"npm:@sentry/electron","version":"4.24.0"}]},"modules":{},"extra":{"release_channel":"stable","sentry":{"environment":"stable","release":"0.0.95"},"wm":"Hyprland,unknown","distro":"\"Arch Linux\""}}
5/26/2025, 1:14:11 AM GMT+8 6: ✅ webContents.did-finish-load web1
5/26/2025, 1:14:11 AM GMT+8 7: ✅ webContents.created web2 ""
5/26/2025, 1:14:11 AM GMT+8 8: ✅ window.created win2 "Discord"
5/26/2025, 1:14:12 AM GMT+8 9: ✅ webContents.did-finish-load web2
5/26/2025, 1:14:12 AM GMT+8 10: window.close win1
5/26/2025, 1:14:12 AM GMT+8 11: webContents.destroyed web1
5/26/2025, 1:14:12 AM GMT+8 12: window.closed win1
5/26/2025, 1:15:30 AM GMT+8 13: ✅ webContents.created web3 ""
5/26/2025, 1:15:30 AM GMT+8 14: ✅ window.created win3 "Vencord QuickCSS Editor"
5/26/2025, 1:15:31 AM GMT+8 15: ✅ webContents.did-finish-load web3
5/26/2025, 1:16:16 AM GMT+8 16: window.close win3
5/26/2025, 1:16:16 AM GMT+8 17: webContents.destroyed web3
5/26/2025, 1:16:16 AM GMT+8 18: window.closed win3
5/26/2025, 1:17:49 AM GMT+8 19: ✅ webContents.created web4 ""
5/26/2025, 1:17:49 AM GMT+8 20: ✅ window.created win4 "Vencord QuickCSS Editor"
5/26/2025, 1:17:50 AM GMT+8 21: ✅ webContents.did-finish-load web4
5/26/2025, 1:17:50 AM GMT+8 22: window.close win4
5/26/2025, 1:17:50 AM GMT+8 23: webContents.destroyed web4
5/26/2025, 1:17:50 AM GMT+8 24: window.closed win4
5/26/2025, 1:24:54 AM GMT+8 25: ✅ webContents.created web5 ""
5/26/2025, 1:24:54 AM GMT+8 26: ✅ window.created win5 "Vencord QuickCSS Editor"
5/26/2025, 1:24:54 AM GMT+8 27: ✅ webContents.did-finish-load web5
5/26/2025, 1:25:01 AM GMT+8 28: window.close win5
5/26/2025, 1:25:01 AM GMT+8 29: webContents.destroyed web5
5/26/2025, 1:25:01 AM GMT+8 30: window.closed win5
5/26/2025, 1:25:21 AM GMT+8 0: 

----------------------------------------------
5/26/2025, 1:25:26 AM GMT+8 31: window.close win2
5/26/2025, 1:25:29 AM GMT+8 0: 

----------------------------------------------
5/26/2025, 1:31:42 AM GMT+8 32: window.close win2
5/26/2025, 1:34:01 AM GMT+8 0: 

----------------------------------------------
5/26/2025, 1:34:12 AM GMT+8 33: window.close win2
5/26/2025, 1:35:53 AM GMT+8 0: 

----------------------------------------------
5/26/2025, 1:35:54 AM GMT+8 34: window.close win2
5/26/2025, 1:37:11 AM GMT+8 0: 

----------------------------------------------
5/26/2025, 1:37:20 AM GMT+8 35: ❌ child-process-gone {
  type: 'Utility',
  reason: 'abnormal-exit',
  exitCode: 32512,
  serviceName: 'video_capture.mojom.VideoCaptureService',
  name: 'Video Capture'
}
5/26/2025, 1:37:20 AM GMT+8 36: Sentry report: {"contexts":{"trace":{"trace_id":"46d270a880d8465a9ec873db5a027bfd","span_id":"9380e762c5c67a20"},"app":{"app_name":"discord","app_version":"0.0.95","app_start_time":"2025-05-25T17:14:10.755Z"},"os":{"kernel_version":"6.14.7-arch2-1","name":"Arch Linux","version":"\"rolling\""},"browser":{"name":"Chrome"},"chrome":{"name":"Chrome","type":"runtime","version":"134.0.6998.205"},"device":{"arch":"x64","family":"Desktop","language":"en-US","screen_density":1,"screen_resolution":"1920x1080","memory_size":16666267648,"free_memory":6265344000,"processor_count":12,"cpu_description":"AMD Ryzen 5 3600 6-Core Processor","processor_frequency":3938},"node":{"name":"Node","type":"runtime","version":"22.14.0"},"runtime":{"name":"Electron","version":"35.3.0"}},"environment":"stable","release":"0.0.95","user":{"ip_address":"{{auto}}","id":"984605084526739467","username":"drjam_","email":"jamesallanmdr2005@gmail.com"},"tags":{"event.origin":"electron","event.environment":"javascript","event.process":"Utility","event_type":"javascript","nativeBuildNumber":"null"},"event_id":"6ba6728380d04d22bb56854db1efc1ec","level":"warning","message":"'Utility' process exited with 'abnormal-exit'","platform":"node","timestamp":1748194640.695,"sdk":{"integrations":["SentryMinidump","ElectronBreadcrumbs","Net","MainContext","ChildProcess","OnUncaughtException","PreloadInjection","AdditionalContext","Screenshots","RendererProfiling","InboundFilters","FunctionToString","LinkedErrors","RequestData","Console","Http","Undici","OnUnhandledRejection","ContextLines","LocalVariables","Modules"]},"breadcrumbs":[{"timestamp":1748194117.712,"category":"electron","message":"window.focus","type":"ui","data":{"id":2,"url":"https://discord.com/channels/1233108238921367643/1318799540563873812"}},{"timestamp":1748194117.712,"category":"electron","message":"app.browser-window-focus","type":"ui"},{"timestamp":1748194119.081,"category":"electron","message":"window.blur","type":"ui","data":{"id":2,"url":"https://discord.com/channels/1233108238921367643/1318799540563873812"}},{"timestamp":1748194119.081,"category":"electron","message":"app.browser-window-blur","type":"ui"},{"timestamp":1748194143.382,"category":"electron","message":"window.focus","type":"ui","data":{"id":2,"url":"https://discord.com/channels/1233108238921367643/1318799540563873812"}},{"timestamp":1748194143.383,"category":"electron","message":"app.browser-window-focus","type":"ui"},{"timestamp":1748194144.493,"category":"electron","message":"window.blur","type":"ui","data":{"id":2,"url":"https://discord.com/channels/1233108238921367643/1318799540563873812"}},{"timestamp":1748194144.493,"category":"electron","message":"app.browser-window-blur","type":"ui"},{"timestamp":1748194144.753,"category":"electron","message":"window.focus","type":"ui","data":{"id":2,"url":"https://discord.com/channels/1233108238921367643/1318799540563873812"}},{"timestamp":1748194144.753,"category":"electron","message":"app.browser-window-focus","type":"ui"},{"timestamp":1748194144.871,"category":"electron","message":"window.blur","type":"ui","data":{"id":2,"url":"https://discord.com/channels/1233108238921367643/1318799540563873812"}},{"timestamp":1748194144.872,"category":"electron","message":"app.browser-window-blur","type":"ui"},{"timestamp":1748194145.396,"category":"electron","message":"window.focus","type":"ui","data":{"id":2,"url":"https://discord.com/channels/1233108238921367643/1318799540563873812"}},{"timestamp":1748194145.396,"category":"electron","message":"app.browser-window-focus","type":"ui"},{"timestamp":1748194152.607,"category":"ui.click","message":"div.wrapper_cc5dd2 > svg > foreignobject > div.wrapper__6e9f8.selected__6e9f8"},{"timestamp":1748194157.659,"category":"electron","message":"window.blur","type":"ui","data":{"id":2,"url":"https://discord.com/channels/1338854314273407038/1338854314273407043"}},{"timestamp":1748194157.659,"category":"electron","message":"app.browser-window-blur","type":"ui"},{"timestamp":1748194161.51,"category":"electron","message":"window.focus","type":"ui","data":{"id":2,"url":"https://discord.com/channels/1338854314273407038/1338854314273407043"}},{"timestamp":1748194161.51,"category":"electron","message":"app.browser-window-focus","type":"ui"},{"timestamp":1748194162.719,"category":"ui.click","message":"div.contents__201d5.attachButtonInner__0923f > svg > path"},{"timestamp":1748194163.833,"category":"ui.click","message":"div#channel-attach-upload-file.item_c1e9c4.labelContainer_c1e9c4.colorDefault_c1e9c4.focused_c1e9c4"},{"timestamp":1748194163.836,"category":"ui.click","message":"div.uploadInput__0923f > input.file-input[type=\"file\"]"},{"timestamp":1748194163.977,"category":"electron","message":"window.blur","type":"ui","data":{"id":2,"url":"https://discord.com/channels/1338854314273407038/1338854314273407043"}},{"timestamp":1748194163.977,"category":"electron","message":"app.browser-window-blur","type":"ui"},{"timestamp":1748194165.555,"category":"electron","message":"window.focus","type":"ui","data":{"id":2,"url":"https://discord.com/channels/1338854314273407038/1338854314273407043"}},{"timestamp":1748194165.555,"category":"electron","message":"app.browser-window-focus","type":"ui"},{"timestamp":1748194165.978,"category":"electron","message":"window.blur","type":"ui","data":{"id":2,"url":"https://discord.com/channels/1338854314273407038/1338854314273407043"}},{"timestamp":1748194165.978,"category":"electron","message":"app.browser-window-blur","type":"ui"},{"timestamp":1748194166.26,"category":"electron","message":"window.focus","type":"ui","data":{"id":2,"url":"https://discord.com/channels/1338854314273407038/1338854314273407043"}},{"timestamp":1748194166.26,"category":"electron","message":"app.browser-window-focus","type":"ui"},{"timestamp":1748194167.726,"category":"ui.click","message":"div"},{"timestamp":1748194169.516,"category":"electron","message":"window.blur","type":"ui","data":{"id":2,"url":"https://discord.com/channels/1338854314273407038/1338854314273407043"}},{"timestamp":1748194169.516,"category":"electron","message":"app.browser-window-blur","type":"ui"},{"timestamp":1748194252.879,"category":"electron","message":"window.focus","type":"ui","data":{"id":2,"url":"https://discord.com/channels/1338854314273407038/1338854314273407043"}},{"timestamp":1748194252.88,"category":"electron","message":"app.browser-window-focus","type":"ui"},{"timestamp":1748194253.334,"category":"electron","message":"window.blur","type":"ui","data":{"id":2,"url":"https://discord.com/channels/1338854314273407038/1338854314273407043"}},{"timestamp":1748194253.335,"category":"electron","message":"app.browser-window-blur","type":"ui"},{"timestamp":1748194253.502,"category":"electron","message":"window.focus","type":"ui","data":{"id":2,"url":"https://discord.com/channels/1338854314273407038/1338854314273407043"}},{"timestamp":1748194253.502,"category":"electron","message":"app.browser-window-focus","type":"ui"},{"timestamp":1748194253.886,"category":"electron","message":"window.blur","type":"ui","data":{"id":2,"url":"https://discord.com/channels/1338854314273407038/1338854314273407043"}},{"timestamp":1748194253.886,"category":"electron","message":"app.browser-window-blur","type":"ui"},{"timestamp":1748194293.955,"category":"electron","message":"window.focus","type":"ui","data":{"id":2,"url":"https://discord.com/channels/1338854314273407038/1338854314273407043"}},{"timestamp":1748194293.955,"category":"electron","message":"app.browser-window-focus","type":"ui"},{"timestamp":1748194294.571,"category":"ui.click","message":"div.markup__75297.editor__1b31f.slateTextArea_ec4baf.fontSize16Padding__74017[aria-label=\"Message #general\"]"},{"timestamp":1748194295.166,"category":"ui.input","message":"div.markup__75297.editor__1b31f.slateTextArea_ec4baf.fontSize16Padding__74017[aria-label=\"Message #general\"]"},{"timestamp":1748194296.553,"category":"electron","message":"window.blur","type":"ui","data":{"id":2,"url":"https://discord.com/channels/1338854314273407038/1338854314273407043"}},{"timestamp":1748194296.553,"category":"electron","message":"app.browser-window-blur","type":"ui"},{"timestamp":1748194302.326,"category":"electron","message":"window.focus","type":"ui","data":{"id":2,"url":"https://discord.com/channels/1338854314273407038/1338854314273407043"}},{"timestamp":1748194302.326,"category":"electron","message":"app.browser-window-focus","type":"ui"},{"timestamp":1748194302.87,"category":"electron","message":"window.close","type":"ui","data":{"id":2,"url":"https://discord.com/channels/1338854314273407038/1338854314273407043"}},{"timestamp":1748194302.87,"category":"electron","message":"window.hide","type":"ui","data":{"id":2,"url":"https://discord.com/channels/1338854314273407038/1338854314273407043"}},{"timestamp":1748194302.871,"category":"console","level":"log","message":"blackbox: 5/26/2025, 1:31:42 AM GMT+8 32 window.close win2"},{"timestamp":1748194302.871,"category":"electron","message":"window.blur","type":"ui","data":{"id":2,"url":"https://discord.com/channels/1338854314273407038/1338854314273407043"}},{"timestamp":1748194302.871,"category":"electron","message":"app.browser-window-blur","type":"ui"},{"timestamp":1748194441.468,"category":"electron","message":"app.second-instance","type":"ui"},{"timestamp":1748194441.469,"category":"electron","message":"window.show","type":"ui","data":{"id":2,"url":"https://discord.com/channels/1338854314273407038/1338854314273407043"}},{"timestamp":1748194441.471,"category":"electron","message":"window.show","type":"ui","data":{"id":2,"url":"https://discord.com/channels/1338854314273407038/1338854314273407043"}},{"timestamp":1748194441.471,"category":"electron","message":"window.focus","type":"ui","data":{"id":2,"url":"https://discord.com/channels/1338854314273407038/1338854314273407043"}},{"timestamp":1748194441.472,"category":"electron","message":"app.browser-window-focus","type":"ui"},{"timestamp":1748194441.477,"category":"electron","message":"window.blur","type":"ui","data":{"id":2,"url":"https://discord.com/channels/1338854314273407038/1338854314273407043"}},{"timestamp":1748194441.477,"category":"electron","message":"app.browser-window-blur","type":"ui"},{"timestamp":1748194441.479,"category":"electron","message":"window.focus","type":"ui","data":{"id":2,"url":"https://discord.com/channels/1338854314273407038/1338854314273407043"}},{"timestamp":1748194441.479,"category":"electron","message":"app.browser-window-focus","type":"ui"},{"timestamp":1748194446.387,"category":"ui.click","message":"div.contents__201d5 > div.lottieIcon__5eb9b.lottieIconColors__5eb9b > svg"},{"timestamp":1748194450.65,"category":"ui.click","message":"div.settingsPage_f131e9"},{"timestamp":1748194451.102,"category":"ui.click","message":"div.tab_f8303a.item_b3f026.brand_b3f026.selected_b3f026[aria-label=\"Standing\"]"},{"timestamp":1748194452.362,"category":"electron","message":"window.close","type":"ui","data":{"id":2,"url":"https://discord.com/channels/1338854314273407038/1338854314273407043"}},{"timestamp":1748194452.362,"category":"electron","message":"window.hide","type":"ui","data":{"id":2,"url":"https://discord.com/channels/1338854314273407038/1338854314273407043"}},{"timestamp":1748194452.363,"category":"console","level":"log","message":"blackbox: 5/26/2025, 1:34:12 AM GMT+8 33 window.close win2"},{"timestamp":1748194452.363,"category":"electron","message":"window.blur","type":"ui","data":{"id":2,"url":"https://discord.com/channels/1338854314273407038/1338854314273407043"}},{"timestamp":1748194452.363,"category":"electron","message":"app.browser-window-blur","type":"ui"},{"timestamp":1748194553.275,"category":"electron","message":"app.second-instance","type":"ui"},{"timestamp":1748194553.275,"category":"electron","message":"window.show","type":"ui","data":{"id":2,"url":"https://discord.com/channels/1338854314273407038/1338854314273407043"}},{"timestamp":1748194553.277,"category":"electron","message":"window.show","type":"ui","data":{"id":2,"url":"https://discord.com/channels/1338854314273407038/1338854314273407043"}},{"timestamp":1748194553.277,"category":"electron","message":"window.focus","type":"ui","data":{"id":2,"url":"https://discord.com/channels/1338854314273407038/1338854314273407043"}},{"timestamp":1748194553.277,"category":"electron","message":"app.browser-window-focus","type":"ui"},{"timestamp":1748194553.281,"category":"electron","message":"window.blur","type":"ui","data":{"id":2,"url":"https://discord.com/channels/1338854314273407038/1338854314273407043"}},{"timestamp":1748194553.281,"category":"electron","message":"app.browser-window-blur","type":"ui"},{"timestamp":1748194553.282,"category":"electron","message":"window.focus","type":"ui","data":{"id":2,"url":"https://discord.com/channels/1338854314273407038/1338854314273407043"}},{"timestamp":1748194553.282,"category":"electron","message":"app.browser-window-focus","type":"ui"},{"timestamp":1748194554.912,"category":"electron","message":"window.close","type":"ui","data":{"id":2,"url":"https://discord.com/channels/1338854314273407038/1338854314273407043"}},{"timestamp":1748194554.913,"category":"electron","message":"window.hide","type":"ui","data":{"id":2,"url":"https://discord.com/channels/1338854314273407038/1338854314273407043"}},{"timestamp":1748194554.913,"category":"console","level":"log","message":"blackbox: 5/26/2025, 1:35:54 AM GMT+8 34 window.close win2"},{"timestamp":1748194554.913,"category":"electron","message":"window.blur","type":"ui","data":{"id":2,"url":"https://discord.com/channels/1338854314273407038/1338854314273407043"}},{"timestamp":1748194554.913,"category":"electron","message":"app.browser-window-blur","type":"ui"},{"timestamp":1748194631.318,"category":"electron","message":"app.second-instance","type":"ui"},{"timestamp":1748194631.319,"category":"electron","message":"window.show","type":"ui","data":{"id":2,"url":"https://discord.com/channels/1338854314273407038/1338854314273407043"}},{"timestamp":1748194631.321,"category":"electron","message":"window.show","type":"ui","data":{"id":2,"url":"https://discord.com/channels/1338854314273407038/1338854314273407043"}},{"timestamp":1748194631.322,"category":"electron","message":"window.focus","type":"ui","data":{"id":2,"url":"https://discord.com/channels/1338854314273407038/1338854314273407043"}},{"timestamp":1748194631.322,"category":"electron","message":"app.browser-window-focus","type":"ui"},{"timestamp":1748194631.326,"category":"electron","message":"window.blur","type":"ui","data":{"id":2,"url":"https://discord.com/channels/1338854314273407038/1338854314273407043"}},{"timestamp":1748194631.326,"category":"electron","message":"app.browser-window-blur","type":"ui"},{"timestamp":1748194631.326,"category":"electron","message":"window.focus","type":"ui","data":{"id":2,"url":"https://discord.com/channels/1338854314273407038/1338854314273407043"}},{"timestamp":1748194631.326,"category":"electron","message":"app.browser-window-focus","type":"ui"},{"timestamp":1748194638.682,"category":"ui.click","message":"div.wrapper_cc5dd2 > svg > foreignobject > div.wrapper__6e9f8.selected__6e9f8"},{"timestamp":1748194640.13,"category":"electron","message":"window.blur","type":"ui","data":{"id":2,"url":"https://discord.com/channels/1233108238921367643/1318799540563873812"}},{"timestamp":1748194640.13,"category":"electron","message":"app.browser-window-blur","type":"ui"},{"timestamp":1748194640.333,"category":"electron","message":"window.focus","type":"ui","data":{"id":2,"url":"https://discord.com/channels/1233108238921367643/1318799540563873812"}},{"timestamp":1748194640.333,"category":"electron","message":"app.browser-window-focus","type":"ui"},{"timestamp":1748194640.694,"category":"electron","message":"app.child-process-gone","type":"ui"}],"sdkProcessingMetadata":{"dynamicSamplingContext":{"environment":"stable","release":"0.0.95","public_key":"d2558f321dfc7ab68366d8258fd256c7","trace_id":"46d270a880d8465a9ec873db5a027bfd"}},"modules":{},"extra":{"release_channel":"stable","sentry":{"environment":"stable","release":"0.0.95","user":{"id":"984605084526739467","username":"drjam_","email":"jamesallanmdr2005@gmail.com"}},"wm":"Hyprland,unknown","distro":"\"Arch Linux\"","nativeBuildNumber":"null","user_id":"984605084526739467","username":"drjam_","email":"jamesallanmdr2005@gmail.com"}}
5/26/2025, 1:37:21 AM GMT+8 37: ❌ child-process-gone {
  type: 'Utility',
  reason: 'abnormal-exit',
  exitCode: 32512,
  serviceName: 'video_capture.mojom.VideoCaptureService',
  name: 'Video Capture'
}
5/26/2025, 1:37:21 AM GMT+8 38: Sentry report: {"contexts":{"trace":{"trace_id":"46d270a880d8465a9ec873db5a027bfd","span_id":"9380e762c5c67a20"},"app":{"app_name":"discord","app_version":"0.0.95","app_start_time":"2025-05-25T17:14:10.755Z"},"os":{"kernel_version":"6.14.7-arch2-1","name":"Arch Linux","version":"\"rolling\""},"browser":{"name":"Chrome"},"chrome":{"name":"Chrome","type":"runtime","version":"134.0.6998.205"},"device":{"arch":"x64","family":"Desktop","language":"en-US","screen_density":1,"screen_resolution":"1920x1080","memory_size":16666267648,"free_memory":6247223296,"processor_count":12,"cpu_description":"AMD Ryzen 5 3600 6-Core Processor","processor_frequency":3949},"node":{"name":"Node","type":"runtime","version":"22.14.0"},"runtime":{"name":"Electron","version":"35.3.0"}},"environment":"stable","release":"0.0.95","user":{"ip_address":"{{auto}}","id":"984605084526739467","username":"drjam_","email":"jamesallanmdr2005@gmail.com"},"tags":{"event.origin":"electron","event.environment":"javascript","event.process":"Utility","event_type":"javascript","nativeBuildNumber":"null"},"event_id":"fa08c20d5d4c4070a80fa7048676aaa3","level":"warning","message":"'Utility' process exited with 'abnormal-exit'","platform":"node","timestamp":1748194641.029,"sdk":{"integrations":["SentryMinidump","ElectronBreadcrumbs","Net","MainContext","ChildProcess","OnUncaughtException","PreloadInjection","AdditionalContext","Screenshots","RendererProfiling","InboundFilters","FunctionToString","LinkedErrors","RequestData","Console","Http","Undici","OnUnhandledRejection","ContextLines","LocalVariables","Modules"]},"breadcrumbs":[{"timestamp":1748194144.493,"category":"electron","message":"window.blur","type":"ui","data":{"id":2,"url":"https://discord.com/channels/1233108238921367643/1318799540563873812"}},{"timestamp":1748194144.493,"category":"electron","message":"app.browser-window-blur","type":"ui"},{"timestamp":1748194144.753,"category":"electron","message":"window.focus","type":"ui","data":{"id":2,"url":"https://discord.com/channels/1233108238921367643/1318799540563873812"}},{"timestamp":1748194144.753,"category":"electron","message":"app.browser-window-focus","type":"ui"},{"timestamp":1748194144.871,"category":"electron","message":"window.blur","type":"ui","data":{"id":2,"url":"https://discord.com/channels/1233108238921367643/1318799540563873812"}},{"timestamp":1748194144.872,"category":"electron","message":"app.browser-window-blur","type":"ui"},{"timestamp":1748194145.396,"category":"electron","message":"window.focus","type":"ui","data":{"id":2,"url":"https://discord.com/channels/1233108238921367643/1318799540563873812"}},{"timestamp":1748194145.396,"category":"electron","message":"app.browser-window-focus","type":"ui"},{"timestamp":1748194152.607,"category":"ui.click","message":"div.wrapper_cc5dd2 > svg > foreignobject > div.wrapper__6e9f8.selected__6e9f8"},{"timestamp":1748194157.659,"category":"electron","message":"window.blur","type":"ui","data":{"id":2,"url":"https://discord.com/channels/1338854314273407038/1338854314273407043"}},{"timestamp":1748194157.659,"category":"electron","message":"app.browser-window-blur","type":"ui"},{"timestamp":1748194161.51,"category":"electron","message":"window.focus","type":"ui","data":{"id":2,"url":"https://discord.com/channels/1338854314273407038/1338854314273407043"}},{"timestamp":1748194161.51,"category":"electron","message":"app.browser-window-focus","type":"ui"},{"timestamp":1748194162.719,"category":"ui.click","message":"div.contents__201d5.attachButtonInner__0923f > svg > path"},{"timestamp":1748194163.833,"category":"ui.click","message":"div#channel-attach-upload-file.item_c1e9c4.labelContainer_c1e9c4.colorDefault_c1e9c4.focused_c1e9c4"},{"timestamp":1748194163.836,"category":"ui.click","message":"div.uploadInput__0923f > input.file-input[type=\"file\"]"},{"timestamp":1748194163.977,"category":"electron","message":"window.blur","type":"ui","data":{"id":2,"url":"https://discord.com/channels/1338854314273407038/1338854314273407043"}},{"timestamp":1748194163.977,"category":"electron","message":"app.browser-window-blur","type":"ui"},{"timestamp":1748194165.555,"category":"electron","message":"window.focus","type":"ui","data":{"id":2,"url":"https://discord.com/channels/1338854314273407038/1338854314273407043"}},{"timestamp":1748194165.555,"category":"electron","message":"app.browser-window-focus","type":"ui"},{"timestamp":1748194165.978,"category":"electron","message":"window.blur","type":"ui","data":{"id":2,"url":"https://discord.com/channels/1338854314273407038/1338854314273407043"}},{"timestamp":1748194165.978,"category":"electron","message":"app.browser-window-blur","type":"ui"},{"timestamp":1748194166.26,"category":"electron","message":"window.focus","type":"ui","data":{"id":2,"url":"https://discord.com/channels/1338854314273407038/1338854314273407043"}},{"timestamp":1748194166.26,"category":"electron","message":"app.browser-window-focus","type":"ui"},{"timestamp":1748194167.726,"category":"ui.click","message":"div"},{"timestamp":1748194169.516,"category":"electron","message":"window.blur","type":"ui","data":{"id":2,"url":"https://discord.com/channels/1338854314273407038/1338854314273407043"}},{"timestamp":1748194169.516,"category":"electron","message":"app.browser-window-blur","type":"ui"},{"timestamp":1748194252.879,"category":"electron","message":"window.focus","type":"ui","data":{"id":2,"url":"https://discord.com/channels/1338854314273407038/1338854314273407043"}},{"timestamp":1748194252.88,"category":"electron","message":"app.browser-window-focus","type":"ui"},{"timestamp":1748194253.334,"category":"electron","message":"window.blur","type":"ui","data":{"id":2,"url":"https://discord.com/channels/1338854314273407038/1338854314273407043"}},{"timestamp":1748194253.335,"category":"electron","message":"app.browser-window-blur","type":"ui"},{"timestamp":1748194253.502,"category":"electron","message":"window.focus","type":"ui","data":{"id":2,"url":"https://discord.com/channels/1338854314273407038/1338854314273407043"}},{"timestamp":1748194253.502,"category":"electron","message":"app.browser-window-focus","type":"ui"},{"timestamp":1748194253.886,"category":"electron","message":"window.blur","type":"ui","data":{"id":2,"url":"https://discord.com/channels/1338854314273407038/1338854314273407043"}},{"timestamp":1748194253.886,"category":"electron","message":"app.browser-window-blur","type":"ui"},{"timestamp":1748194293.955,"category":"electron","message":"window.focus","type":"ui","data":{"id":2,"url":"https://discord.com/channels/1338854314273407038/1338854314273407043"}},{"timestamp":1748194293.955,"category":"electron","message":"app.browser-window-focus","type":"ui"},{"timestamp":1748194294.571,"category":"ui.click","message":"div.markup__75297.editor__1b31f.slateTextArea_ec4baf.fontSize16Padding__74017[aria-label=\"Message #general\"]"},{"timestamp":1748194295.166,"category":"ui.input","message":"div.markup__75297.editor__1b31f.slateTextArea_ec4baf.fontSize16Padding__74017[aria-label=\"Message #general\"]"},{"timestamp":1748194296.553,"category":"electron","message":"window.blur","type":"ui","data":{"id":2,"url":"https://discord.com/channels/1338854314273407038/1338854314273407043"}},{"timestamp":1748194296.553,"category":"electron","message":"app.browser-window-blur","type":"ui"},{"timestamp":1748194302.326,"category":"electron","message":"window.focus","type":"ui","data":{"id":2,"url":"https://discord.com/channels/1338854314273407038/1338854314273407043"}},{"timestamp":1748194302.326,"category":"electron","message":"app.browser-window-focus","type":"ui"},{"timestamp":1748194302.87,"category":"electron","message":"window.close","type":"ui","data":{"id":2,"url":"https://discord.com/channels/1338854314273407038/1338854314273407043"}},{"timestamp":1748194302.87,"category":"electron","message":"window.hide","type":"ui","data":{"id":2,"url":"https://discord.com/channels/1338854314273407038/1338854314273407043"}},{"timestamp":1748194302.871,"category":"console","level":"log","message":"blackbox: 5/26/2025, 1:31:42 AM GMT+8 32 window.close win2"},{"timestamp":1748194302.871,"category":"electron","message":"window.blur","type":"ui","data":{"id":2,"url":"https://discord.com/channels/1338854314273407038/1338854314273407043"}},{"timestamp":1748194302.871,"category":"electron","message":"app.browser-window-blur","type":"ui"},{"timestamp":1748194441.468,"category":"electron","message":"app.second-instance","type":"ui"},{"timestamp":1748194441.469,"category":"electron","message":"window.show","type":"ui","data":{"id":2,"url":"https://discord.com/channels/1338854314273407038/1338854314273407043"}},{"timestamp":1748194441.471,"category":"electron","message":"window.show","type":"ui","data":{"id":2,"url":"https://discord.com/channels/1338854314273407038/1338854314273407043"}},{"timestamp":1748194441.471,"category":"electron","message":"window.focus","type":"ui","data":{"id":2,"url":"https://discord.com/channels/1338854314273407038/1338854314273407043"}},{"timestamp":1748194441.472,"category":"electron","message":"app.browser-window-focus","type":"ui"},{"timestamp":1748194441.477,"category":"electron","message":"window.blur","type":"ui","data":{"id":2,"url":"https://discord.com/channels/1338854314273407038/1338854314273407043"}},{"timestamp":1748194441.477,"category":"electron","message":"app.browser-window-blur","type":"ui"},{"timestamp":1748194441.479,"category":"electron","message":"window.focus","type":"ui","data":{"id":2,"url":"https://discord.com/channels/1338854314273407038/1338854314273407043"}},{"timestamp":1748194441.479,"category":"electron","message":"app.browser-window-focus","type":"ui"},{"timestamp":1748194446.387,"category":"ui.click","message":"div.contents__201d5 > div.lottieIcon__5eb9b.lottieIconColors__5eb9b > svg"},{"timestamp":1748194450.65,"category":"ui.click","message":"div.settingsPage_f131e9"},{"timestamp":1748194451.102,"category":"ui.click","message":"div.tab_f8303a.item_b3f026.brand_b3f026.selected_b3f026[aria-label=\"Standing\"]"},{"timestamp":1748194452.362,"category":"electron","message":"window.close","type":"ui","data":{"id":2,"url":"https://discord.com/channels/1338854314273407038/1338854314273407043"}},{"timestamp":1748194452.362,"category":"electron","message":"window.hide","type":"ui","data":{"id":2,"url":"https://discord.com/channels/1338854314273407038/1338854314273407043"}},{"timestamp":1748194452.363,"category":"console","level":"log","message":"blackbox: 5/26/2025, 1:34:12 AM GMT+8 33 window.close win2"},{"timestamp":1748194452.363,"category":"electron","message":"window.blur","type":"ui","data":{"id":2,"url":"https://discord.com/channels/1338854314273407038/1338854314273407043"}},{"timestamp":1748194452.363,"category":"electron","message":"app.browser-window-blur","type":"ui"},{"timestamp":1748194553.275,"category":"electron","message":"app.second-instance","type":"ui"},{"timestamp":1748194553.275,"category":"electron","message":"window.show","type":"ui","data":{"id":2,"url":"https://discord.com/channels/1338854314273407038/1338854314273407043"}},{"timestamp":1748194553.277,"category":"electron","message":"window.show","type":"ui","data":{"id":2,"url":"https://discord.com/channels/1338854314273407038/1338854314273407043"}},{"timestamp":1748194553.277,"category":"electron","message":"window.focus","type":"ui","data":{"id":2,"url":"https://discord.com/channels/1338854314273407038/1338854314273407043"}},{"timestamp":1748194553.277,"category":"electron","message":"app.browser-window-focus","type":"ui"},{"timestamp":1748194553.281,"category":"electron","message":"window.blur","type":"ui","data":{"id":2,"url":"https://discord.com/channels/1338854314273407038/1338854314273407043"}},{"timestamp":1748194553.281,"category":"electron","message":"app.browser-window-blur","type":"ui"},{"timestamp":1748194553.282,"category":"electron","message":"window.focus","type":"ui","data":{"id":2,"url":"https://discord.com/channels/1338854314273407038/1338854314273407043"}},{"timestamp":1748194553.282,"category":"electron","message":"app.browser-window-focus","type":"ui"},{"timestamp":1748194554.912,"category":"electron","message":"window.close","type":"ui","data":{"id":2,"url":"https://discord.com/channels/1338854314273407038/1338854314273407043"}},{"timestamp":1748194554.913,"category":"electron","message":"window.hide","type":"ui","data":{"id":2,"url":"https://discord.com/channels/1338854314273407038/1338854314273407043"}},{"timestamp":1748194554.913,"category":"console","level":"log","message":"blackbox: 5/26/2025, 1:35:54 AM GMT+8 34 window.close win2"},{"timestamp":1748194554.913,"category":"electron","message":"window.blur","type":"ui","data":{"id":2,"url":"https://discord.com/channels/1338854314273407038/1338854314273407043"}},{"timestamp":1748194554.913,"category":"electron","message":"app.browser-window-blur","type":"ui"},{"timestamp":1748194631.318,"category":"electron","message":"app.second-instance","type":"ui"},{"timestamp":1748194631.319,"category":"electron","message":"window.show","type":"ui","data":{"id":2,"url":"https://discord.com/channels/1338854314273407038/1338854314273407043"}},{"timestamp":1748194631.321,"category":"electron","message":"window.show","type":"ui","data":{"id":2,"url":"https://discord.com/channels/1338854314273407038/1338854314273407043"}},{"timestamp":1748194631.322,"category":"electron","message":"window.focus","type":"ui","data":{"id":2,"url":"https://discord.com/channels/1338854314273407038/1338854314273407043"}},{"timestamp":1748194631.322,"category":"electron","message":"app.browser-window-focus","type":"ui"},{"timestamp":1748194631.326,"category":"electron","message":"window.blur","type":"ui","data":{"id":2,"url":"https://discord.com/channels/1338854314273407038/1338854314273407043"}},{"timestamp":1748194631.326,"category":"electron","message":"app.browser-window-blur","type":"ui"},{"timestamp":1748194631.326,"category":"electron","message":"window.focus","type":"ui","data":{"id":2,"url":"https://discord.com/channels/1338854314273407038/1338854314273407043"}},{"timestamp":1748194631.326,"category":"electron","message":"app.browser-window-focus","type":"ui"},{"timestamp":1748194638.682,"category":"ui.click","message":"div.wrapper_cc5dd2 > svg > foreignobject > div.wrapper__6e9f8.selected__6e9f8"},{"timestamp":1748194640.13,"category":"electron","message":"window.blur","type":"ui","data":{"id":2,"url":"https://discord.com/channels/1233108238921367643/1318799540563873812"}},{"timestamp":1748194640.13,"category":"electron","message":"app.browser-window-blur","type":"ui"},{"timestamp":1748194640.333,"category":"electron","message":"window.focus","type":"ui","data":{"id":2,"url":"https://discord.com/channels/1233108238921367643/1318799540563873812"}},{"timestamp":1748194640.333,"category":"electron","message":"app.browser-window-focus","type":"ui"},{"timestamp":1748194640.694,"category":"electron","message":"app.child-process-gone","type":"ui"},{"timestamp":1748194640.695,"type":"process","category":"child-process","message":"'Utility' process exited with 'abnormal-exit'","level":"warning","data":{"type":"Utility","reason":"abnormal-exit","exitCode":32512,"serviceName":"video_capture.mojom.VideoCaptureService","name":"Video Capture"}},{"timestamp":1748194640.695,"category":"console","level":"error","message":"child-process-gone! child: Utility (Video Capture) exitCode: 32512"},{"timestamp":1748194640.696,"category":"console","level":"log","message":"blackbox: 5/26/2025, 1:37:20 AM GMT+8 35 ❌ child-process-gone {\n  type: 'Utility',\n  reason: 'abnormal-exit',\n  exitCode: 32512,\n  serviceName: 'video_capture.mojom.VideoCaptureService',\n  name: 'Video Capture'\n}"},{"timestamp":1748194640.706,"category":"console","level":"log","message":"blackbox: 5/26/2025, 1:37:20 AM GMT+8 36 Sentry report: {\"contexts\":{\"trace\":{\"trace_id\":\"46d270a880d8465a9ec873db5a027bfd\",\"span_id\":\"9380e762c5c67a20\"},\"app\":{\"app_name\":\"discord\",\"app_version\":\"0.0.95\",\"app_start_time\":\"2025-05-25T17:14:10.755Z\"},\"os\":{\"kernel_version\":\"6.14.7-arch2-1\",\"name\":\"Arch Linux\",\"version\":\"\\\"rolling\\\"\"},\"browser\":{\"name\":\"Chrome\"},\"chrome\":{\"name\":\"Chrome\",\"type\":\"runtime\",\"version\":\"134.0.6998.205\"},\"device\":{\"arch\":\"x64\",\"family\":\"Desktop\",\"language\":\"en-US\",\"screen_density\":1,\"screen_resolution\":\"1920x1080\",\"memory_size\":16666267648,\"free_memory\":6265344000,\"processor_count\":12,\"cpu_description\":\"AMD Ryzen 5 3600 6-Core Processor\",\"processor_frequency\":3938},\"node\":{\"name\":\"Node\",\"type\":\"runtime\",\"version\":\"22.14.0\"},\"runtime\":{\"name\":\"Electron\",\"version\":\"35.3.0\"}},\"environment\":\"stable\",\"release\":\"0.0.95\",\"user\":{\"ip_address\":\"{{auto}}\",\"id\":\"984605084526739467\",\"username\":\"drjam_\",\"email\":\"jamesallanmdr2005@gmail.com\"},\"tags\":{\"event.origin\":\"electron\",\"event.environment\":\"javascript\",\"event.process\":\"Utility\",\"event_type\":\"javascript\",\"nativeBuildNumber\":\"null\"},\"event_id\":\"6ba6728380d04d22bb56854db1efc1ec\",\"level\":\"warning\",\"message\":\"'Utility' process exited with 'abnormal-exit'\",\"platform\":\"node\",\"timestamp\":1748194640.695,\"sdk\":{\"integrations\":[\"SentryMinidump\",\"ElectronBreadcrumbs\",\"Net\",\"MainContext\",\"ChildProcess\",\"OnUncaughtException\",\"PreloadInjection\",\"AdditionalContext\",\"Screenshots\",\"RendererProfiling\",\"InboundFilters\",\"FunctionToString\",\"LinkedErrors\",\"RequestData\",\"Console\",\"Http\",\"Undici\",\"OnUnhandledRejection\",\"ContextLines\",\"LocalVariables\",\"Modules\"]},\"breadcrumbs\":[{\"timestamp\":1748194117.712,\"category\":\"electron\",\"message\":\"window.focus\",\"type\":\"ui\",\"data\":{\"id\":2,\"url\":\"https://discord.com/channels/1233108238921367643/1318799540563873812\"}},{\"timestamp\":1748194117.712,\"category\":\"electron\",\"message\":\"app.browser-window-focus\",\"type\":\"ui\"},{\"timestamp\":1748194119.081,\"category\":\"electron\",\"message\":\"window.blur\",\"type\":\"ui\",\"data\":{\"id\":2,\"url\":\"https://discord.com/channels/1233108238921367643/1318799540563873812\"}},{\"timestamp\":1748194119.081,\"category\":\"electron\",\"message\":\"app.browser-window-blur\",\"type\":\"ui\"},{\"timestamp\":1748194143.382,\"category\":\"electron\",\"message\":\"window.focus\",\"type\":\"ui\",\"data\":{\"id\":2,\"url\":\"https://discord.com/channels/1233108238921367643/1318799540563873812\"}},{\"timestamp\":1748194143.383,\"category\":\"electron\",\"message\":\"app.browser-window-focus\",\"type\":\"ui\"},{\"timestamp\":1748194144.493,\"category\":\"electron\",\"message\":\"window.blur\",\"type\":\"ui\",\"data\":{\"id\":2,\"url\":\"https://discord.com/channels/1233108238921367643/1318799540563873812\"}},{\"timestamp\":1748194144.493,\"category\":\"electron\",\"message\":\"app.browser-window-blur\",\"type\":\"ui\"},{\"timestamp\":1748194144.753,\"category\":\"electron\",\"message\":\"window.focus\",\"type\":\"ui\",\"data\":{\"id\":2,\"url\":\"https://discord.com/channels/1233108238921367643/1318799540563873812\"}},{\"timestamp\":1748194144.753,\"category\":\"electron\",\"message\":\"app.browser-window-focus\",\"type\":\"ui\"},{\"timestamp\":1748194144.871,\"category\":\"electron\",\"message\":\"window.blur\",\"type\":\"ui\",\"data\":{\"id\":2,\"url\":\"https://discord.com/channels/1233108238921367643/1318799540563873812\"}},{\"timestamp\":1748194144.872,\"category\":\"electron\",\"message\":\"app.browser-window-blur\",\"type\":\"ui\"},{\"timestamp\":1748194145.396,\"category\":\"electron\",\"message\":\"window.focus\",\"type\":\"ui\",\"data\":{\"id\":2,\"url\":\"https://discord.com/channels/1233108238921367643/1318799540563873812\"}},{\"timestamp\":1748194145.396,\"category\":\"electron\",\"message\":\"app.browser-window-focus\",\"type\":\"ui\"},{\"timestamp\":1748194152.607,\"category\":\"ui.click\",\"message\":\"div.wrapper_cc5dd2 > svg > foreignobject > div.wrapper__6e9f8.selected__6e9f8\"},{\"timestamp\":1748194157.659,\"category\":\"electron\",\"message\":\"window.blur\",\"type\":\"ui\",\"data\":{\"id\":2,\"url\":\"https://discord.com/channels/1338854314273407038/1338854314273407043\"}},{\"timestamp\":1748194157.659,\"category\":\"electron\",\"message\":\"app.browser-window-blur\",\"type\":\"ui\"},{\"timestamp\":1748194161.51,\"category\":\"electron\",\"message\":\"window.focus\",\"type\":\"ui\",\"data\":{\"id\":2,\"url\":\"https://discord.com/channels/1338854314273407038/1338854314273407043\"}},{\"timestamp\":1748194161.51,\"category\":\"electron\",\"message\":\"app.browser-window-focus\",\"type\":\"ui\"},{\"timestamp\":1748194162.719,\"category\":\"ui.click\",\"message\":\"div.contents__201d5.attachButtonInner__0923f > svg > path\"},{\"timestamp\":1748194163.833,\"category\":\"ui.click\",\"message\":\"div#channel-attach-upload-file.item_c1e9c4.labelContainer_c1e9c4.colorDefault_c1e9c4.focused_c1e9c4\"},{\"timestamp\":1748194163.836,\"category\":\"ui.click\",\"message\":\"div.uploadInput__0923f > input.file-input[type=\\\"file\\\"]\"},{\"timestamp\":1748194163.977,\"category\":\"electron\",\"message\":\"window.blur\",\"type\":\"ui\",\"data\":{\"id\":2,\"url\":\"https://discord.com/channels/1338854314273407038/1338854314273407043\"}},{\"timestamp\":1748194163.977,\"category\":\"electron\",\"message\":\"app.browser-window-blur\",\"type\":\"ui\"},{\"timestamp\":1748194165.555,\"category\":\"electron\",\"message\":\"window.focus\",\"type\":\"ui\",\"data\":{\"id\":2,\"url\":\"https://discord.com/channels/1338854314273407038/1338854314273407043\"}},{\"timestamp\":1748194165.555,\"category\":\"electron\",\"message\":\"app.browser-window-focus\",\"type\":\"ui\"},{\"timestamp\":1748194165.978,\"category\":\"electron\",\"message\":\"window.blur\",\"type\":\"ui\",\"data\":{\"id\":2,\"url\":\"https://discord.com/channels/1338854314273407038/1338854314273407043\"}},{\"timestamp\":1748194165.978,\"category\":\"electron\",\"message\":\"app.browser-window-blur\",\"type\":\"ui\"},{\"timestamp\":1748194166.26,\"category\":\"electron\",\"message\":\"window.focus\",\"type\":\"ui\",\"data\":{\"id\":2,\"url\":\"https://discord.com/channels/1338854314273407038/1338854314273407043\"}},{\"timestamp\":1748194166.26,\"category\":\"electron\",\"message\":\"app.browser-window-focus\",\"type\":\"ui\"},{\"timestamp\":1748194167.726,\"category\":\"ui.click\",\"message\":\"div\"},{\"timestamp\":1748194169.516,\"category\":\"electron\",\"message\":\"window.blur\",\"type\":\"ui\",\"data\":{\"id\":2,\"url\":\"https://discord.com/channels/1338854314273407038/1338854314273407043\"}},{\"timestamp\":1748194169.516,\"category\":\"electron\",\"message\":\"app.browser-window-blur\",\"type\":\"ui\"},{\"timestamp\":1748194252.879,\"category\":\"electron\",\"message\":\"window.focus\",\"type\":\"ui\",\"data\":{\"id\":2,\"url\":\"https://discord.com/channels/1338854314273407038/1338854314273407043\"}},{\"timestamp\":1748194252.88,\"category\":\"electron\",\"message\":\"app.browser-window-focus\",\"type\":\"ui\"},{\"timestamp\":1748194253.334,\"category\":\"electron\",\"message\":\"window.blur\",\"type\":\"ui\",\"data\":{\"id\":2,\"url\":\"https://discord.com/channels/1338854314273407038/1338854314273407043\"}},{\"timestamp\":1748194253.335,\"category\":\"electron\",\"message\":\"app.browser-window-blur\",\"type\":\"ui\"},{\"timestamp\":1748194253.502,\"category\":\"electron\",\"message\":\"window.focus\",\"type\":\"ui\",\"data\":{\"id\":2,\"url\":\"https://discord.com/channels/1338854314273407038/1338854314273407043\"}},{\"timestamp\":1748194253.502,\"category\":\"electron\",\"message\":\"app.browser-window-focus\",\"type\":\"ui\"},{\"timestamp\":1748194253.886,\"category\":\"electron\",\"message\":\"window.blur\",\"type\":\"ui\",\"data\":{\"id\":2,\"url\":\"https://discord.com/channels/1338854314273407038/1338854314273407043\"}},{\"timestamp\":1748194253.886,\"category\":\"electron\",\"message\":\"app.browser-window-blur\",\"type\":\"ui\"},{\"timestamp\":1748194293.955,\"category\":\"electron\",\"message\":\"window.focus\",\"type\":\"ui\",\"data\":{\"id\":2,\"url\":\"https://discord.com/channels/1338854314273407038/1338854314273407043\"}},{\"timestamp\":1748194293.955,\"category\":\"electron\",\"message\":\"app.browser-window-focus\",\"type\":\"ui\"},{\"timestamp\":1748194294.571,\"category\":\"ui.click\",\"message\":\"div.markup__75297.editor__1b31f.slateTextArea_ec4baf.fontSize16Padding__74017[aria-label=\\\"Message #general\\\"]\"},{\"timestamp\":1748194295.166,\"category\":\"ui.input\",\"message\":\"div.markup__75297.editor__1b31f.slateTextArea_ec4baf.fontSize16Padding__74017[aria-label=\\\"Message #general\\\"]\"},{\"timestamp\":1748194296.553,\"category\":\"electron\",\"message\":\"window.blur\",\"type\":\"ui\",\"data\":{\"id\":2,\"url\":\"https://discord.com/channels/1338854314273407038/1338854314273407043\"}},{\"timestamp\":1748194296.553,\"category\":\"electron\",\"message\":\"app.browser-window-blur\",\"type\":\"ui\"},{\"timestamp\":1748194302.326,\"category\":\"electron\",\"message\":\"window.focus\",\"type\":\"ui\",\"data\":{\"id\":2,\"url\":\"https://discord.com/channels/1338854314273407038/1338854314273407043\"}},{\"timestamp\":1748194302.326,\"category\":\"electron\",\"message\":\"app.browser-window-focus\",\"type\":\"ui\"},{\"timestamp\":1748194302.87,\"category\":\"electron\",\"message\":\"window.close\",\"type\":\"ui\",\"data\":{\"id\":2,\"url\":\"https://discord.com/channels/1338854314273407038/1338854314273407043\"}},{\"timestamp\":1748194302.87,\"category\":\"electron\",\"message\":\"window.hide\",\"type\":\"ui\",\"data\":{\"id\":2,\"url\":\"https://discord.com/channels/1338854314273407038/1338854314273407043\"}},{\"timestamp\":1748194302.871,\"category\":\"console\",\"level\":\"log\",\"message\":\"blackbox: 5/26/2025, 1:31:42 AM GMT+8 32 window.close win2\"},{\"timestamp\":1748194302.871,\"category\":\"electron\",\"message\":\"window.blur\",\"type\":\"ui\",\"data\":{\"id\":2,\"url\":\"https://discord.com/channels/1338854314273407038/1338854314273407043\"}},{\"timestamp\":1748194302.871,\"category\":\"electron\",\"message\":\"app.browser-window-blur\",\"type\":\"ui\"},{\"timestamp\":1748194441.468,\"category\":\"electron\",\"message\":\"app.second-instance\",\"type\":\"ui\"},{\"timestamp\":1748194441.469,\"category\":\"electron\",\"message\":\"window.show\",\"type\":\"ui\",\"data\":{\"id\":2,\"url\":\"https://discord.com/channels/1338854314273407038/1338854314273407043\"}},{\"timestamp\":1748194441.471,\"category\":\"electron\",\"message\":\"window.show\",\"type\":\"ui\",\"data\":{\"id\":2,\"url\":\"https://discord.com/channels/1338854314273407038/1338854314273407043\"}},{\"timestamp\":1748194441.471,\"category\":\"electron\",\"message\":\"window.focus\",\"type\":\"ui\",\"data\":{\"id\":2,\"url\":\"https://discord.com/channels/1338854314273407038/1338854314273407043\"}},{\"timestamp\":1748194441.472,\"category\":\"electron\",\"message\":\"app.browser-window-focus\",\"type\":\"ui\"},{\"timestamp\":1748194441.477,\"category\":\"electron\",\"message\":\"window.blur\",\"type\":\"ui\",\"data\":{\"id\":2,\"url\":\"https://discord.com/channels/1338854314273407038/1338854314273407043\"}},{\"timestamp\":1748194441.477,\"category\":\"electron\",\"message\":\"app.browser-window-blur\",\"type\":\"ui\"},{\"timestamp\":1748194441.479,\"category\":\"electron\",\"message\":\"window.focus\",\"type\":\"ui\",\"data\":{\"id\":2,\"url\":\"https://discord.com/channels/1338854314273407038/1338854314273407043\"}},{\"timestamp\":1748194441.479,\"category\":\"electron\",\"message\":\"app.browser-window-focus\",\"type\":\"ui\"},{\"timestamp\":1748194446.387,\"category\":\"ui.click\",\"message\":\"div.contents__201d5 > div.lottieIcon__5eb9b.lottieIconColors__5eb9b > svg\"},{\"timestamp\":1748194450.65,\"category\":\"ui.click\",\"message\":\"div.settingsPage_f131e9\"},{\"timestamp\":1748194451.102,\"category\":\"ui.click\",\"message\":\"div.tab_f8303a.item_b3f026.brand_b3f026.selected_b3f026[aria-label=\\\"Standing\\\"]\"},{\"timestamp\":1748194452.362,\"category\":\"electron\",\"message\":\"window.close\",\"type\":\"ui\",\"data\":{\"id\":2,\"url\":\"https://discord.com/channels/1338854314273407038/1338854314273407043\"}},{\"timestamp\":1748194452.362,\"category\":\"electron\",\"message\":\"window.hide\",\"type\":\"ui\",\"data\":{\"id\":2,\"url\":\"https://discord.com/channels/1338854314273407038/1338854314273407043\"}},{\"timestamp\":1748194452.363,\"category\":\"console\",\"level\":\"log\",\"message\":\"blackbox: 5/26/2025, 1:34:12 AM GMT+8 33 window.close win2\"},{\"timestamp\":1748194452.363,\"category\":\"electron\",\"message\":\"window.blur\",\"type\":\"ui\",\"data\":{\"id\":2,\"url\":\"https://discord.com/channels/1338854314273407038/1338854314273407043\"}},{\"timestamp\":1748194452.363,\"category\":\"electron\",\"message\":\"app.browser-window-blur\",\"type\":\"ui\"},{\"timestamp\":1748194553.275,\"category\":\"electron\",\"message\":\"app.second-instance\",\"type\":\"ui\"},{\"timestamp\":1748194553.275,\"category\":\"electron\",\"message\":\"window.show\",\"type\":\"ui\",\"data\":{\"id\":2,\"url\":\"https://discord.com/channels/1338854314273407038/1338854314273407043\"}},{\"timestamp\":1748194553.277,\"category\":\"electron\",\"message\":\"window.show\",\"type\":\"ui\",\"data\":{\"id\":2,\"url\":\"https://discord.com/channels/1338854314273407038/1338854314273407043\"}},{\"timestamp\":1748194553.277,\"category\":\"electron\",\"message\":\"window.focus\",\"type\":\"ui\",\"data\":{\"id\":2,\"url\":\"https://discord.com/channels/1338854314273407038/1338854314273407043\"}},{\"timestamp\":1748194553.277,\"category\":\"electron\",\"message\":\"app.browser-window-focus\",\"type\":\"ui\"},{\"timestamp\":1748194553.281,\"category\":\"electron\",\"message\":\"window.blur\",\"type\":\"ui\",\"data\":{\"id\":2,\"url\":\"https://discord.com/channels/1338854314273407038/1338854314273407043\"}},{\"timestamp\":1748194553.281,\"category\":\"electron\",\"message\":\"app.browser-window-blur\",\"type\":\"ui\"},{\"timestamp\":1748194553.282,\"category\":\"electron\",\"message\":\"window.focus\",\"type\":\"ui\",\"data\":{\"id\":2,\"url\":\"https://discord.com/channels/1338854314273407038/1338854314273407043\"}},{\"timestamp\":1748194553.282,\"category\":\"electron\",\"message\":\"app.browser-window-focus\",\"type\":\"ui\"},{\"timestamp\":1748194554.912,\"category\":\"electron\",\"message\":\"window.close\",\"type\":\"ui\",\"data\":{\"id\":2,\"url\":\"https://discord.com/channels/1338854314273407038/1338854314273407043\"}},{\"timestamp\":1748194554.913,\"category\":\"electron\",\"message\":\"window.hide\",\"type\":\"ui\",\"data\":{\"id\":2,\"url\":\"https://discord.com/channels/1338854314273407038/1338854314273407043\"}},{\"timestamp\":1748194554.913,\"category\":\"console\",\"level\":\"log\",\"message\":\"blackbox: 5/26/2025, 1:35:54 AM GMT+8 34 window.close win2\"},{\"timestamp\":1748194554.913,\"category\":\"electron\",\"message\":\"window.blur\",\"type\":\"ui\",\"data\":{\"id\":2,\"url\":\"https://discord.com/channels/1338854314273407038/1338854314273407043\"}},{\"timestamp\":1748194554.913,\"category\":\"electron\",\"message\":\"app.browser-window-blur\",\"type\":\"ui\"},{\"timestamp\":1748194631.318,\"category\":\"electron\",\"message\":\"app.second-instance\",\"type\":\"ui\"},{\"timestamp\":1748194631.319,\"category\":\"electron\",\"message\":\"window.show\",\"type\":\"ui\",\"data\":{\"id\":2,\"url\":\"https://discord.com/channels/1338854314273407038/1338854314273407043\"}},{\"timestamp\":1748194631.321,\"category\":\"electron\",\"message\":\"window.show\",\"type\":\"ui\",\"data\":{\"id\":2,\"url\":\"https://discord.com/channels/1338854314273407038/1338854314273407043\"}},{\"timestamp\":1748194631.322,\"category\":\"electron\",\"message\":\"window.focus\",\"type\":\"ui\",\"data\":{\"id\":2,\"url\":\"https://discord.com/channels/1338854314273407038/1338854314273407043\"}},{\"timestamp\":1748194631.322,\"category\":\"electron\",\"message\":\"app.browser-window-focus\",\"type\":\"ui\"},{\"timestamp\":1748194631.326,\"category\":\"electron\",\"message\":\"window.blur\",\"type\":\"ui\",\"data\":{\"id\":2,\"url\":\"https://discord.com/channels/1338854314273407038/1338854314273407043\"}},{\"timestamp\":1748194631.326,\"category\":\"electron\",\"message\":\"app.browser-window-blur\",\"type\":\"ui\"},{\"timestamp\":1748194631.326,\"category\":\"electron\",\"message\":\"window.focus\",\"type\":\"ui\",\"data\":{\"id\":2,\"url\":\"https://discord.com/channels/1338854314273407038/1338854314273407043\"}},{\"timestamp\":1748194631.326,\"category\":\"electron\",\"message\":\"app.browser-window-focus\",\"type\":\"ui\"},{\"timestamp\":1748194638.682,\"category\":\"ui.click\",\"message\":\"div.wrapper_cc5dd2 > svg > foreignobject > div.wrapper__6e9f8.selected__6e9f8\"},{\"timestamp\":1748194640.13,\"category\":\"electron\",\"message\":\"window.blur\",\"type\":\"ui\",\"data\":{\"id\":2,\"url\":\"https://discord.com/channels/1233108238921367643/1318799540563873812\"}},{\"timestamp\":1748194640.13,\"category\":\"electron\",\"message\":\"app.browser-window-blur\",\"type\":\"ui\"},{\"timestamp\":1748194640.333,\"category\":\"electron\",\"message\":\"window.focus\",\"type\":\"ui\",\"data\":{\"id\":2,\"url\":\"https://discord.com/channels/1233108238921367643/1318799540563873812\"}},{\"timestamp\":1748194640.333,\"category\":\"electron\",\"message\":\"app.browser-window-focus\",\"type\":\"ui\"},{\"timestamp\":1748194640.694,\"category\":\"electron\",\"message\":\"app.child-process-gone\",\"type\":\"ui\"}],\"sdkProcessingMetadata\":{\"dynamicSamplingContext\":{\"environment\":\"stable\",\"release\":\"0.0.95\",\"public_key\":\"d2558f321dfc7ab68366d8258fd256c7\",\"trace_id\":\"46d270a880d8465a9ec873db5a027bfd\"}},\"modules\":{},\"extra\":{\"release_channel\":\"stable\",\"sentry\":{\"environment\":\"stable\",\"release\":\"0.0.95\",\"user\":{\"id\":\"984605084526739467\",\"username\":\"drjam_\",\"email\":\"jamesallanmdr2005@gmail.com\"}},\"wm\":\"Hyprland,unknown\",\"distro\":\"\\\"Arch Linux\\\"\",\"nativeBuildNumber\":\"null\",\"user_id\":\"984605084526739467\",\"username\":\"drjam_\",\"email\":\"jamesallanmdr2005@gmail.com\"}}"},{"timestamp":1748194640.708,"category":"ui.click","message":"g > g > g > g > path"},{"timestamp":1748194641.029,"category":"electron","message":"app.child-process-gone","type":"ui"}],"sdkProcessingMetadata":{"dynamicSamplingContext":{"environment":"stable","release":"0.0.95","public_key":"d2558f321dfc7ab68366d8258fd256c7","trace_id":"46d270a880d8465a9ec873db5a027bfd"}},"modules":{},"extra":{"release_channel":"stable","sentry":{"environment":"stable","release":"0.0.95","user":{"id":"984605084526739467","username":"drjam_","email":"jamesallanmdr2005@gmail.com"}},"wm":"Hyprland,unknown","distro":"\"Arch Linux\"","nativeBuildNumber":"null","user_id":"984605084526739467","username":"drjam_","email":"jamesallanmdr2005@gmail.com"}}
5/26/2025, 1:37:22 AM GMT+8 39: ❌ child-process-gone {
  type: 'Utility',
  reason: 'abnormal-exit',
  exitCode: 32512,
  serviceName: 'video_capture.mojom.VideoCaptureService',
  name: 'Video Capture'
}
5/26/2025, 1:37:22 AM GMT+8 40: Sentry report: {"contexts":{"trace":{"trace_id":"46d270a880d8465a9ec873db5a027bfd","span_id":"9380e762c5c67a20"},"app":{"app_name":"discord","app_version":"0.0.95","app_start_time":"2025-05-25T17:14:10.755Z"},"os":{"kernel_version":"6.14.7-arch2-1","name":"Arch Linux","version":"\"rolling\""},"browser":{"name":"Chrome"},"chrome":{"name":"Chrome","type":"runtime","version":"134.0.6998.205"},"device":{"arch":"x64","family":"Desktop","language":"en-US","screen_density":1,"screen_resolution":"1920x1080","memory_size":16666267648,"free_memory":6247141376,"processor_count":12,"cpu_description":"AMD Ryzen 5 3600 6-Core Processor","processor_frequency":3949},"node":{"name":"Node","type":"runtime","version":"22.14.0"},"runtime":{"name":"Electron","version":"35.3.0"}},"environment":"stable","release":"0.0.95","user":{"ip_address":"{{auto}}","id":"984605084526739467","username":"drjam_","email":"jamesallanmdr2005@gmail.com"},"tags":{"event.origin":"electron","event.environment":"javascript","event.process":"Utility","event_type":"javascript","nativeBuildNumber":"null"},"event_id":"10d3421ac93e4d5289a7bb19d9110e1f","level":"warning","message":"'Utility' process exited with 'abnormal-exit'","platform":"node","timestamp":1748194642.056,"sdk":{"integrations":["SentryMinidump","ElectronBreadcrumbs","Net","MainContext","ChildProcess","OnUncaughtException","PreloadInjection","AdditionalContext","Screenshots","RendererProfiling","InboundFilters","FunctionToString","LinkedErrors","RequestData","Console","Http","Undici","OnUnhandledRejection","ContextLines","LocalVariables","Modules"]},"breadcrumbs":[{"timestamp":1748194144.872,"category":"electron","message":"app.browser-window-blur","type":"ui"},{"timestamp":1748194145.396,"category":"electron","message":"window.focus","type":"ui","data":{"id":2,"url":"https://discord.com/channels/1233108238921367643/1318799540563873812"}},{"timestamp":1748194145.396,"category":"electron","message":"app.browser-window-focus","type":"ui"},{"timestamp":1748194152.607,"category":"ui.click","message":"div.wrapper_cc5dd2 > svg > foreignobject > div.wrapper__6e9f8.selected__6e9f8"},{"timestamp":1748194157.659,"category":"electron","message":"window.blur","type":"ui","data":{"id":2,"url":"https://discord.com/channels/1338854314273407038/1338854314273407043"}},{"timestamp":1748194157.659,"category":"electron","message":"app.browser-window-blur","type":"ui"},{"timestamp":1748194161.51,"category":"electron","message":"window.focus","type":"ui","data":{"id":2,"url":"https://discord.com/channels/1338854314273407038/1338854314273407043"}},{"timestamp":1748194161.51,"category":"electron","message":"app.browser-window-focus","type":"ui"},{"timestamp":1748194162.719,"category":"ui.click","message":"div.contents__201d5.attachButtonInner__0923f > svg > path"},{"timestamp":1748194163.833,"category":"ui.click","message":"div#channel-attach-upload-file.item_c1e9c4.labelContainer_c1e9c4.colorDefault_c1e9c4.focused_c1e9c4"},{"timestamp":1748194163.836,"category":"ui.click","message":"div.uploadInput__0923f > input.file-input[type=\"file\"]"},{"timestamp":1748194163.977,"category":"electron","message":"window.blur","type":"ui","data":{"id":2,"url":"https://discord.com/channels/1338854314273407038/1338854314273407043"}},{"timestamp":1748194163.977,"category":"electron","message":"app.browser-window-blur","type":"ui"},{"timestamp":1748194165.555,"category":"electron","message":"window.focus","type":"ui","data":{"id":2,"url":"https://discord.com/channels/1338854314273407038/1338854314273407043"}},{"timestamp":1748194165.555,"category":"electron","message":"app.browser-window-focus","type":"ui"},{"timestamp":1748194165.978,"category":"electron","message":"window.blur","type":"ui","data":{"id":2,"url":"https://discord.com/channels/1338854314273407038/1338854314273407043"}},{"timestamp":1748194165.978,"category":"electron","message":"app.browser-window-blur","type":"ui"},{"timestamp":1748194166.26,"category":"electron","message":"window.focus","type":"ui","data":{"id":2,"url":"https://discord.com/channels/1338854314273407038/1338854314273407043"}},{"timestamp":1748194166.26,"category":"electron","message":"app.browser-window-focus","type":"ui"},{"timestamp":1748194167.726,"category":"ui.click","message":"div"},{"timestamp":1748194169.516,"category":"electron","message":"window.blur","type":"ui","data":{"id":2,"url":"https://discord.com/channels/1338854314273407038/1338854314273407043"}},{"timestamp":1748194169.516,"category":"electron","message":"app.browser-window-blur","type":"ui"},{"timestamp":1748194252.879,"category":"electron","message":"window.focus","type":"ui","data":{"id":2,"url":"https://discord.com/channels/1338854314273407038/1338854314273407043"}},{"timestamp":1748194252.88,"category":"electron","message":"app.browser-window-focus","type":"ui"},{"timestamp":1748194253.334,"category":"electron","message":"window.blur","type":"ui","data":{"id":2,"url":"https://discord.com/channels/1338854314273407038/1338854314273407043"}},{"timestamp":1748194253.335,"category":"electron","message":"app.browser-window-blur","type":"ui"},{"timestamp":1748194253.502,"category":"electron","message":"window.focus","type":"ui","data":{"id":2,"url":"https://discord.com/channels/1338854314273407038/1338854314273407043"}},{"timestamp":1748194253.502,"category":"electron","message":"app.browser-window-focus","type":"ui"},{"timestamp":1748194253.886,"category":"electron","message":"window.blur","type":"ui","data":{"id":2,"url":"https://discord.com/channels/1338854314273407038/1338854314273407043"}},{"timestamp":1748194253.886,"category":"electron","message":"app.browser-window-blur","type":"ui"},{"timestamp":1748194293.955,"category":"electron","message":"window.focus","type":"ui","data":{"id":2,"url":"https://discord.com/channels/1338854314273407038/1338854314273407043"}},{"timestamp":1748194293.955,"category":"electron","message":"app.browser-window-focus","type":"ui"},{"timestamp":1748194294.571,"category":"ui.click","message":"div.markup__75297.editor__1b31f.slateTextArea_ec4baf.fontSize16Padding__74017[aria-label=\"Message #general\"]"},{"timestamp":1748194295.166,"category":"ui.input","message":"div.markup__75297.editor__1b31f.slateTextArea_ec4baf.fontSize16Padding__74017[aria-label=\"Message #general\"]"},{"timestamp":1748194296.553,"category":"electron","message":"window.blur","type":"ui","data":{"id":2,"url":"https://discord.com/channels/1338854314273407038/1338854314273407043"}},{"timestamp":1748194296.553,"category":"electron","message":"app.browser-window-blur","type":"ui"},{"timestamp":1748194302.326,"category":"electron","message":"window.focus","type":"ui","data":{"id":2,"url":"https://discord.com/channels/1338854314273407038/1338854314273407043"}},{"timestamp":1748194302.326,"category":"electron","message":"app.browser-window-focus","type":"ui"},{"timestamp":1748194302.87,"category":"electron","message":"window.close","type":"ui","data":{"id":2,"url":"https://discord.com/channels/1338854314273407038/1338854314273407043"}},{"timestamp":1748194302.87,"category":"electron","message":"window.hide","type":"ui","data":{"id":2,"url":"https://discord.com/channels/1338854314273407038/1338854314273407043"}},{"timestamp":1748194302.871,"category":"console","level":"log","message":"blackbox: 5/26/2025, 1:31:42 AM GMT+8 32 window.close win2"},{"timestamp":1748194302.871,"category":"electron","message":"window.blur","type":"ui","data":{"id":2,"url":"https://discord.com/channels/1338854314273407038/1338854314273407043"}},{"timestamp":1748194302.871,"category":"electron","message":"app.browser-window-blur","type":"ui"},{"timestamp":1748194441.468,"category":"electron","message":"app.second-instance","type":"ui"},{"timestamp":1748194441.469,"category":"electron","message":"window.show","type":"ui","data":{"id":2,"url":"https://discord.com/channels/1338854314273407038/1338854314273407043"}},{"timestamp":1748194441.471,"category":"electron","message":"window.show","type":"ui","data":{"id":2,"url":"https://discord.com/channels/1338854314273407038/1338854314273407043"}},{"timestamp":1748194441.471,"category":"electron","message":"window.focus","type":"ui","data":{"id":2,"url":"https://discord.com/channels/1338854314273407038/1338854314273407043"}},{"timestamp":1748194441.472,"category":"electron","message":"app.browser-window-focus","type":"ui"},{"timestamp":1748194441.477,"category":"electron","message":"window.blur","type":"ui","data":{"id":2,"url":"https://discord.com/channels/1338854314273407038/1338854314273407043"}},{"timestamp":1748194441.477,"category":"electron","message":"app.browser-window-blur","type":"ui"},{"timestamp":1748194441.479,"category":"electron","message":"window.focus","type":"ui","data":{"id":2,"url":"https://discord.com/channels/1338854314273407038/1338854314273407043"}},{"timestamp":1748194441.479,"category":"electron","message":"app.browser-window-focus","type":"ui"},{"timestamp":1748194446.387,"category":"ui.click","message":"div.contents__201d5 > div.lottieIcon__5eb9b.lottieIconColors__5eb9b > svg"},{"timestamp":1748194450.65,"category":"ui.click","message":"div.settingsPage_f131e9"},{"timestamp":1748194451.102,"category":"ui.click","message":"div.tab_f8303a.item_b3f026.brand_b3f026.selected_b3f026[aria-label=\"Standing\"]"},{"timestamp":1748194452.362,"category":"electron","message":"window.close","type":"ui","data":{"id":2,"url":"https://discord.com/channels/1338854314273407038/1338854314273407043"}},{"timestamp":1748194452.362,"category":"electron","message":"window.hide","type":"ui","data":{"id":2,"url":"https://discord.com/channels/1338854314273407038/1338854314273407043"}},{"timestamp":1748194452.363,"category":"console","level":"log","message":"blackbox: 5/26/2025, 1:34:12 AM GMT+8 33 window.close win2"},{"timestamp":1748194452.363,"category":"electron","message":"window.blur","type":"ui","data":{"id":2,"url":"https://discord.com/channels/1338854314273407038/1338854314273407043"}},{"timestamp":1748194452.363,"category":"electron","message":"app.browser-window-blur","type":"ui"},{"timestamp":1748194553.275,"category":"electron","message":"app.second-instance","type":"ui"},{"timestamp":1748194553.275,"category":"electron","message":"window.show","type":"ui","data":{"id":2,"url":"https://discord.com/channels/1338854314273407038/1338854314273407043"}},{"timestamp":1748194553.277,"category":"electron","message":"window.show","type":"ui","data":{"id":2,"url":"https://discord.com/channels/1338854314273407038/1338854314273407043"}},{"timestamp":1748194553.277,"category":"electron","message":"window.focus","type":"ui","data":{"id":2,"url":"https://discord.com/channels/1338854314273407038/1338854314273407043"}},{"timestamp":1748194553.277,"category":"electron","message":"app.browser-window-focus","type":"ui"},{"timestamp":1748194553.281,"category":"electron","message":"window.blur","type":"ui","data":{"id":2,"url":"https://discord.com/channels/1338854314273407038/1338854314273407043"}},{"timestamp":1748194553.281,"category":"electron","message":"app.browser-window-blur","type":"ui"},{"timestamp":1748194553.282,"category":"electron","message":"window.focus","type":"ui","data":{"id":2,"url":"https://discord.com/channels/1338854314273407038/1338854314273407043"}},{"timestamp":1748194553.282,"category":"electron","message":"app.browser-window-focus","type":"ui"},{"timestamp":1748194554.912,"category":"electron","message":"window.close","type":"ui","data":{"id":2,"url":"https://discord.com/channels/1338854314273407038/1338854314273407043"}},{"timestamp":1748194554.913,"category":"electron","message":"window.hide","type":"ui","data":{"id":2,"url":"https://discord.com/channels/1338854314273407038/1338854314273407043"}},{"timestamp":1748194554.913,"category":"console","level":"log","message":"blackbox: 5/26/2025, 1:35:54 AM GMT+8 34 window.close win2"},{"timestamp":1748194554.913,"category":"electron","message":"window.blur","type":"ui","data":{"id":2,"url":"https://discord.com/channels/1338854314273407038/1338854314273407043"}},{"timestamp":1748194554.913,"category":"electron","message":"app.browser-window-blur","type":"ui"},{"timestamp":1748194631.318,"category":"electron","message":"app.second-instance","type":"ui"},{"timestamp":1748194631.319,"category":"electron","message":"window.show","type":"ui","data":{"id":2,"url":"https://discord.com/channels/1338854314273407038/1338854314273407043"}},{"timestamp":1748194631.321,"category":"electron","message":"window.show","type":"ui","data":{"id":2,"url":"https://discord.com/channels/1338854314273407038/1338854314273407043"}},{"timestamp":1748194631.322,"category":"electron","message":"window.focus","type":"ui","data":{"id":2,"url":"https://discord.com/channels/1338854314273407038/1338854314273407043"}},{"timestamp":1748194631.322,"category":"electron","message":"app.browser-window-focus","type":"ui"},{"timestamp":1748194631.326,"category":"electron","message":"window.blur","type":"ui","data":{"id":2,"url":"https://discord.com/channels/1338854314273407038/1338854314273407043"}},{"timestamp":1748194631.326,"category":"electron","message":"app.browser-window-blur","type":"ui"},{"timestamp":1748194631.326,"category":"electron","message":"window.focus","type":"ui","data":{"id":2,"url":"https://discord.com/channels/1338854314273407038/1338854314273407043"}},{"timestamp":1748194631.326,"category":"electron","message":"app.browser-window-focus","type":"ui"},{"timestamp":1748194638.682,"category":"ui.click","message":"div.wrapper_cc5dd2 > svg > foreignobject > div.wrapper__6e9f8.selected__6e9f8"},{"timestamp":1748194640.13,"category":"electron","message":"window.blur","type":"ui","data":{"id":2,"url":"https://discord.com/channels/1233108238921367643/1318799540563873812"}},{"timestamp":1748194640.13,"category":"electron","message":"app.browser-window-blur","type":"ui"},{"timestamp":1748194640.333,"category":"electron","message":"window.focus","type":"ui","data":{"id":2,"url":"https://discord.com/channels/1233108238921367643/1318799540563873812"}},{"timestamp":1748194640.333,"category":"electron","message":"app.browser-window-focus","type":"ui"},{"timestamp":1748194640.694,"category":"electron","message":"app.child-process-gone","type":"ui"},{"timestamp":1748194640.695,"type":"process","category":"child-process","message":"'Utility' process exited with 'abnormal-exit'","level":"warning","data":{"type":"Utility","reason":"abnormal-exit","exitCode":32512,"serviceName":"video_capture.mojom.VideoCaptureService","name":"Video Capture"}},{"timestamp":1748194640.695,"category":"console","level":"error","message":"child-process-gone! child: Utility (Video Capture) exitCode: 32512"},{"timestamp":1748194640.696,"category":"console","level":"log","message":"blackbox: 5/26/2025, 1:37:20 AM GMT+8 35 ❌ child-process-gone {\n  type: 'Utility',\n  reason: 'abnormal-exit',\n  exitCode: 32512,\n  serviceName: 'video_capture.mojom.VideoCaptureService',\n  name: 'Video Capture'\n}"},{"timestamp":1748194640.706,"category":"console","level":"log","message":"blackbox: 5/26/2025, 1:37:20 AM GMT+8 36 Sentry report: {\"contexts\":{\"trace\":{\"trace_id\":\"46d270a880d8465a9ec873db5a027bfd\",\"span_id\":\"9380e762c5c67a20\"},\"app\":{\"app_name\":\"discord\",\"app_version\":\"0.0.95\",\"app_start_time\":\"2025-05-25T17:14:10.755Z\"},\"os\":{\"kernel_version\":\"6.14.7-arch2-1\",\"name\":\"Arch Linux\",\"version\":\"\\\"rolling\\\"\"},\"browser\":{\"name\":\"Chrome\"},\"chrome\":{\"name\":\"Chrome\",\"type\":\"runtime\",\"version\":\"134.0.6998.205\"},\"device\":{\"arch\":\"x64\",\"family\":\"Desktop\",\"language\":\"en-US\",\"screen_density\":1,\"screen_resolution\":\"1920x1080\",\"memory_size\":16666267648,\"free_memory\":6265344000,\"processor_count\":12,\"cpu_description\":\"AMD Ryzen 5 3600 6-Core Processor\",\"processor_frequency\":3938},\"node\":{\"name\":\"Node\",\"type\":\"runtime\",\"version\":\"22.14.0\"},\"runtime\":{\"name\":\"Electron\",\"version\":\"35.3.0\"}},\"environment\":\"stable\",\"release\":\"0.0.95\",\"user\":{\"ip_address\":\"{{auto}}\",\"id\":\"984605084526739467\",\"username\":\"drjam_\",\"email\":\"jamesallanmdr2005@gmail.com\"},\"tags\":{\"event.origin\":\"electron\",\"event.environment\":\"javascript\",\"event.process\":\"Utility\",\"event_type\":\"javascript\",\"nativeBuildNumber\":\"null\"},\"event_id\":\"6ba6728380d04d22bb56854db1efc1ec\",\"level\":\"warning\",\"message\":\"'Utility' process exited with 'abnormal-exit'\",\"platform\":\"node\",\"timestamp\":1748194640.695,\"sdk\":{\"integrations\":[\"SentryMinidump\",\"ElectronBreadcrumbs\",\"Net\",\"MainContext\",\"ChildProcess\",\"OnUncaughtException\",\"PreloadInjection\",\"AdditionalContext\",\"Screenshots\",\"RendererProfiling\",\"InboundFilters\",\"FunctionToString\",\"LinkedErrors\",\"RequestData\",\"Console\",\"Http\",\"Undici\",\"OnUnhandledRejection\",\"ContextLines\",\"LocalVariables\",\"Modules\"]},\"breadcrumbs\":[{\"timestamp\":1748194117.712,\"category\":\"electron\",\"message\":\"window.focus\",\"type\":\"ui\",\"data\":{\"id\":2,\"url\":\"https://discord.com/channels/1233108238921367643/1318799540563873812\"}},{\"timestamp\":1748194117.712,\"category\":\"electron\",\"message\":\"app.browser-window-focus\",\"type\":\"ui\"},{\"timestamp\":1748194119.081,\"category\":\"electron\",\"message\":\"window.blur\",\"type\":\"ui\",\"data\":{\"id\":2,\"url\":\"https://discord.com/channels/1233108238921367643/1318799540563873812\"}},{\"timestamp\":1748194119.081,\"category\":\"electron\",\"message\":\"app.browser-window-blur\",\"type\":\"ui\"},{\"timestamp\":1748194143.382,\"category\":\"electron\",\"message\":\"window.focus\",\"type\":\"ui\",\"data\":{\"id\":2,\"url\":\"https://discord.com/channels/1233108238921367643/1318799540563873812\"}},{\"timestamp\":1748194143.383,\"category\":\"electron\",\"message\":\"app.browser-window-focus\",\"type\":\"ui\"},{\"timestamp\":1748194144.493,\"category\":\"electron\",\"message\":\"window.blur\",\"type\":\"ui\",\"data\":{\"id\":2,\"url\":\"https://discord.com/channels/1233108238921367643/1318799540563873812\"}},{\"timestamp\":1748194144.493,\"category\":\"electron\",\"message\":\"app.browser-window-blur\",\"type\":\"ui\"},{\"timestamp\":1748194144.753,\"category\":\"electron\",\"message\":\"window.focus\",\"type\":\"ui\",\"data\":{\"id\":2,\"url\":\"https://discord.com/channels/1233108238921367643/1318799540563873812\"}},{\"timestamp\":1748194144.753,\"category\":\"electron\",\"message\":\"app.browser-window-focus\",\"type\":\"ui\"},{\"timestamp\":1748194144.871,\"category\":\"electron\",\"message\":\"window.blur\",\"type\":\"ui\",\"data\":{\"id\":2,\"url\":\"https://discord.com/channels/1233108238921367643/1318799540563873812\"}},{\"timestamp\":1748194144.872,\"category\":\"electron\",\"message\":\"app.browser-window-blur\",\"type\":\"ui\"},{\"timestamp\":1748194145.396,\"category\":\"electron\",\"message\":\"window.focus\",\"type\":\"ui\",\"data\":{\"id\":2,\"url\":\"https://discord.com/channels/1233108238921367643/1318799540563873812\"}},{\"timestamp\":1748194145.396,\"category\":\"electron\",\"message\":\"app.browser-window-focus\",\"type\":\"ui\"},{\"timestamp\":1748194152.607,\"category\":\"ui.click\",\"message\":\"div.wrapper_cc5dd2 > svg > foreignobject > div.wrapper__6e9f8.selected__6e9f8\"},{\"timestamp\":1748194157.659,\"category\":\"electron\",\"message\":\"window.blur\",\"type\":\"ui\",\"data\":{\"id\":2,\"url\":\"https://discord.com/channels/1338854314273407038/1338854314273407043\"}},{\"timestamp\":1748194157.659,\"category\":\"electron\",\"message\":\"app.browser-window-blur\",\"type\":\"ui\"},{\"timestamp\":1748194161.51,\"category\":\"electron\",\"message\":\"window.focus\",\"type\":\"ui\",\"data\":{\"id\":2,\"url\":\"https://discord.com/channels/1338854314273407038/1338854314273407043\"}},{\"timestamp\":1748194161.51,\"category\":\"electron\",\"message\":\"app.browser-window-focus\",\"type\":\"ui\"},{\"timestamp\":1748194162.719,\"category\":\"ui.click\",\"message\":\"div.contents__201d5.attachButtonInner__0923f > svg > path\"},{\"timestamp\":1748194163.833,\"category\":\"ui.click\",\"message\":\"div#channel-attach-upload-file.item_c1e9c4.labelContainer_c1e9c4.colorDefault_c1e9c4.focused_c1e9c4\"},{\"timestamp\":1748194163.836,\"category\":\"ui.click\",\"message\":\"div.uploadInput__0923f > input.file-input[type=\\\"file\\\"]\"},{\"timestamp\":1748194163.977,\"category\":\"electron\",\"message\":\"window.blur\",\"type\":\"ui\",\"data\":{\"id\":2,\"url\":\"https://discord.com/channels/1338854314273407038/1338854314273407043\"}},{\"timestamp\":1748194163.977,\"category\":\"electron\",\"message\":\"app.browser-window-blur\",\"type\":\"ui\"},{\"timestamp\":1748194165.555,\"category\":\"electron\",\"message\":\"window.focus\",\"type\":\"ui\",\"data\":{\"id\":2,\"url\":\"https://discord.com/channels/1338854314273407038/1338854314273407043\"}},{\"timestamp\":1748194165.555,\"category\":\"electron\",\"message\":\"app.browser-window-focus\",\"type\":\"ui\"},{\"timestamp\":1748194165.978,\"category\":\"electron\",\"message\":\"window.blur\",\"type\":\"ui\",\"data\":{\"id\":2,\"url\":\"https://discord.com/channels/1338854314273407038/1338854314273407043\"}},{\"timestamp\":1748194165.978,\"category\":\"electron\",\"message\":\"app.browser-window-blur\",\"type\":\"ui\"},{\"timestamp\":1748194166.26,\"category\":\"electron\",\"message\":\"window.focus\",\"type\":\"ui\",\"data\":{\"id\":2,\"url\":\"https://discord.com/channels/1338854314273407038/1338854314273407043\"}},{\"timestamp\":1748194166.26,\"category\":\"electron\",\"message\":\"app.browser-window-focus\",\"type\":\"ui\"},{\"timestamp\":1748194167.726,\"category\":\"ui.click\",\"message\":\"div\"},{\"timestamp\":1748194169.516,\"category\":\"electron\",\"message\":\"window.blur\",\"type\":\"ui\",\"data\":{\"id\":2,\"url\":\"https://discord.com/channels/1338854314273407038/1338854314273407043\"}},{\"timestamp\":1748194169.516,\"category\":\"electron\",\"message\":\"app.browser-window-blur\",\"type\":\"ui\"},{\"timestamp\":1748194252.879,\"category\":\"electron\",\"message\":\"window.focus\",\"type\":\"ui\",\"data\":{\"id\":2,\"url\":\"https://discord.com/channels/1338854314273407038/1338854314273407043\"}},{\"timestamp\":1748194252.88,\"category\":\"electron\",\"message\":\"app.browser-window-focus\",\"type\":\"ui\"},{\"timestamp\":1748194253.334,\"category\":\"electron\",\"message\":\"window.blur\",\"type\":\"ui\",\"data\":{\"id\":2,\"url\":\"https://discord.com/channels/1338854314273407038/1338854314273407043\"}},{\"timestamp\":1748194253.335,\"category\":\"electron\",\"message\":\"app.browser-window-blur\",\"type\":\"ui\"},{\"timestamp\":1748194253.502,\"category\":\"electron\",\"message\":\"window.focus\",\"type\":\"ui\",\"data\":{\"id\":2,\"url\":\"https://discord.com/channels/1338854314273407038/1338854314273407043\"}},{\"timestamp\":1748194253.502,\"category\":\"electron\",\"message\":\"app.browser-window-focus\",\"type\":\"ui\"},{\"timestamp\":1748194253.886,\"category\":\"electron\",\"message\":\"window.blur\",\"type\":\"ui\",\"data\":{\"id\":2,\"url\":\"https://discord.com/channels/1338854314273407038/1338854314273407043\"}},{\"timestamp\":1748194253.886,\"category\":\"electron\",\"message\":\"app.browser-window-blur\",\"type\":\"ui\"},{\"timestamp\":1748194293.955,\"category\":\"electron\",\"message\":\"window.focus\",\"type\":\"ui\",\"data\":{\"id\":2,\"url\":\"https://discord.com/channels/1338854314273407038/1338854314273407043\"}},{\"timestamp\":1748194293.955,\"category\":\"electron\",\"message\":\"app.browser-window-focus\",\"type\":\"ui\"},{\"timestamp\":1748194294.571,\"category\":\"ui.click\",\"message\":\"div.markup__75297.editor__1b31f.slateTextArea_ec4baf.fontSize16Padding__74017[aria-label=\\\"Message #general\\\"]\"},{\"timestamp\":1748194295.166,\"category\":\"ui.input\",\"message\":\"div.markup__75297.editor__1b31f.slateTextArea_ec4baf.fontSize16Padding__74017[aria-label=\\\"Message #general\\\"]\"},{\"timestamp\":1748194296.553,\"category\":\"electron\",\"message\":\"window.blur\",\"type\":\"ui\",\"data\":{\"id\":2,\"url\":\"https://discord.com/channels/1338854314273407038/1338854314273407043\"}},{\"timestamp\":1748194296.553,\"category\":\"electron\",\"message\":\"app.browser-window-blur\",\"type\":\"ui\"},{\"timestamp\":1748194302.326,\"category\":\"electron\",\"message\":\"window.focus\",\"type\":\"ui\",\"data\":{\"id\":2,\"url\":\"https://discord.com/channels/1338854314273407038/1338854314273407043\"}},{\"timestamp\":1748194302.326,\"category\":\"electron\",\"message\":\"app.browser-window-focus\",\"type\":\"ui\"},{\"timestamp\":1748194302.87,\"category\":\"electron\",\"message\":\"window.close\",\"type\":\"ui\",\"data\":{\"id\":2,\"url\":\"https://discord.com/channels/1338854314273407038/1338854314273407043\"}},{\"timestamp\":1748194302.87,\"category\":\"electron\",\"message\":\"window.hide\",\"type\":\"ui\",\"data\":{\"id\":2,\"url\":\"https://discord.com/channels/1338854314273407038/1338854314273407043\"}},{\"timestamp\":1748194302.871,\"category\":\"console\",\"level\":\"log\",\"message\":\"blackbox: 5/26/2025, 1:31:42 AM GMT+8 32 window.close win2\"},{\"timestamp\":1748194302.871,\"category\":\"electron\",\"message\":\"window.blur\",\"type\":\"ui\",\"data\":{\"id\":2,\"url\":\"https://discord.com/channels/1338854314273407038/1338854314273407043\"}},{\"timestamp\":1748194302.871,\"category\":\"electron\",\"message\":\"app.browser-window-blur\",\"type\":\"ui\"},{\"timestamp\":1748194441.468,\"category\":\"electron\",\"message\":\"app.second-instance\",\"type\":\"ui\"},{\"timestamp\":1748194441.469,\"category\":\"electron\",\"message\":\"window.show\",\"type\":\"ui\",\"data\":{\"id\":2,\"url\":\"https://discord.com/channels/1338854314273407038/1338854314273407043\"}},{\"timestamp\":1748194441.471,\"category\":\"electron\",\"message\":\"window.show\",\"type\":\"ui\",\"data\":{\"id\":2,\"url\":\"https://discord.com/channels/1338854314273407038/1338854314273407043\"}},{\"timestamp\":1748194441.471,\"category\":\"electron\",\"message\":\"window.focus\",\"type\":\"ui\",\"data\":{\"id\":2,\"url\":\"https://discord.com/channels/1338854314273407038/1338854314273407043\"}},{\"timestamp\":1748194441.472,\"category\":\"electron\",\"message\":\"app.browser-window-focus\",\"type\":\"ui\"},{\"timestamp\":1748194441.477,\"category\":\"electron\",\"message\":\"window.blur\",\"type\":\"ui\",\"data\":{\"id\":2,\"url\":\"https://discord.com/channels/1338854314273407038/1338854314273407043\"}},{\"timestamp\":1748194441.477,\"category\":\"electron\",\"message\":\"app.browser-window-blur\",\"type\":\"ui\"},{\"timestamp\":1748194441.479,\"category\":\"electron\",\"message\":\"window.focus\",\"type\":\"ui\",\"data\":{\"id\":2,\"url\":\"https://discord.com/channels/1338854314273407038/1338854314273407043\"}},{\"timestamp\":1748194441.479,\"category\":\"electron\",\"message\":\"app.browser-window-focus\",\"type\":\"ui\"},{\"timestamp\":1748194446.387,\"category\":\"ui.click\",\"message\":\"div.contents__201d5 > div.lottieIcon__5eb9b.lottieIconColors__5eb9b > svg\"},{\"timestamp\":1748194450.65,\"category\":\"ui.click\",\"message\":\"div.settingsPage_f131e9\"},{\"timestamp\":1748194451.102,\"category\":\"ui.click\",\"message\":\"div.tab_f8303a.item_b3f026.brand_b3f026.selected_b3f026[aria-label=\\\"Standing\\\"]\"},{\"timestamp\":1748194452.362,\"category\":\"electron\",\"message\":\"window.close\",\"type\":\"ui\",\"data\":{\"id\":2,\"url\":\"https://discord.com/channels/1338854314273407038/1338854314273407043\"}},{\"timestamp\":1748194452.362,\"category\":\"electron\",\"message\":\"window.hide\",\"type\":\"ui\",\"data\":{\"id\":2,\"url\":\"https://discord.com/channels/1338854314273407038/1338854314273407043\"}},{\"timestamp\":1748194452.363,\"category\":\"console\",\"level\":\"log\",\"message\":\"blackbox: 5/26/2025, 1:34:12 AM GMT+8 33 window.close win2\"},{\"timestamp\":1748194452.363,\"category\":\"electron\",\"message\":\"window.blur\",\"type\":\"ui\",\"data\":{\"id\":2,\"url\":\"https://discord.com/channels/1338854314273407038/1338854314273407043\"}},{\"timestamp\":1748194452.363,\"category\":\"electron\",\"message\":\"app.browser-window-blur\",\"type\":\"ui\"},{\"timestamp\":1748194553.275,\"category\":\"electron\",\"message\":\"app.second-instance\",\"type\":\"ui\"},{\"timestamp\":1748194553.275,\"category\":\"electron\",\"message\":\"window.show\",\"type\":\"ui\",\"data\":{\"id\":2,\"url\":\"https://discord.com/channels/1338854314273407038/1338854314273407043\"}},{\"timestamp\":1748194553.277,\"category\":\"electron\",\"message\":\"window.show\",\"type\":\"ui\",\"data\":{\"id\":2,\"url\":\"https://discord.com/channels/1338854314273407038/1338854314273407043\"}},{\"timestamp\":1748194553.277,\"category\":\"electron\",\"message\":\"window.focus\",\"type\":\"ui\",\"data\":{\"id\":2,\"url\":\"https://discord.com/channels/1338854314273407038/1338854314273407043\"}},{\"timestamp\":1748194553.277,\"category\":\"electron\",\"message\":\"app.browser-window-focus\",\"type\":\"ui\"},{\"timestamp\":1748194553.281,\"category\":\"electron\",\"message\":\"window.blur\",\"type\":\"ui\",\"data\":{\"id\":2,\"url\":\"https://discord.com/channels/1338854314273407038/1338854314273407043\"}},{\"timestamp\":1748194553.281,\"category\":\"electron\",\"message\":\"app.browser-window-blur\",\"type\":\"ui\"},{\"timestamp\":1748194553.282,\"category\":\"electron\",\"message\":\"window.focus\",\"type\":\"ui\",\"data\":{\"id\":2,\"url\":\"https://discord.com/channels/1338854314273407038/1338854314273407043\"}},{\"timestamp\":1748194553.282,\"category\":\"electron\",\"message\":\"app.browser-window-focus\",\"type\":\"ui\"},{\"timestamp\":1748194554.912,\"category\":\"electron\",\"message\":\"window.close\",\"type\":\"ui\",\"data\":{\"id\":2,\"url\":\"https://discord.com/channels/1338854314273407038/1338854314273407043\"}},{\"timestamp\":1748194554.913,\"category\":\"electron\",\"message\":\"window.hide\",\"type\":\"ui\",\"data\":{\"id\":2,\"url\":\"https://discord.com/channels/1338854314273407038/1338854314273407043\"}},{\"timestamp\":1748194554.913,\"category\":\"console\",\"level\":\"log\",\"message\":\"blackbox: 5/26/2025, 1:35:54 AM GMT+8 34 window.close win2\"},{\"timestamp\":1748194554.913,\"category\":\"electron\",\"message\":\"window.blur\",\"type\":\"ui\",\"data\":{\"id\":2,\"url\":\"https://discord.com/channels/1338854314273407038/1338854314273407043\"}},{\"timestamp\":1748194554.913,\"category\":\"electron\",\"message\":\"app.browser-window-blur\",\"type\":\"ui\"},{\"timestamp\":1748194631.318,\"category\":\"electron\",\"message\":\"app.second-instance\",\"type\":\"ui\"},{\"timestamp\":1748194631.319,\"category\":\"electron\",\"message\":\"window.show\",\"type\":\"ui\",\"data\":{\"id\":2,\"url\":\"https://discord.com/channels/1338854314273407038/1338854314273407043\"}},{\"timestamp\":1748194631.321,\"category\":\"electron\",\"message\":\"window.show\",\"type\":\"ui\",\"data\":{\"id\":2,\"url\":\"https://discord.com/channels/1338854314273407038/1338854314273407043\"}},{\"timestamp\":1748194631.322,\"category\":\"electron\",\"message\":\"window.focus\",\"type\":\"ui\",\"data\":{\"id\":2,\"url\":\"https://discord.com/channels/1338854314273407038/1338854314273407043\"}},{\"timestamp\":1748194631.322,\"category\":\"electron\",\"message\":\"app.browser-window-focus\",\"type\":\"ui\"},{\"timestamp\":1748194631.326,\"category\":\"electron\",\"message\":\"window.blur\",\"type\":\"ui\",\"data\":{\"id\":2,\"url\":\"https://discord.com/channels/1338854314273407038/1338854314273407043\"}},{\"timestamp\":1748194631.326,\"category\":\"electron\",\"message\":\"app.browser-window-blur\",\"type\":\"ui\"},{\"timestamp\":1748194631.326,\"category\":\"electron\",\"message\":\"window.focus\",\"type\":\"ui\",\"data\":{\"id\":2,\"url\":\"https://discord.com/channels/1338854314273407038/1338854314273407043\"}},{\"timestamp\":1748194631.326,\"category\":\"electron\",\"message\":\"app.browser-window-focus\",\"type\":\"ui\"},{\"timestamp\":1748194638.682,\"category\":\"ui.click\",\"message\":\"div.wrapper_cc5dd2 > svg > foreignobject > div.wrapper__6e9f8.selected__6e9f8\"},{\"timestamp\":1748194640.13,\"category\":\"electron\",\"message\":\"window.blur\",\"type\":\"ui\",\"data\":{\"id\":2,\"url\":\"https://discord.com/channels/1233108238921367643/1318799540563873812\"}},{\"timestamp\":1748194640.13,\"category\":\"electron\",\"message\":\"app.browser-window-blur\",\"type\":\"ui\"},{\"timestamp\":1748194640.333,\"category\":\"electron\",\"message\":\"window.focus\",\"type\":\"ui\",\"data\":{\"id\":2,\"url\":\"https://discord.com/channels/1233108238921367643/1318799540563873812\"}},{\"timestamp\":1748194640.333,\"category\":\"electron\",\"message\":\"app.browser-window-focus\",\"type\":\"ui\"},{\"timestamp\":1748194640.694,\"category\":\"electron\",\"message\":\"app.child-process-gone\",\"type\":\"ui\"}],\"sdkProcessingMetadata\":{\"dynamicSamplingContext\":{\"environment\":\"stable\",\"release\":\"0.0.95\",\"public_key\":\"d2558f321dfc7ab68366d8258fd256c7\",\"trace_id\":\"46d270a880d8465a9ec873db5a027bfd\"}},\"modules\":{},\"extra\":{\"release_channel\":\"stable\",\"sentry\":{\"environment\":\"stable\",\"release\":\"0.0.95\",\"user\":{\"id\":\"984605084526739467\",\"username\":\"drjam_\",\"email\":\"jamesallanmdr2005@gmail.com\"}},\"wm\":\"Hyprland,unknown\",\"distro\":\"\\\"Arch Linux\\\"\",\"nativeBuildNumber\":\"null\",\"user_id\":\"984605084526739467\",\"username\":\"drjam_\",\"email\":\"jamesallanmdr2005@gmail.com\"}}"},{"timestamp":1748194640.708,"category":"ui.click","message":"g > g > g > g > path"},{"timestamp":1748194641.029,"category":"electron","message":"app.child-process-gone","type":"ui"},{"timestamp":1748194641.029,"type":"process","category":"child-process","message":"'Utility' process exited with 'abnormal-exit'","level":"warning","data":{"type":"Utility","reason":"abnormal-exit","exitCode":32512,"serviceName":"video_capture.mojom.VideoCaptureService","name":"Video Capture"}},{"timestamp":1748194641.029,"category":"console","level":"error","message":"child-process-gone! child: Utility (Video Capture) exitCode: 32512"},{"timestamp":1748194641.03,"category":"console","level":"log","message":"blackbox: 5/26/2025, 1:37:21 AM GMT+8 37 ❌ child-process-gone {\n  type: 'Utility',\n  reason: 'abnormal-exit',\n  exitCode: 32512,\n  serviceName: 'video_capture.mojom.VideoCaptureService',\n  name: 'Video Capture'\n}"},{"timestamp":1748194641.041,"category":"console","level":"log","message":"blackbox: 5/26/2025, 1:37:21 AM GMT+8 38 Sentry report: {\"contexts\":{\"trace\":{\"trace_id\":\"46d270a880d8465a9ec873db5a027bfd\",\"span_id\":\"9380e762c5c67a20\"},\"app\":{\"app_name\":\"discord\",\"app_version\":\"0.0.95\",\"app_start_time\":\"2025-05-25T17:14:10.755Z\"},\"os\":{\"kernel_version\":\"6.14.7-arch2-1\",\"name\":\"Arch Linux\",\"version\":\"\\\"rolling\\\"\"},\"browser\":{\"name\":\"Chrome\"},\"chrome\":{\"name\":\"Chrome\",\"type\":\"runtime\",\"version\":\"134.0.6998.205\"},\"device\":{\"arch\":\"x64\",\"family\":\"Desktop\",\"language\":\"en-US\",\"screen_density\":1,\"screen_resolution\":\"1920x1080\",\"memory_size\":16666267648,\"free_memory\":6247223296,\"processor_count\":12,\"cpu_description\":\"AMD Ryzen 5 3600 6-Core Processor\",\"processor_frequency\":3949},\"node\":{\"name\":\"Node\",\"type\":\"runtime\",\"version\":\"22.14.0\"},\"runtime\":{\"name\":\"Electron\",\"version\":\"35.3.0\"}},\"environment\":\"stable\",\"release\":\"0.0.95\",\"user\":{\"ip_address\":\"{{auto}}\",\"id\":\"984605084526739467\",\"username\":\"drjam_\",\"email\":\"jamesallanmdr2005@gmail.com\"},\"tags\":{\"event.origin\":\"electron\",\"event.environment\":\"javascript\",\"event.process\":\"Utility\",\"event_type\":\"javascript\",\"nativeBuildNumber\":\"null\"},\"event_id\":\"fa08c20d5d4c4070a80fa7048676aaa3\",\"level\":\"warning\",\"message\":\"'Utility' process exited with 'abnormal-exit'\",\"platform\":\"node\",\"timestamp\":1748194641.029,\"sdk\":{\"integrations\":[\"SentryMinidump\",\"ElectronBreadcrumbs\",\"Net\",\"MainContext\",\"ChildProcess\",\"OnUncaughtException\",\"PreloadInjection\",\"AdditionalContext\",\"Screenshots\",\"RendererProfiling\",\"InboundFilters\",\"FunctionToString\",\"LinkedErrors\",\"RequestData\",\"Console\",\"Http\",\"Undici\",\"OnUnhandledRejection\",\"ContextLines\",\"LocalVariables\",\"Modules\"]},\"breadcrumbs\":[{\"timestamp\":1748194144.493,\"category\":\"electron\",\"message\":\"window.blur\",\"type\":\"ui\",\"data\":{\"id\":2,\"url\":\"https://discord.com/channels/1233108238921367643/1318799540563873812\"}},{\"timestamp\":1748194144.493,\"category\":\"electron\",\"message\":\"app.browser-window-blur\",\"type\":\"ui\"},{\"timestamp\":1748194144.753,\"category\":\"electron\",\"message\":\"window.focus\",\"type\":\"ui\",\"data\":{\"id\":2,\"url\":\"https://discord.com/channels/1233108238921367643/1318799540563873812\"}},{\"timestamp\":1748194144.753,\"category\":\"electron\",\"message\":\"app.browser-window-focus\",\"type\":\"ui\"},{\"timestamp\":1748194144.871,\"category\":\"electron\",\"message\":\"window.blur\",\"type\":\"ui\",\"data\":{\"id\":2,\"url\":\"https://discord.com/channels/1233108238921367643/1318799540563873812\"}},{\"timestamp\":1748194144.872,\"category\":\"electron\",\"message\":\"app.browser-window-blur\",\"type\":\"ui\"},{\"timestamp\":1748194145.396,\"category\":\"electron\",\"message\":\"window.focus\",\"type\":\"ui\",\"data\":{\"id\":2,\"url\":\"https://discord.com/channels/1233108238921367643/1318799540563873812\"}},{\"timestamp\":1748194145.396,\"category\":\"electron\",\"message\":\"app.browser-window-focus\",\"type\":\"ui\"},{\"timestamp\":1748194152.607,\"category\":\"ui.click\",\"message\":\"div.wrapper_cc5dd2 > svg > foreignobject > div.wrapper__6e9f8.selected__6e9f8\"},{\"timestamp\":1748194157.659,\"category\":\"electron\",\"message\":\"window.blur\",\"type\":\"ui\",\"data\":{\"id\":2,\"url\":\"https://discord.com/channels/1338854314273407038/1338854314273407043\"}},{\"timestamp\":1748194157.659,\"category\":\"electron\",\"message\":\"app.browser-window-blur\",\"type\":\"ui\"},{\"timestamp\":1748194161.51,\"category\":\"electron\",\"message\":\"window.focus\",\"type\":\"ui\",\"data\":{\"id\":2,\"url\":\"https://discord.com/channels/1338854314273407038/1338854314273407043\"}},{\"timestamp\":1748194161.51,\"category\":\"electron\",\"message\":\"app.browser-window-focus\",\"type\":\"ui\"},{\"timestamp\":1748194162.719,\"category\":\"ui.click\",\"message\":\"div.contents__201d5.attachButtonInner__0923f > svg > path\"},{\"timestamp\":1748194163.833,\"category\":\"ui.click\",\"message\":\"div#channel-attach-upload-file.item_c1e9c4.labelContainer_c1e9c4.colorDefault_c1e9c4.focused_c1e9c4\"},{\"timestamp\":1748194163.836,\"category\":\"ui.click\",\"message\":\"div.uploadInput__0923f > input.file-input[type=\\\"file\\\"]\"},{\"timestamp\":1748194163.977,\"category\":\"electron\",\"message\":\"window.blur\",\"type\":\"ui\",\"data\":{\"id\":2,\"url\":\"https://discord.com/channels/1338854314273407038/1338854314273407043\"}},{\"timestamp\":1748194163.977,\"category\":\"electron\",\"message\":\"app.browser-window-blur\",\"type\":\"ui\"},{\"timestamp\":1748194165.555,\"category\":\"electron\",\"message\":\"window.focus\",\"type\":\"ui\",\"data\":{\"id\":2,\"url\":\"https://discord.com/channels/1338854314273407038/1338854314273407043\"}},{\"timestamp\":1748194165.555,\"category\":\"electron\",\"message\":\"app.browser-window-focus\",\"type\":\"ui\"},{\"timestamp\":1748194165.978,\"category\":\"electron\",\"message\":\"window.blur\",\"type\":\"ui\",\"data\":{\"id\":2,\"url\":\"https://discord.com/channels/1338854314273407038/1338854314273407043\"}},{\"timestamp\":1748194165.978,\"category\":\"electron\",\"message\":\"app.browser-window-blur\",\"type\":\"ui\"},{\"timestamp\":1748194166.26,\"category\":\"electron\",\"message\":\"window.focus\",\"type\":\"ui\",\"data\":{\"id\":2,\"url\":\"https://discord.com/channels/1338854314273407038/1338854314273407043\"}},{\"timestamp\":1748194166.26,\"category\":\"electron\",\"message\":\"app.browser-window-focus\",\"type\":\"ui\"},{\"timestamp\":1748194167.726,\"category\":\"ui.click\",\"message\":\"div\"},{\"timestamp\":1748194169.516,\"category\":\"electron\",\"message\":\"window.blur\",\"type\":\"ui\",\"data\":{\"id\":2,\"url\":\"https://discord.com/channels/1338854314273407038/1338854314273407043\"}},{\"timestamp\":1748194169.516,\"category\":\"electron\",\"message\":\"app.browser-window-blur\",\"type\":\"ui\"},{\"timestamp\":1748194252.879,\"category\":\"electron\",\"message\":\"window.focus\",\"type\":\"ui\",\"data\":{\"id\":2,\"url\":\"https://discord.com/channels/1338854314273407038/1338854314273407043\"}},{\"timestamp\":1748194252.88,\"category\":\"electron\",\"message\":\"app.browser-window-focus\",\"type\":\"ui\"},{\"timestamp\":1748194253.334,\"category\":\"electron\",\"message\":\"window.blur\",\"type\":\"ui\",\"data\":{\"id\":2,\"url\":\"https://discord.com/channels/1338854314273407038/1338854314273407043\"}},{\"timestamp\":1748194253.335,\"category\":\"electron\",\"message\":\"app.browser-window-blur\",\"type\":\"ui\"},{\"timestamp\":1748194253.502,\"category\":\"electron\",\"message\":\"window.focus\",\"type\":\"ui\",\"data\":{\"id\":2,\"url\":\"https://discord.com/channels/1338854314273407038/1338854314273407043\"}},{\"timestamp\":1748194253.502,\"category\":\"electron\",\"message\":\"app.browser-window-focus\",\"type\":\"ui\"},{\"timestamp\":1748194253.886,\"category\":\"electron\",\"message\":\"window.blur\",\"type\":\"ui\",\"data\":{\"id\":2,\"url\":\"https://discord.com/channels/1338854314273407038/1338854314273407043\"}},{\"timestamp\":1748194253.886,\"category\":\"electron\",\"message\":\"app.browser-window-blur\",\"type\":\"ui\"},{\"timestamp\":1748194293.955,\"category\":\"electron\",\"message\":\"window.focus\",\"type\":\"ui\",\"data\":{\"id\":2,\"url\":\"https://discord.com/channels/1338854314273407038/1338854314273407043\"}},{\"timestamp\":1748194293.955,\"category\":\"electron\",\"message\":\"app.browser-window-focus\",\"type\":\"ui\"},{\"timestamp\":1748194294.571,\"category\":\"ui.click\",\"message\":\"div.markup__75297.editor__1b31f.slateTextArea_ec4baf.fontSize16Padding__74017[aria-label=\\\"Message #general\\\"]\"},{\"timestamp\":1748194295.166,\"category\":\"ui.input\",\"message\":\"div.markup__75297.editor__1b31f.slateTextArea_ec4baf.fontSize16Padding__74017[aria-label=\\\"Message #general\\\"]\"},{\"timestamp\":1748194296.553,\"category\":\"electron\",\"message\":\"window.blur\",\"type\":\"ui\",\"data\":{\"id\":2,\"url\":\"https://discord.com/channels/1338854314273407038/1338854314273407043\"}},{\"timestamp\":1748194296.553,\"category\":\"electron\",\"message\":\"app.browser-window-blur\",\"type\":\"ui\"},{\"timestamp\":1748194302.326,\"category\":\"electron\",\"message\":\"window.focus\",\"type\":\"ui\",\"data\":{\"id\":2,\"url\":\"https://discord.com/channels/1338854314273407038/1338854314273407043\"}},{\"timestamp\":1748194302.326,\"category\":\"electron\",\"message\":\"app.browser-window-focus\",\"type\":\"ui\"},{\"timestamp\":1748194302.87,\"category\":\"electron\",\"message\":\"window.close\",\"type\":\"ui\",\"data\":{\"id\":2,\"url\":\"https://discord.com/channels/1338854314273407038/1338854314273407043\"}},{\"timestamp\":1748194302.87,\"category\":\"electron\",\"message\":\"window.hide\",\"type\":\"ui\",\"data\":{\"id\":2,\"url\":\"https://discord.com/channels/1338854314273407038/1338854314273407043\"}},{\"timestamp\":1748194302.871,\"category\":\"console\",\"level\":\"log\",\"message\":\"blackbox: 5/26/2025, 1:31:42 AM GMT+8 32 window.close win2\"},{\"timestamp\":1748194302.871,\"category\":\"electron\",\"message\":\"window.blur\",\"type\":\"ui\",\"data\":{\"id\":2,\"url\":\"https://discord.com/channels/1338854314273407038/1338854314273407043\"}},{\"timestamp\":1748194302.871,\"category\":\"electron\",\"message\":\"app.browser-window-blur\",\"type\":\"ui\"},{\"timestamp\":1748194441.468,\"category\":\"electron\",\"message\":\"app.second-instance\",\"type\":\"ui\"},{\"timestamp\":1748194441.469,\"category\":\"electron\",\"message\":\"window.show\",\"type\":\"ui\",\"data\":{\"id\":2,\"url\":\"https://discord.com/channels/1338854314273407038/1338854314273407043\"}},{\"timestamp\":1748194441.471,\"category\":\"electron\",\"message\":\"window.show\",\"type\":\"ui\",\"data\":{\"id\":2,\"url\":\"https://discord.com/channels/1338854314273407038/1338854314273407043\"}},{\"timestamp\":1748194441.471,\"category\":\"electron\",\"message\":\"window.focus\",\"type\":\"ui\",\"data\":{\"id\":2,\"url\":\"https://discord.com/channels/1338854314273407038/1338854314273407043\"}},{\"timestamp\":1748194441.472,\"category\":\"electron\",\"message\":\"app.browser-window-focus\",\"type\":\"ui\"},{\"timestamp\":1748194441.477,\"category\":\"electron\",\"message\":\"window.blur\",\"type\":\"ui\",\"data\":{\"id\":2,\"url\":\"https://discord.com/channels/1338854314273407038/1338854314273407043\"}},{\"timestamp\":1748194441.477,\"category\":\"electron\",\"message\":\"app.browser-window-blur\",\"type\":\"ui\"},{\"timestamp\":1748194441.479,\"category\":\"electron\",\"message\":\"window.focus\",\"type\":\"ui\",\"data\":{\"id\":2,\"url\":\"https://discord.com/channels/1338854314273407038/1338854314273407043\"}},{\"timestamp\":1748194441.479,\"category\":\"electron\",\"message\":\"app.browser-window-focus\",\"type\":\"ui\"},{\"timestamp\":1748194446.387,\"category\":\"ui.click\",\"message\":\"div.contents__201d5 > div.lottieIcon__5eb9b.lottieIconColors__5eb9b > svg\"},{\"timestamp\":1748194450.65,\"category\":\"ui.click\",\"message\":\"div.settingsPage_f131e9\"},{\"timestamp\":1748194451.102,\"category\":\"ui.click\",\"message\":\"div.tab_f8303a.item_b3f026.brand_b3f026.selected_b3f026[aria-label=\\\"Standing\\\"]\"},{\"timestamp\":1748194452.362,\"category\":\"electron\",\"message\":\"window.close\",\"type\":\"ui\",\"data\":{\"id\":2,\"url\":\"https://discord.com/channels/1338854314273407038/1338854314273407043\"}},{\"timestamp\":1748194452.362,\"category\":\"electron\",\"message\":\"window.hide\",\"type\":\"ui\",\"data\":{\"id\":2,\"url\":\"https://discord.com/channels/1338854314273407038/1338854314273407043\"}},{\"timestamp\":1748194452.363,\"category\":\"console\",\"level\":\"log\",\"message\":\"blackbox: 5/26/2025, 1:34:12 AM GMT+8 33 window.close win2\"},{\"timestamp\":1748194452.363,\"category\":\"electron\",\"message\":\"window.blur\",\"type\":\"ui\",\"data\":{\"id\":2,\"url\":\"https://discord.com/channels/1338854314273407038/1338854314273407043\"}},{\"timestamp\":1748194452.363,\"category\":\"electron\",\"message\":\"app.browser-window-blur\",\"type\":\"ui\"},{\"timestamp\":1748194553.275,\"category\":\"electron\",\"message\":\"app.second-instance\",\"type\":\"ui\"},{\"timestamp\":1748194553.275,\"category\":\"electron\",\"message\":\"window.show\",\"type\":\"ui\",\"data\":{\"id\":2,\"url\":\"https://discord.com/channels/1338854314273407038/1338854314273407043\"}},{\"timestamp\":1748194553.277,\"category\":\"electron\",\"message\":\"window.show\",\"type\":\"ui\",\"data\":{\"id\":2,\"url\":\"https://discord.com/channels/1338854314273407038/1338854314273407043\"}},{\"timestamp\":1748194553.277,\"category\":\"electron\",\"message\":\"window.focus\",\"type\":\"ui\",\"data\":{\"id\":2,\"url\":\"https://discord.com/channels/1338854314273407038/1338854314273407043\"}},{\"timestamp\":1748194553.277,\"category\":\"electron\",\"message\":\"app.browser-window-focus\",\"type\":\"ui\"},{\"timestamp\":1748194553.281,\"category\":\"electron\",\"message\":\"window.blur\",\"type\":\"ui\",\"data\":{\"id\":2,\"url\":\"https://discord.com/channels/1338854314273407038/1338854314273407043\"}},{\"timestamp\":1748194553.281,\"category\":\"electron\",\"message\":\"app.browser-window-blur\",\"type\":\"ui\"},{\"timestamp\":1748194553.282,\"category\":\"electron\",\"message\":\"window.focus\",\"type\":\"ui\",\"data\":{\"id\":2,\"url\":\"https://discord.com/channels/1338854314273407038/1338854314273407043\"}},{\"timestamp\":1748194553.282,\"category\":\"electron\",\"message\":\"app.browser-window-focus\",\"type\":\"ui\"},{\"timestamp\":1748194554.912,\"category\":\"electron\",\"message\":\"window.close\",\"type\":\"ui\",\"data\":{\"id\":2,\"url\":\"https://discord.com/channels/1338854314273407038/1338854314273407043\"}},{\"timestamp\":1748194554.913,\"category\":\"electron\",\"message\":\"window.hide\",\"type\":\"ui\",\"data\":{\"id\":2,\"url\":\"https://discord.com/channels/1338854314273407038/1338854314273407043\"}},{\"timestamp\":1748194554.913,\"category\":\"console\",\"level\":\"log\",\"message\":\"blackbox: 5/26/2025, 1:35:54 AM GMT+8 34 window.close win2\"},{\"timestamp\":1748194554.913,\"category\":\"electron\",\"message\":\"window.blur\",\"type\":\"ui\",\"data\":{\"id\":2,\"url\":\"https://discord.com/channels/1338854314273407038/1338854314273407043\"}},{\"timestamp\":1748194554.913,\"category\":\"electron\",\"message\":\"app.browser-window-blur\",\"type\":\"ui\"},{\"timestamp\":1748194631.318,\"category\":\"electron\",\"message\":\"app.second-instance\",\"type\":\"ui\"},{\"timestamp\":1748194631.319,\"category\":\"electron\",\"message\":\"window.show\",\"type\":\"ui\",\"data\":{\"id\":2,\"url\":\"https://discord.com/channels/1338854314273407038/1338854314273407043\"}},{\"timestamp\":1748194631.321,\"category\":\"electron\",\"message\":\"window.show\",\"type\":\"ui\",\"data\":{\"id\":2,\"url\":\"https://discord.com/channels/1338854314273407038/1338854314273407043\"}},{\"timestamp\":1748194631.322,\"category\":\"electron\",\"message\":\"window.focus\",\"type\":\"ui\",\"data\":{\"id\":2,\"url\":\"https://discord.com/channels/1338854314273407038/1338854314273407043\"}},{\"timestamp\":1748194631.322,\"category\":\"electron\",\"message\":\"app.browser-window-focus\",\"type\":\"ui\"},{\"timestamp\":1748194631.326,\"category\":\"electron\",\"message\":\"window.blur\",\"type\":\"ui\",\"data\":{\"id\":2,\"url\":\"https://discord.com/channels/1338854314273407038/1338854314273407043\"}},{\"timestamp\":1748194631.326,\"category\":\"electron\",\"message\":\"app.browser-window-blur\",\"type\":\"ui\"},{\"timestamp\":1748194631.326,\"category\":\"electron\",\"message\":\"window.focus\",\"type\":\"ui\",\"data\":{\"id\":2,\"url\":\"https://discord.com/channels/1338854314273407038/1338854314273407043\"}},{\"timestamp\":1748194631.326,\"category\":\"electron\",\"message\":\"app.browser-window-focus\",\"type\":\"ui\"},{\"timestamp\":1748194638.682,\"category\":\"ui.click\",\"message\":\"div.wrapper_cc5dd2 > svg > foreignobject > div.wrapper__6e9f8.selected__6e9f8\"},{\"timestamp\":1748194640.13,\"category\":\"electron\",\"message\":\"window.blur\",\"type\":\"ui\",\"data\":{\"id\":2,\"url\":\"https://discord.com/channels/1233108238921367643/1318799540563873812\"}},{\"timestamp\":1748194640.13,\"category\":\"electron\",\"message\":\"app.browser-window-blur\",\"type\":\"ui\"},{\"timestamp\":1748194640.333,\"category\":\"electron\",\"message\":\"window.focus\",\"type\":\"ui\",\"data\":{\"id\":2,\"url\":\"https://discord.com/channels/1233108238921367643/1318799540563873812\"}},{\"timestamp\":1748194640.333,\"category\":\"electron\",\"message\":\"app.browser-window-focus\",\"type\":\"ui\"},{\"timestamp\":1748194640.694,\"category\":\"electron\",\"message\":\"app.child-process-gone\",\"type\":\"ui\"},{\"timestamp\":1748194640.695,\"type\":\"process\",\"category\":\"child-process\",\"message\":\"'Utility' process exited with 'abnormal-exit'\",\"level\":\"warning\",\"data\":{\"type\":\"Utility\",\"reason\":\"abnormal-exit\",\"exitCode\":32512,\"serviceName\":\"video_capture.mojom.VideoCaptureService\",\"name\":\"Video Capture\"}},{\"timestamp\":1748194640.695,\"category\":\"console\",\"level\":\"error\",\"message\":\"child-process-gone! child: Utility (Video Capture) exitCode: 32512\"},{\"timestamp\":1748194640.696,\"category\":\"console\",\"level\":\"log\",\"message\":\"blackbox: 5/26/2025, 1:37:20 AM GMT+8 35 ❌ child-process-gone {\\n  type: 'Utility',\\n  reason: 'abnormal-exit',\\n  exitCode: 32512,\\n  serviceName: 'video_capture.mojom.VideoCaptureService',\\n  name: 'Video Capture'\\n}\"},{\"timestamp\":1748194640.706,\"category\":\"console\",\"level\":\"log\",\"message\":\"blackbox: 5/26/2025, 1:37:20 AM GMT+8 36 Sentry report: {\\\"contexts\\\":{\\\"trace\\\":{\\\"trace_id\\\":\\\"46d270a880d8465a9ec873db5a027bfd\\\",\\\"span_id\\\":\\\"9380e762c5c67a20\\\"},\\\"app\\\":{\\\"app_name\\\":\\\"discord\\\",\\\"app_version\\\":\\\"0.0.95\\\",\\\"app_start_time\\\":\\\"2025-05-25T17:14:10.755Z\\\"},\\\"os\\\":{\\\"kernel_version\\\":\\\"6.14.7-arch2-1\\\",\\\"name\\\":\\\"Arch Linux\\\",\\\"version\\\":\\\"\\\\\\\"rolling\\\\\\\"\\\"},\\\"browser\\\":{\\\"name\\\":\\\"Chrome\\\"},\\\"chrome\\\":{\\\"name\\\":\\\"Chrome\\\",\\\"type\\\":\\\"runtime\\\",\\\"version\\\":\\\"134.0.6998.205\\\"},\\\"device\\\":{\\\"arch\\\":\\\"x64\\\",\\\"family\\\":\\\"Desktop\\\",\\\"language\\\":\\\"en-US\\\",\\\"screen_density\\\":1,\\\"screen_resolution\\\":\\\"1920x1080\\\",\\\"memory_size\\\":16666267648,\\\"free_memory\\\":6265344000,\\\"processor_count\\\":12,\\\"cpu_description\\\":\\\"AMD Ryzen 5 3600 6-Core Processor\\\",\\\"processor_frequency\\\":3938},\\\"node\\\":{\\\"name\\\":\\\"Node\\\",\\\"type\\\":\\\"runtime\\\",\\\"version\\\":\\\"22.14.0\\\"},\\\"runtime\\\":{\\\"name\\\":\\\"Electron\\\",\\\"version\\\":\\\"35.3.0\\\"}},\\\"environment\\\":\\\"stable\\\",\\\"release\\\":\\\"0.0.95\\\",\\\"user\\\":{\\\"ip_address\\\":\\\"{{auto}}\\\",\\\"id\\\":\\\"984605084526739467\\\",\\\"username\\\":\\\"drjam_\\\",\\\"email\\\":\\\"jamesallanmdr2005@gmail.com\\\"},\\\"tags\\\":{\\\"event.origin\\\":\\\"electron\\\",\\\"event.environment\\\":\\\"javascript\\\",\\\"event.process\\\":\\\"Utility\\\",\\\"event_type\\\":\\\"javascript\\\",\\\"nativeBuildNumber\\\":\\\"null\\\"},\\\"event_id\\\":\\\"6ba6728380d04d22bb56854db1efc1ec\\\",\\\"level\\\":\\\"warning\\\",\\\"message\\\":\\\"'Utility' process exited with 'abnormal-exit'\\\",\\\"platform\\\":\\\"node\\\",\\\"timestamp\\\":1748194640.695,\\\"sdk\\\":{\\\"integrations\\\":[\\\"SentryMinidump\\\",\\\"ElectronBreadcrumbs\\\",\\\"Net\\\",\\\"MainContext\\\",\\\"ChildProcess\\\",\\\"OnUncaughtException\\\",\\\"PreloadInjection\\\",\\\"AdditionalContext\\\",\\\"Screenshots\\\",\\\"RendererProfiling\\\",\\\"InboundFilters\\\",\\\"FunctionToString\\\",\\\"LinkedErrors\\\",\\\"RequestData\\\",\\\"Console\\\",\\\"Http\\\",\\\"Undici\\\",\\\"OnUnhandledRejection\\\",\\\"ContextLines\\\",\\\"LocalVariables\\\",\\\"Modules\\\"]},\\\"breadcrumbs\\\":[{\\\"timestamp\\\":1748194117.712,\\\"category\\\":\\\"electron\\\",\\\"message\\\":\\\"window.focus\\\",\\\"type\\\":\\\"ui\\\",\\\"data\\\":{\\\"id\\\":2,\\\"url\\\":\\\"https://discord.com/channels/1233108238921367643/1318799540563873812\\\"}},{\\\"timestamp\\\":1748194117.712,\\\"category\\\":\\\"electron\\\",\\\"message\\\":\\\"app.browser-window-focus\\\",\\\"type\\\":\\\"ui\\\"},{\\\"timestamp\\\":1748194119.081,\\\"category\\\":\\\"electron\\\",\\\"message\\\":\\\"window.blur\\\",\\\"type\\\":\\\"ui\\\",\\\"data\\\":{\\\"id\\\":2,\\\"url\\\":\\\"https://discord.com/channels/1233108238921367643/1318799540563873812\\\"}},{\\\"timestamp\\\":1748194119.081,\\\"category\\\":\\\"electron\\\",\\\"message\\\":\\\"app.browser-window-blur\\\",\\\"type\\\":\\\"ui\\\"},{\\\"timestamp\\\":1748194143.382,\\\"category\\\":\\\"electron\\\",\\\"message\\\":\\\"window.focus\\\",\\\"type\\\":\\\"ui\\\",\\\"data\\\":{\\\"id\\\":2,\\\"url\\\":\\\"https://discord.com/channels/1233108238921367643/1318799540563873812\\\"}},{\\\"timestamp\\\":1748194143.383,\\\"category\\\":\\\"electron\\\",\\\"message\\\":\\\"app.browser-window-focus\\\",\\\"type\\\":\\\"ui\\\"},{\\\"timestamp\\\":1748194144.493,\\\"category\\\":\\\"electron\\\",\\\"message\\\":\\\"window.blur\\\",\\\"type\\\":\\\"ui\\\",\\\"data\\\":{\\\"id\\\":2,\\\"url\\\":\\\"https://discord.com/channels/1233108238921367643/1318799540563873812\\\"}},{\\\"timestamp\\\":1748194144.493,\\\"category\\\":\\\"electron\\\",\\\"message\\\":\\\"app.browser-window-blur\\\",\\\"type\\\":\\\"ui\\\"},{\\\"timestamp\\\":1748194144.753,\\\"category\\\":\\\"electron\\\",\\\"message\\\":\\\"window.focus\\\",\\\"type\\\":\\\"ui\\\",\\\"data\\\":{\\\"id\\\":2,\\\"url\\\":\\\"https://discord.com/channels/1233108238921367643/1318799540563873812\\\"}},{\\\"timestamp\\\":1748194144.753,\\\"category\\\":\\\"electron\\\",\\\"message\\\":\\\"app.browser-window-focus\\\",\\\"type\\\":\\\"ui\\\"},{\\\"timestamp\\\":1748194144.871,\\\"category\\\":\\\"electron\\\",\\\"message\\\":\\\"window.blur\\\",\\\"type\\\":\\\"ui\\\",\\\"data\\\":{\\\"id\\\":2,\\\"url\\\":\\\"https://discord.com/channels/1233108238921367643/1318799540563873812\\\"}},{\\\"timestamp\\\":1748194144.872,\\\"category\\\":\\\"electron\\\",\\\"message\\\":\\\"app.browser-window-blur\\\",\\\"type\\\":\\\"ui\\\"},{\\\"timestamp\\\":1748194145.396,\\\"category\\\":\\\"electron\\\",\\\"message\\\":\\\"window.focus\\\",\\\"type\\\":\\\"ui\\\",\\\"data\\\":{\\\"id\\\":2,\\\"url\\\":\\\"https://discord.com/channels/1233108238921367643/1318799540563873812\\\"}},{\\\"timestamp\\\":1748194145.396,\\\"category\\\":\\\"electron\\\",\\\"message\\\":\\\"app.browser-window-focus\\\",\\\"type\\\":\\\"ui\\\"},{\\\"timestamp\\\":1748194152.607,\\\"category\\\":\\\"ui.click\\\",\\\"message\\\":\\\"div.wrapper_cc5dd2 > svg > foreignobject > div.wrapper__6e9f8.selected__6e9f8\\\"},{\\\"timestamp\\\":1748194157.659,\\\"category\\\":\\\"electron\\\",\\\"message\\\":\\\"window.blur\\\",\\\"type\\\":\\\"ui\\\",\\\"data\\\":{\\\"id\\\":2,\\\"url\\\":\\\"https://discord.com/channels/1338854314273407038/1338854314273407043\\\"}},{\\\"timestamp\\\":1748194157.659,\\\"category\\\":\\\"electron\\\",\\\"message\\\":\\\"app.browser-window-blur\\\",\\\"type\\\":\\\"ui\\\"},{\\\"timestamp\\\":1748194161.51,\\\"category\\\":\\\"electron\\\",\\\"message\\\":\\\"window.focus\\\",\\\"type\\\":\\\"ui\\\",\\\"data\\\":{\\\"id\\\":2,\\\"url\\\":\\\"https://discord.com/channels/1338854314273407038/1338854314273407043\\\"}},{\\\"timestamp\\\":1748194161.51,\\\"category\\\":\\\"electron\\\",\\\"message\\\":\\\"app.browser-window-focus\\\",\\\"type\\\":\\\"ui\\\"},{\\\"timestamp\\\":1748194162.719,\\\"category\\\":\\\"ui.click\\\",\\\"message\\\":\\\"div.contents__201d5.attachButtonInner__0923f > svg > path\\\"},{\\\"timestamp\\\":1748194163.833,\\\"category\\\":\\\"ui.click\\\",\\\"message\\\":\\\"div#channel-attach-upload-file.item_c1e9c4.labelContainer_c1e9c4.colorDefault_c1e9c4.focused_c1e9c4\\\"},{\\\"timestamp\\\":1748194163.836,\\\"category\\\":\\\"ui.click\\\",\\\"message\\\":\\\"div.uploadInput__0923f > input.file-input[type=\\\\\\\"file\\\\\\\"]\\\"},{\\\"timestamp\\\":1748194163.977,\\\"category\\\":\\\"electron\\\",\\\"message\\\":\\\"window.blur\\\",\\\"type\\\":\\\"ui\\\",\\\"data\\\":{\\\"id\\\":2,\\\"url\\\":\\\"https://discord.com/channels/1338854314273407038/1338854314273407043\\\"}},{\\\"timestamp\\\":1748194163.977,\\\"category\\\":\\\"electron\\\",\\\"message\\\":\\\"app.browser-window-blur\\\",\\\"type\\\":\\\"ui\\\"},{\\\"timestamp\\\":1748194165.555,\\\"category\\\":\\\"electron\\\",\\\"message\\\":\\\"window.focus\\\",\\\"type\\\":\\\"ui\\\",\\\"data\\\":{\\\"id\\\":2,\\\"url\\\":\\\"https://discord.com/channels/1338854314273407038/1338854314273407043\\\"}},{\\\"timestamp\\\":1748194165.555,\\\"category\\\":\\\"electron\\\",\\\"message\\\":\\\"app.browser-window-focus\\\",\\\"type\\\":\\\"ui\\\"},{\\\"timestamp\\\":1748194165.978,\\\"category\\\":\\\"electron\\\",\\\"message\\\":\\\"window.blur\\\",\\\"type\\\":\\\"ui\\\",\\\"data\\\":{\\\"id\\\":2,\\\"url\\\":\\\"https://discord.com/channels/1338854314273407038/1338854314273407043\\\"}},{\\\"timestamp\\\":1748194165.978,\\\"category\\\":\\\"electron\\\",\\\"message\\\":\\\"app.browser-window-blur\\\",\\\"type\\\":\\\"ui\\\"},{\\\"timestamp\\\":1748194166.26,\\\"category\\\":\\\"electron\\\",\\\"message\\\":\\\"window.focus\\\",\\\"type\\\":\\\"ui\\\",\\\"data\\\":{\\\"id\\\":2,\\\"url\\\":\\\"https://discord.com/channels/1338854314273407038/1338854314273407043\\\"}},{\\\"timestamp\\\":1748194166.26,\\\"category\\\":\\\"electron\\\",\\\"message\\\":\\\"app.browser-window-focus\\\",\\\"type\\\":\\\"ui\\\"},{\\\"timestamp\\\":1748194167.726,\\\"category\\\":\\\"ui.click\\\",\\\"message\\\":\\\"div\\\"},{\\\"timestamp\\\":1748194169.516,\\\"category\\\":\\\"electron\\\",\\\"message\\\":\\\"window.blur\\\",\\\"type\\\":\\\"ui\\\",\\\"data\\\":{\\\"id\\\":2,\\\"url\\\":\\\"https://discord.com/channels/1338854314273407038/1338854314273407043\\\"}},{\\\"timestamp\\\":1748194169.516,\\\"category\\\":\\\"electron\\\",\\\"message\\\":\\\"app.browser-window-blur\\\",\\\"type\\\":\\\"ui\\\"},{\\\"timestamp\\\":1748194252.879,\\\"category\\\":\\\"electron\\\",\\\"message\\\":\\\"window.focus\\\",\\\"type\\\":\\\"ui\\\",\\\"data\\\":{\\\"id\\\":2,\\\"url\\\":\\\"https://discord.com/channels/1338854314273407038/1338854314273407043\\\"}},{\\\"timestamp\\\":1748194252.88,\\\"category\\\":\\\"electron\\\",\\\"message\\\":\\\"app.browser-window-focus\\\",\\\"type\\\":\\\"ui\\\"},{\\\"timestamp\\\":1748194253.334,\\\"category\\\":\\\"electron\\\",\\\"message\\\":\\\"window.blur\\\",\\\"type\\\":\\\"ui\\\",\\\"data\\\":{\\\"id\\\":2,\\\"url\\\":\\\"https://discord.com/channels/1338854314273407038/1338854314273407043\\\"}},{\\\"timestamp\\\":1748194253.335,\\\"category\\\":\\\"electron\\\",\\\"message\\\":\\\"app.browser-window-blur\\\",\\\"type\\\":\\\"ui\\\"},{\\\"timestamp\\\":1748194253.502,\\\"category\\\":\\\"electron\\\",\\\"message\\\":\\\"window.focus\\\",\\\"type\\\":\\\"ui\\\",\\\"data\\\":{\\\"id\\\":2,\\\"url\\\":\\\"https://discord.com/channels/1338854314273407038/1338854314273407043\\\"}},{\\\"timestamp\\\":1748194253.502,\\\"category\\\":\\\"electron\\\",\\\"message\\\":\\\"app.browser-window-focus\\\",\\\"type\\\":\\\"ui\\\"},{\\\"timestamp\\\":1748194253.886,\\\"category\\\":\\\"electron\\\",\\\"message\\\":\\\"window.blur\\\",\\\"type\\\":\\\"ui\\\",\\\"data\\\":{\\\"id\\\":2,\\\"url\\\":\\\"https://discord.com/channels/1338854314273407038/1338854314273407043\\\"}},{\\\"timestamp\\\":1748194253.886,\\\"category\\\":\\\"electron\\\",\\\"message\\\":\\\"app.browser-window-blur\\\",\\\"type\\\":\\\"ui\\\"},{\\\"timestamp\\\":1748194293.955,\\\"category\\\":\\\"electron\\\",\\\"message\\\":\\\"window.focus\\\",\\\"type\\\":\\\"ui\\\",\\\"data\\\":{\\\"id\\\":2,\\\"url\\\":\\\"https://discord.com/channels/1338854314273407038/1338854314273407043\\\"}},{\\\"timestamp\\\":1748194293.955,\\\"category\\\":\\\"electron\\\",\\\"message\\\":\\\"app.browser-window-focus\\\",\\\"type\\\":\\\"ui\\\"},{\\\"timestamp\\\":1748194294.571,\\\"category\\\":\\\"ui.click\\\",\\\"message\\\":\\\"div.markup__75297.editor__1b31f.slateTextArea_ec4baf.fontSize16Padding__74017[aria-label=\\\\\\\"Message #general\\\\\\\"]\\\"},{\\\"timestamp\\\":1748194295.166,\\\"category\\\":\\\"ui.input\\\",\\\"message\\\":\\\"div.markup__75297.editor__1b31f.slateTextArea_ec4baf.fontSize16Padding__74017[aria-label=\\\\\\\"Message #general\\\\\\\"]\\\"},{\\\"timestamp\\\":1748194296.553,\\\"category\\\":\\\"electron\\\",\\\"message\\\":\\\"window.blur\\\",\\\"type\\\":\\\"ui\\\",\\\"data\\\":{\\\"id\\\":2,\\\"url\\\":\\\"https://discord.com/channels/1338854314273407038/1338854314273407043\\\"}},{\\\"timestamp\\\":1748194296.553,\\\"category\\\":\\\"electron\\\",\\\"message\\\":\\\"app.browser-window-blur\\\",\\\"type\\\":\\\"ui\\\"},{\\\"timestamp\\\":1748194302.326,\\\"category\\\":\\\"electron\\\",\\\"message\\\":\\\"window.focus\\\",\\\"type\\\":\\\"ui\\\",\\\"data\\\":{\\\"id\\\":2,\\\"url\\\":\\\"https://discord.com/channels/1338854314273407038/1338854314273407043\\\"}},{\\\"timestamp\\\":1748194302.326,\\\"category\\\":\\\"electron\\\",\\\"message\\\":\\\"app.browser-window-focus\\\",\\\"type\\\":\\\"ui\\\"},{\\\"timestamp\\\":1748194302.87,\\\"category\\\":\\\"electron\\\",\\\"message\\\":\\\"window.close\\\",\\\"type\\\":\\\"ui\\\",\\\"data\\\":{\\\"id\\\":2,\\\"url\\\":\\\"https://discord.com/channels/1338854314273407038/1338854314273407043\\\"}},{\\\"timestamp\\\":1748194302.87,\\\"category\\\":\\\"electron\\\",\\\"message\\\":\\\"window.hide\\\",\\\"type\\\":\\\"ui\\\",\\\"data\\\":{\\\"id\\\":2,\\\"url\\\":\\\"https://discord.com/channels/1338854314273407038/1338854314273407043\\\"}},{\\\"timestamp\\\":1748194302.871,\\\"category\\\":\\\"console\\\",\\\"level\\\":\\\"log\\\",\\\"message\\\":\\\"blackbox: 5/26/2025, 1:31:42 AM GMT+8 32 window.close win2\\\"},{\\\"timestamp\\\":1748194302.871,\\\"category\\\":\\\"electron\\\",\\\"message\\\":\\\"window.blur\\\",\\\"type\\\":\\\"ui\\\",\\\"data\\\":{\\\"id\\\":2,\\\"url\\\":\\\"https://discord.com/channels/1338854314273407038/1338854314273407043\\\"}},{\\\"timestamp\\\":1748194302.871,\\\"category\\\":\\\"electron\\\",\\\"message\\\":\\\"app.browser-window-blur\\\",\\\"type\\\":\\\"ui\\\"},{\\\"timestamp\\\":1748194441.468,\\\"category\\\":\\\"electron\\\",\\\"message\\\":\\\"app.second-instance\\\",\\\"type\\\":\\\"ui\\\"},{\\\"timestamp\\\":1748194441.469,\\\"category\\\":\\\"electron\\\",\\\"message\\\":\\\"window.show\\\",\\\"type\\\":\\\"ui\\\",\\\"data\\\":{\\\"id\\\":2,\\\"url\\\":\\\"https://discord.com/channels/1338854314273407038/1338854314273407043\\\"}},{\\\"timestamp\\\":1748194441.471,\\\"category\\\":\\\"electron\\\",\\\"message\\\":\\\"window.show\\\",\\\"type\\\":\\\"ui\\\",\\\"data\\\":{\\\"id\\\":2,\\\"url\\\":\\\"https://discord.com/channels/1338854314273407038/1338854314273407043\\\"}},{\\\"timestamp\\\":1748194441.471,\\\"category\\\":\\\"electron\\\",\\\"message\\\":\\\"window.focus\\\",\\\"type\\\":\\\"ui\\\",\\\"data\\\":{\\\"id\\\":2,\\\"url\\\":\\\"https://discord.com/channels/1338854314273407038/1338854314273407043\\\"}},{\\\"timestamp\\\":1748194441.472,\\\"category\\\":\\\"electron\\\",\\\"message\\\":\\\"app.browser-window-focus\\\",\\\"type\\\":\\\"ui\\\"},{\\\"timestamp\\\":1748194441.477,\\\"category\\\":\\\"electron\\\",\\\"message\\\":\\\"window.blur\\\",\\\"type\\\":\\\"ui\\\",\\\"data\\\":{\\\"id\\\":2,\\\"url\\\":\\\"https://discord.com/channels/1338854314273407038/1338854314273407043\\\"}},{\\\"timestamp\\\":1748194441.477,\\\"category\\\":\\\"electron\\\",\\\"message\\\":\\\"app.browser-window-blur\\\",\\\"type\\\":\\\"ui\\\"},{\\\"timestamp\\\":1748194441.479,\\\"category\\\":\\\"electron\\\",\\\"message\\\":\\\"window.focus\\\",\\\"type\\\":\\\"ui\\\",\\\"data\\\":{\\\"id\\\":2,\\\"url\\\":\\\"https://discord.com/channels/1338854314273407038/1338854314273407043\\\"}},{\\\"timestamp\\\":1748194441.479,\\\"category\\\":\\\"electron\\\",\\\"message\\\":\\\"app.browser-window-focus\\\",\\\"type\\\":\\\"ui\\\"},{\\\"timestamp\\\":1748194446.387,\\\"category\\\":\\\"ui.click\\\",\\\"message\\\":\\\"div.contents__201d5 > div.lottieIcon__5eb9b.lottieIconColors__5eb9b > svg\\\"},{\\\"timestamp\\\":1748194450.65,\\\"category\\\":\\\"ui.click\\\",\\\"message\\\":\\\"div.settingsPage_f131e9\\\"},{\\\"timestamp\\\":1748194451.102,\\\"category\\\":\\\"ui.click\\\",\\\"message\\\":\\\"div.tab_f8303a.item_b3f026.brand_b3f026.selected_b3f026[aria-label=\\\\\\\"Standing\\\\\\\"]\\\"},{\\\"timestamp\\\":1748194452.362,\\\"category\\\":\\\"electron\\\",\\\"message\\\":\\\"window.close\\\",\\\"type\\\":\\\"ui\\\",\\\"data\\\":{\\\"id\\\":2,\\\"url\\\":\\\"https://discord.com/channels/1338854314273407038/1338854314273407043\\\"}},{\\\"timestamp\\\":1748194452.362,\\\"category\\\":\\\"electron\\\",\\\"message\\\":\\\"window.hide\\\",\\\"type\\\":\\\"ui\\\",\\\"data\\\":{\\\"id\\\":2,\\\"url\\\":\\\"https://discord.com/channels/1338854314273407038/1338854314273407043\\\"}},{\\\"timestamp\\\":1748194452.363,\\\"category\\\":\\\"console\\\",\\\"level\\\":\\\"log\\\",\\\"message\\\":\\\"blackbox: 5/26/2025, 1:34:12 AM GMT+8 33 window.close win2\\\"},{\\\"timestamp\\\":1748194452.363,\\\"category\\\":\\\"electron\\\",\\\"message\\\":\\\"window.blur\\\",\\\"type\\\":\\\"ui\\\",\\\"data\\\":{\\\"id\\\":2,\\\"url\\\":\\\"https://discord.com/channels/1338854314273407038/1338854314273407043\\\"}},{\\\"timestamp\\\":1748194452.363,\\\"category\\\":\\\"electron\\\",\\\"message\\\":\\\"app.browser-window-blur\\\",\\\"type\\\":\\\"ui\\\"},{\\\"timestamp\\\":1748194553.275,\\\"category\\\":\\\"electron\\\",\\\"message\\\":\\\"app.second-instance\\\",\\\"type\\\":\\\"ui\\\"},{\\\"timestamp\\\":1748194553.275,\\\"category\\\":\\\"electron\\\",\\\"message\\\":\\\"window.show\\\",\\\"type\\\":\\\"ui\\\",\\\"data\\\":{\\\"id\\\":2,\\\"url\\\":\\\"https://discord.com/channels/1338854314273407038/1338854314273407043\\\"}},{\\\"timestamp\\\":1748194553.277,\\\"category\\\":\\\"electron\\\",\\\"message\\\":\\\"window.show\\\",\\\"type\\\":\\\"ui\\\",\\\"data\\\":{\\\"id\\\":2,\\\"url\\\":\\\"https://discord.com/channels/1338854314273407038/1338854314273407043\\\"}},{\\\"timestamp\\\":1748194553.277,\\\"category\\\":\\\"electron\\\",\\\"message\\\":\\\"window.focus\\\",\\\"type\\\":\\\"ui\\\",\\\"data\\\":{\\\"id\\\":2,\\\"url\\\":\\\"https://discord.com/channels/1338854314273407038/1338854314273407043\\\"}},{\\\"timestamp\\\":1748194553.277,\\\"category\\\":\\\"electron\\\",\\\"message\\\":\\\"app.browser-window-focus\\\",\\\"type\\\":\\\"ui\\\"},{\\\"timestamp\\\":1748194553.281,\\\"category\\\":\\\"electron\\\",\\\"message\\\":\\\"window.blur\\\",\\\"type\\\":\\\"ui\\\",\\\"data\\\":{\\\"id\\\":2,\\\"url\\\":\\\"https://discord.com/channels/1338854314273407038/1338854314273407043\\\"}},{\\\"timestamp\\\":1748194553.281,\\\"category\\\":\\\"electron\\\",\\\"message\\\":\\\"app.browser-window-blur\\\",\\\"type\\\":\\\"ui\\\"},{\\\"timestamp\\\":1748194553.282,\\\"category\\\":\\\"electron\\\",\\\"message\\\":\\\"window.focus\\\",\\\"type\\\":\\\"ui\\\",\\\"data\\\":{\\\"id\\\":2,\\\"url\\\":\\\"https://discord.com/channels/1338854314273407038/1338854314273407043\\\"}},{\\\"timestamp\\\":1748194553.282,\\\"category\\\":\\\"electron\\\",\\\"message\\\":\\\"app.browser-window-focus\\\",\\\"type\\\":\\\"ui\\\"},{\\\"timestamp\\\":1748194554.912,\\\"category\\\":\\\"electron\\\",\\\"message\\\":\\\"window.close\\\",\\\"type\\\":\\\"ui\\\",\\\"data\\\":{\\\"id\\\":2,\\\"url\\\":\\\"https://discord.com/channels/1338854314273407038/1338854314273407043\\\"}},{\\\"timestamp\\\":1748194554.913,\\\"category\\\":\\\"electron\\\",\\\"message\\\":\\\"window.hide\\\",\\\"type\\\":\\\"ui\\\",\\\"data\\\":{\\\"id\\\":2,\\\"url\\\":\\\"https://discord.com/channels/1338854314273407038/1338854314273407043\\\"}},{\\\"timestamp\\\":1748194554.913,\\\"category\\\":\\\"console\\\",\\\"level\\\":\\\"log\\\",\\\"message\\\":\\\"blackbox: 5/26/2025, 1:35:54 AM GMT+8 34 window.close win2\\\"},{\\\"timestamp\\\":1748194554.913,\\\"category\\\":\\\"electron\\\",\\\"message\\\":\\\"window.blur\\\",\\\"type\\\":\\\"ui\\\",\\\"data\\\":{\\\"id\\\":2,\\\"url\\\":\\\"https://discord.com/channels/1338854314273407038/1338854314273407043\\\"}},{\\\"timestamp\\\":1748194554.913,\\\"category\\\":\\\"electron\\\",\\\"message\\\":\\\"app.browser-window-blur\\\",\\\"type\\\":\\\"ui\\\"},{\\\"timestamp\\\":1748194631.318,\\\"category\\\":\\\"electron\\\",\\\"message\\\":\\\"app.second-instance\\\",\\\"type\\\":\\\"ui\\\"},{\\\"timestamp\\\":1748194631.319,\\\"category\\\":\\\"electron\\\",\\\"message\\\":\\\"window.show\\\",\\\"type\\\":\\\"ui\\\",\\\"data\\\":{\\\"id\\\":2,\\\"url\\\":\\\"https://discord.com/channels/1338854314273407038/1338854314273407043\\\"}},{\\\"timestamp\\\":1748194631.321,\\\"category\\\":\\\"electron\\\",\\\"message\\\":\\\"window.show\\\",\\\"type\\\":\\\"ui\\\",\\\"data\\\":{\\\"id\\\":2,\\\"url\\\":\\\"https://discord.com/channels/1338854314273407038/1338854314273407043\\\"}},{\\\"timestamp\\\":1748194631.322,\\\"category\\\":\\\"electron\\\",\\\"message\\\":\\\"window.focus\\\",\\\"type\\\":\\\"ui\\\",\\\"data\\\":{\\\"id\\\":2,\\\"url\\\":\\\"https://discord.com/channels/1338854314273407038/1338854314273407043\\\"}},{\\\"timestamp\\\":1748194631.322,\\\"category\\\":\\\"electron\\\",\\\"message\\\":\\\"app.browser-window-focus\\\",\\\"type\\\":\\\"ui\\\"},{\\\"timestamp\\\":1748194631.326,\\\"category\\\":\\\"electron\\\",\\\"message\\\":\\\"window.blur\\\",\\\"type\\\":\\\"ui\\\",\\\"data\\\":{\\\"id\\\":2,\\\"url\\\":\\\"https://discord.com/channels/1338854314273407038/1338854314273407043\\\"}},{\\\"timestamp\\\":1748194631.326,\\\"category\\\":\\\"electron\\\",\\\"message\\\":\\\"app.browser-window-blur\\\",\\\"type\\\":\\\"ui\\\"},{\\\"timestamp\\\":1748194631.326,\\\"category\\\":\\\"electron\\\",\\\"message\\\":\\\"window.focus\\\",\\\"type\\\":\\\"ui\\\",\\\"data\\\":{\\\"id\\\":2,\\\"url\\\":\\\"https://discord.com/channels/1338854314273407038/1338854314273407043\\\"}},{\\\"timestamp\\\":1748194631.326,\\\"category\\\":\\\"electron\\\",\\\"message\\\":\\\"app.browser-window-focus\\\",\\\"type\\\":\\\"ui\\\"},{\\\"timestamp\\\":1748194638.682,\\\"category\\\":\\\"ui.click\\\",\\\"message\\\":\\\"div.wrapper_cc5dd2 > svg > foreignobject > div.wrapper__6e9f8.selected__6e9f8\\\"},{\\\"timestamp\\\":1748194640.13,\\\"category\\\":\\\"electron\\\",\\\"message\\\":\\\"window.blur\\\",\\\"type\\\":\\\"ui\\\",\\\"data\\\":{\\\"id\\\":2,\\\"url\\\":\\\"https://discord.com/channels/1233108238921367643/1318799540563873812\\\"}},{\\\"timestamp\\\":1748194640.13,\\\"category\\\":\\\"electron\\\",\\\"message\\\":\\\"app.browser-window-blur\\\",\\\"type\\\":\\\"ui\\\"},{\\\"timestamp\\\":1748194640.333,\\\"category\\\":\\\"electron\\\",\\\"message\\\":\\\"window.focus\\\",\\\"type\\\":\\\"ui\\\",\\\"data\\\":{\\\"id\\\":2,\\\"url\\\":\\\"https://discord.com/channels/1233108238921367643/1318799540563873812\\\"}},{\\\"timestamp\\\":1748194640.333,\\\"category\\\":\\\"electron\\\",\\\"message\\\":\\\"app.browser-window-focus\\\",\\\"type\\\":\\\"ui\\\"},{\\\"timestamp\\\":1748194640.694,\\\"category\\\":\\\"electron\\\",\\\"message\\\":\\\"app.child-process-gone\\\",\\\"type\\\":\\\"ui\\\"}],\\\"sdkProcessingMetadata\\\":{\\\"dynamicSamplingContext\\\":{\\\"environment\\\":\\\"stable\\\",\\\"release\\\":\\\"0.0.95\\\",\\\"public_key\\\":\\\"d2558f321dfc7ab68366d8258fd256c7\\\",\\\"trace_id\\\":\\\"46d270a880d8465a9ec873db5a027bfd\\\"}},\\\"modules\\\":{},\\\"extra\\\":{\\\"release_channel\\\":\\\"stable\\\",\\\"sentry\\\":{\\\"environment\\\":\\\"stable\\\",\\\"release\\\":\\\"0.0.95\\\",\\\"user\\\":{\\\"id\\\":\\\"984605084526739467\\\",\\\"username\\\":\\\"drjam_\\\",\\\"email\\\":\\\"jamesallanmdr2005@gmail.com\\\"}},\\\"wm\\\":\\\"Hyprland,unknown\\\",\\\"distro\\\":\\\"\\\\\\\"Arch Linux\\\\\\\"\\\",\\\"nativeBuildNumber\\\":\\\"null\\\",\\\"user_id\\\":\\\"984605084526739467\\\",\\\"username\\\":\\\"drjam_\\\",\\\"email\\\":\\\"jamesallanmdr2005@gmail.com\\\"}}\"},{\"timestamp\":1748194640.708,\"category\":\"ui.click\",\"message\":\"g > g > g > g > path\"},{\"timestamp\":1748194641.029,\"category\":\"electron\",\"message\":\"app.child-process-gone\",\"type\":\"ui\"}],\"sdkProcessingMetadata\":{\"dynamicSamplingContext\":{\"environment\":\"stable\",\"release\":\"0.0.95\",\"public_key\":\"d2558f321dfc7ab68366d8258fd256c7\",\"trace_id\":\"46d270a880d8465a9ec873db5a027bfd\"}},\"modules\":{},\"extra\":{\"release_channel\":\"stable\",\"sentry\":{\"environment\":\"stable\",\"release\":\"0.0.95\",\"user\":{\"id\":\"984605084526739467\",\"username\":\"drjam_\",\"email\":\"jamesallanmdr2005@gmail.com\"}},\"wm\":\"Hyprland,unknown\",\"distro\":\"\\\"Arch Linux\\\"\",\"nativeBuildNumber\":\"null\",\"user_id\":\"984605084526739467\",\"username\":\"drjam_\",\"email\":\"jamesallanmdr2005@gmail.com\"}}"},{"timestamp":1748194642.056,"category":"electron","message":"app.child-process-gone","type":"ui"}],"sdkProcessingMetadata":{"dynamicSamplingContext":{"environment":"stable","release":"0.0.95","public_key":"d2558f321dfc7ab68366d8258fd256c7","trace_id":"46d270a880d8465a9ec873db5a027bfd"}},"modules":{},"extra":{"release_channel":"stable","sentry":{"environment":"stable","release":"0.0.95","user":{"id":"984605084526739467","username":"drjam_","email":"jamesallanmdr2005@gmail.com"}},"wm":"Hyprland,unknown","distro":"\"Arch Linux\"","nativeBuildNumber":"null","user_id":"984605084526739467","username":"drjam_","email":"jamesallanmdr2005@gmail.com"}}
5/26/2025, 1:37:22 AM GMT+8 41: ❌ child-process-gone {
  type: 'Utility',
  reason: 'abnormal-exit',
  exitCode: 32512,
  serviceName: 'video_capture.mojom.VideoCaptureService',
  name: 'Video Capture'
}
5/26/2025, 1:37:22 AM GMT+8 42: Sentry report: {"contexts":{"trace":{"trace_id":"46d270a880d8465a9ec873db5a027bfd","span_id":"9380e762c5c67a20"},"app":{"app_name":"discord","app_version":"0.0.95","app_start_time":"2025-05-25T17:14:10.755Z"},"os":{"kernel_version":"6.14.7-arch2-1","name":"Arch Linux","version":"\"rolling\""},"browser":{"name":"Chrome"},"chrome":{"name":"Chrome","type":"runtime","version":"134.0.6998.205"},"device":{"arch":"x64","family":"Desktop","language":"en-US","screen_density":1,"screen_resolution":"1920x1080","memory_size":16666267648,"free_memory":6234439680,"processor_count":12,"cpu_description":"AMD Ryzen 5 3600 6-Core Processor","processor_frequency":3947},"node":{"name":"Node","type":"runtime","version":"22.14.0"},"runtime":{"name":"Electron","version":"35.3.0"}},"environment":"stable","release":"0.0.95","user":{"ip_address":"{{auto}}","id":"984605084526739467","username":"drjam_","email":"jamesallanmdr2005@gmail.com"},"tags":{"event.origin":"electron","event.environment":"javascript","event.process":"Utility","event_type":"javascript","nativeBuildNumber":"null"},"event_id":"aa7cc7ddef934dbabbc1f32702f8547a","level":"warning","message":"'Utility' process exited with 'abnormal-exit'","platform":"node","timestamp":1748194642.326,"sdk":{"integrations":["SentryMinidump","ElectronBreadcrumbs","Net","MainContext","ChildProcess","OnUncaughtException","PreloadInjection","AdditionalContext","Screenshots","RendererProfiling","InboundFilters","FunctionToString","LinkedErrors","RequestData","Console","Http","Undici","OnUnhandledRejection","ContextLines","LocalVariables","Modules"]},"breadcrumbs":[{"timestamp":1748194161.51,"category":"electron","message":"window.focus","type":"ui","data":{"id":2,"url":"https://discord.com/channels/1338854314273407038/1338854314273407043"}},{"timestamp":1748194161.51,"category":"electron","message":"app.browser-window-focus","type":"ui"},{"timestamp":1748194162.719,"category":"ui.click","message":"div.contents__201d5.attachButtonInner__0923f > svg > path"},{"timestamp":1748194163.833,"category":"ui.click","message":"div#channel-attach-upload-file.item_c1e9c4.labelContainer_c1e9c4.colorDefault_c1e9c4.focused_c1e9c4"},{"timestamp":1748194163.836,"category":"ui.click","message":"div.uploadInput__0923f > input.file-input[type=\"file\"]"},{"timestamp":1748194163.977,"category":"electron","message":"window.blur","type":"ui","data":{"id":2,"url":"https://discord.com/channels/1338854314273407038/1338854314273407043"}},{"timestamp":1748194163.977,"category":"electron","message":"app.browser-window-blur","type":"ui"},{"timestamp":1748194165.555,"category":"electron","message":"window.focus","type":"ui","data":{"id":2,"url":"https://discord.com/channels/1338854314273407038/1338854314273407043"}},{"timestamp":1748194165.555,"category":"electron","message":"app.browser-window-focus","type":"ui"},{"timestamp":1748194165.978,"category":"electron","message":"window.blur","type":"ui","data":{"id":2,"url":"https://discord.com/channels/1338854314273407038/1338854314273407043"}},{"timestamp":1748194165.978,"category":"electron","message":"app.browser-window-blur","type":"ui"},{"timestamp":1748194166.26,"category":"electron","message":"window.focus","type":"ui","data":{"id":2,"url":"https://discord.com/channels/1338854314273407038/1338854314273407043"}},{"timestamp":1748194166.26,"category":"electron","message":"app.browser-window-focus","type":"ui"},{"timestamp":1748194167.726,"category":"ui.click","message":"div"},{"timestamp":1748194169.516,"category":"electron","message":"window.blur","type":"ui","data":{"id":2,"url":"https://discord.com/channels/1338854314273407038/1338854314273407043"}},{"timestamp":1748194169.516,"category":"electron","message":"app.browser-window-blur","type":"ui"},{"timestamp":1748194252.879,"category":"electron","message":"window.focus","type":"ui","data":{"id":2,"url":"https://discord.com/channels/1338854314273407038/1338854314273407043"}},{"timestamp":1748194252.88,"category":"electron","message":"app.browser-window-focus","type":"ui"},{"timestamp":1748194253.334,"category":"electron","message":"window.blur","type":"ui","data":{"id":2,"url":"https://discord.com/channels/1338854314273407038/1338854314273407043"}},{"timestamp":1748194253.335,"category":"electron","message":"app.browser-window-blur","type":"ui"},{"timestamp":1748194253.502,"category":"electron","message":"window.focus","type":"ui","data":{"id":2,"url":"https://discord.com/channels/1338854314273407038/1338854314273407043"}},{"timestamp":1748194253.502,"category":"electron","message":"app.browser-window-focus","type":"ui"},{"timestamp":1748194253.886,"category":"electron","message":"window.blur","type":"ui","data":{"id":2,"url":"https://discord.com/channels/1338854314273407038/1338854314273407043"}},{"timestamp":1748194253.886,"category":"electron","message":"app.browser-window-blur","type":"ui"},{"timestamp":1748194293.955,"category":"electron","message":"window.focus","type":"ui","data":{"id":2,"url":"https://discord.com/channels/1338854314273407038/1338854314273407043"}},{"timestamp":1748194293.955,"category":"electron","message":"app.browser-window-focus","type":"ui"},{"timestamp":1748194294.571,"category":"ui.click","message":"div.markup__75297.editor__1b31f.slateTextArea_ec4baf.fontSize16Padding__74017[aria-label=\"Message #general\"]"},{"timestamp":1748194295.166,"category":"ui.input","message":"div.markup__75297.editor__1b31f.slateTextArea_ec4baf.fontSize16Padding__74017[aria-label=\"Message #general\"]"},{"timestamp":1748194296.553,"category":"electron","message":"window.blur","type":"ui","data":{"id":2,"url":"https://discord.com/channels/1338854314273407038/1338854314273407043"}},{"timestamp":1748194296.553,"category":"electron","message":"app.browser-window-blur","type":"ui"},{"timestamp":1748194302.326,"category":"electron","message":"window.focus","type":"ui","data":{"id":2,"url":"https://discord.com/channels/1338854314273407038/1338854314273407043"}},{"timestamp":1748194302.326,"category":"electron","message":"app.browser-window-focus","type":"ui"},{"timestamp":1748194302.87,"category":"electron","message":"window.close","type":"ui","data":{"id":2,"url":"https://discord.com/channels/1338854314273407038/1338854314273407043"}},{"timestamp":1748194302.87,"category":"electron","message":"window.hide","type":"ui","data":{"id":2,"url":"https://discord.com/channels/1338854314273407038/1338854314273407043"}},{"timestamp":1748194302.871,"category":"console","level":"log","message":"blackbox: 5/26/2025, 1:31:42 AM GMT+8 32 window.close win2"},{"timestamp":1748194302.871,"category":"electron","message":"window.blur","type":"ui","data":{"id":2,"url":"https://discord.com/channels/1338854314273407038/1338854314273407043"}},{"timestamp":1748194302.871,"category":"electron","message":"app.browser-window-blur","type":"ui"},{"timestamp":1748194441.468,"category":"electron","message":"app.second-instance","type":"ui"},{"timestamp":1748194441.469,"category":"electron","message":"window.show","type":"ui","data":{"id":2,"url":"https://discord.com/channels/1338854314273407038/1338854314273407043"}},{"timestamp":1748194441.471,"category":"electron","message":"window.show","type":"ui","data":{"id":2,"url":"https://discord.com/channels/1338854314273407038/1338854314273407043"}},{"timestamp":1748194441.471,"category":"electron","message":"window.focus","type":"ui","data":{"id":2,"url":"https://discord.com/channels/1338854314273407038/1338854314273407043"}},{"timestamp":1748194441.472,"category":"electron","message":"app.browser-window-focus","type":"ui"},{"timestamp":1748194441.477,"category":"electron","message":"window.blur","type":"ui","data":{"id":2,"url":"https://discord.com/channels/1338854314273407038/1338854314273407043"}},{"timestamp":1748194441.477,"category":"electron","message":"app.browser-window-blur","type":"ui"},{"timestamp":1748194441.479,"category":"electron","message":"window.focus","type":"ui","data":{"id":2,"url":"https://discord.com/channels/1338854314273407038/1338854314273407043"}},{"timestamp":1748194441.479,"category":"electron","message":"app.browser-window-focus","type":"ui"},{"timestamp":1748194446.387,"category":"ui.click","message":"div.contents__201d5 > div.lottieIcon__5eb9b.lottieIconColors__5eb9b > svg"},{"timestamp":1748194450.65,"category":"ui.click","message":"div.settingsPage_f131e9"},{"timestamp":1748194451.102,"category":"ui.click","message":"div.tab_f8303a.item_b3f026.brand_b3f026.selected_b3f026[aria-label=\"Standing\"]"},{"timestamp":1748194452.362,"category":"electron","message":"window.close","type":"ui","data":{"id":2,"url":"https://discord.com/channels/1338854314273407038/1338854314273407043"}},{"timestamp":1748194452.362,"category":"electron","message":"window.hide","type":"ui","data":{"id":2,"url":"https://discord.com/channels/1338854314273407038/1338854314273407043"}},{"timestamp":1748194452.363,"category":"console","level":"log","message":"blackbox: 5/26/2025, 1:34:12 AM GMT+8 33 window.close win2"},{"timestamp":1748194452.363,"category":"electron","message":"window.blur","type":"ui","data":{"id":2,"url":"https://discord.com/channels/1338854314273407038/1338854314273407043"}},{"timestamp":1748194452.363,"category":"electron","message":"app.browser-window-blur","type":"ui"},{"timestamp":1748194553.275,"category":"electron","message":"app.second-instance","type":"ui"},{"timestamp":1748194553.275,"category":"electron","message":"window.show","type":"ui","data":{"id":2,"url":"https://discord.com/channels/1338854314273407038/1338854314273407043"}},{"timestamp":1748194553.277,"category":"electron","message":"window.show","type":"ui","data":{"id":2,"url":"https://discord.com/channels/1338854314273407038/1338854314273407043"}},{"timestamp":1748194553.277,"category":"electron","message":"window.focus","type":"ui","data":{"id":2,"url":"https://discord.com/channels/1338854314273407038/1338854314273407043"}},{"timestamp":1748194553.277,"category":"electron","message":"app.browser-window-focus","type":"ui"},{"timestamp":1748194553.281,"category":"electron","message":"window.blur","type":"ui","data":{"id":2,"url":"https://discord.com/channels/1338854314273407038/1338854314273407043"}},{"timestamp":1748194553.281,"category":"electron","message":"app.browser-window-blur","type":"ui"},{"timestamp":1748194553.282,"category":"electron","message":"window.focus","type":"ui","data":{"id":2,"url":"https://discord.com/channels/1338854314273407038/1338854314273407043"}},{"timestamp":1748194553.282,"category":"electron","message":"app.browser-window-focus","type":"ui"},{"timestamp":1748194554.912,"category":"electron","message":"window.close","type":"ui","data":{"id":2,"url":"https://discord.com/channels/1338854314273407038/1338854314273407043"}},{"timestamp":1748194554.913,"category":"electron","message":"window.hide","type":"ui","data":{"id":2,"url":"https://discord.com/channels/1338854314273407038/1338854314273407043"}},{"timestamp":1748194554.913,"category":"console","level":"log","message":"blackbox: 5/26/2025, 1:35:54 AM GMT+8 34 window.close win2"},{"timestamp":1748194554.913,"category":"electron","message":"window.blur","type":"ui","data":{"id":2,"url":"https://discord.com/channels/1338854314273407038/1338854314273407043"}},{"timestamp":1748194554.913,"category":"electron","message":"app.browser-window-blur","type":"ui"},{"timestamp":1748194631.318,"category":"electron","message":"app.second-instance","type":"ui"},{"timestamp":1748194631.319,"category":"electron","message":"window.show","type":"ui","data":{"id":2,"url":"https://discord.com/channels/1338854314273407038/1338854314273407043"}},{"timestamp":1748194631.321,"category":"electron","message":"window.show","type":"ui","data":{"id":2,"url":"https://discord.com/channels/1338854314273407038/1338854314273407043"}},{"timestamp":1748194631.322,"category":"electron","message":"window.focus","type":"ui","data":{"id":2,"url":"https://discord.com/channels/1338854314273407038/1338854314273407043"}},{"timestamp":1748194631.322,"category":"electron","message":"app.browser-window-focus","type":"ui"},{"timestamp":1748194631.326,"category":"electron","message":"window.blur","type":"ui","data":{"id":2,"url":"https://discord.com/channels/1338854314273407038/1338854314273407043"}},{"timestamp":1748194631.326,"category":"electron","message":"app.browser-window-blur","type":"ui"},{"timestamp":1748194631.326,"category":"electron","message":"window.focus","type":"ui","data":{"id":2,"url":"https://discord.com/channels/1338854314273407038/1338854314273407043"}},{"timestamp":1748194631.326,"category":"electron","message":"app.browser-window-focus","type":"ui"},{"timestamp":1748194638.682,"category":"ui.click","message":"div.wrapper_cc5dd2 > svg > foreignobject > div.wrapper__6e9f8.selected__6e9f8"},{"timestamp":1748194640.13,"category":"electron","message":"window.blur","type":"ui","data":{"id":2,"url":"https://discord.com/channels/1233108238921367643/1318799540563873812"}},{"timestamp":1748194640.13,"category":"electron","message":"app.browser-window-blur","type":"ui"},{"timestamp":1748194640.333,"category":"electron","message":"window.focus","type":"ui","data":{"id":2,"url":"https://discord.com/channels/1233108238921367643/1318799540563873812"}},{"timestamp":1748194640.333,"category":"electron","message":"app.browser-window-focus","type":"ui"},{"timestamp":1748194640.694,"category":"electron","message":"app.child-process-gone","type":"ui"},{"timestamp":1748194640.695,"type":"process","category":"child-process","message":"'Utility' process exited with 'abnormal-exit'","level":"warning","data":{"type":"Utility","reason":"abnormal-exit","exitCode":32512,"serviceName":"video_capture.mojom.VideoCaptureService","name":"Video Capture"}},{"timestamp":1748194640.695,"category":"console","level":"error","message":"child-process-gone! child: Utility (Video Capture) exitCode: 32512"},{"timestamp":1748194640.696,"category":"console","level":"log","message":"blackbox: 5/26/2025, 1:37:20 AM GMT+8 35 ❌ child-process-gone {\n  type: 'Utility',\n  reason: 'abnormal-exit',\n  exitCode: 32512,\n  serviceName: 'video_capture.mojom.VideoCaptureService',\n  name: 'Video Capture'\n}"},{"timestamp":1748194640.706,"category":"console","level":"log","message":"blackbox: 5/26/2025, 1:37:20 AM GMT+8 36 Sentry report: {\"contexts\":{\"trace\":{\"trace_id\":\"46d270a880d8465a9ec873db5a027bfd\",\"span_id\":\"9380e762c5c67a20\"},\"app\":{\"app_name\":\"discord\",\"app_version\":\"0.0.95\",\"app_start_time\":\"2025-05-25T17:14:10.755Z\"},\"os\":{\"kernel_version\":\"6.14.7-arch2-1\",\"name\":\"Arch Linux\",\"version\":\"\\\"rolling\\\"\"},\"browser\":{\"name\":\"Chrome\"},\"chrome\":{\"name\":\"Chrome\",\"type\":\"runtime\",\"version\":\"134.0.6998.205\"},\"device\":{\"arch\":\"x64\",\"family\":\"Desktop\",\"language\":\"en-US\",\"screen_density\":1,\"screen_resolution\":\"1920x1080\",\"memory_size\":16666267648,\"free_memory\":6265344000,\"processor_count\":12,\"cpu_description\":\"AMD Ryzen 5 3600 6-Core Processor\",\"processor_frequency\":3938},\"node\":{\"name\":\"Node\",\"type\":\"runtime\",\"version\":\"22.14.0\"},\"runtime\":{\"name\":\"Electron\",\"version\":\"35.3.0\"}},\"environment\":\"stable\",\"release\":\"0.0.95\",\"user\":{\"ip_address\":\"{{auto}}\",\"id\":\"984605084526739467\",\"username\":\"drjam_\",\"email\":\"jamesallanmdr2005@gmail.com\"},\"tags\":{\"event.origin\":\"electron\",\"event.environment\":\"javascript\",\"event.process\":\"Utility\",\"event_type\":\"javascript\",\"nativeBuildNumber\":\"null\"},\"event_id\":\"6ba6728380d04d22bb56854db1efc1ec\",\"level\":\"warning\",\"message\":\"'Utility' process exited with 'abnormal-exit'\",\"platform\":\"node\",\"timestamp\":1748194640.695,\"sdk\":{\"integrations\":[\"SentryMinidump\",\"ElectronBreadcrumbs\",\"Net\",\"MainContext\",\"ChildProcess\",\"OnUncaughtException\",\"PreloadInjection\",\"AdditionalContext\",\"Screenshots\",\"RendererProfiling\",\"InboundFilters\",\"FunctionToString\",\"LinkedErrors\",\"RequestData\",\"Console\",\"Http\",\"Undici\",\"OnUnhandledRejection\",\"ContextLines\",\"LocalVariables\",\"Modules\"]},\"breadcrumbs\":[{\"timestamp\":1748194117.712,\"category\":\"electron\",\"message\":\"window.focus\",\"type\":\"ui\",\"data\":{\"id\":2,\"url\":\"https://discord.com/channels/1233108238921367643/1318799540563873812\"}},{\"timestamp\":1748194117.712,\"category\":\"electron\",\"message\":\"app.browser-window-focus\",\"type\":\"ui\"},{\"timestamp\":1748194119.081,\"category\":\"electron\",\"message\":\"window.blur\",\"type\":\"ui\",\"data\":{\"id\":2,\"url\":\"https://discord.com/channels/1233108238921367643/1318799540563873812\"}},{\"timestamp\":1748194119.081,\"category\":\"electron\",\"message\":\"app.browser-window-blur\",\"type\":\"ui\"},{\"timestamp\":1748194143.382,\"category\":\"electron\",\"message\":\"window.focus\",\"type\":\"ui\",\"data\":{\"id\":2,\"url\":\"https://discord.com/channels/1233108238921367643/1318799540563873812\"}},{\"timestamp\":1748194143.383,\"category\":\"electron\",\"message\":\"app.browser-window-focus\",\"type\":\"ui\"},{\"timestamp\":1748194144.493,\"category\":\"electron\",\"message\":\"window.blur\",\"type\":\"ui\",\"data\":{\"id\":2,\"url\":\"https://discord.com/channels/1233108238921367643/1318799540563873812\"}},{\"timestamp\":1748194144.493,\"category\":\"electron\",\"message\":\"app.browser-window-blur\",\"type\":\"ui\"},{\"timestamp\":1748194144.753,\"category\":\"electron\",\"message\":\"window.focus\",\"type\":\"ui\",\"data\":{\"id\":2,\"url\":\"https://discord.com/channels/1233108238921367643/1318799540563873812\"}},{\"timestamp\":1748194144.753,\"category\":\"electron\",\"message\":\"app.browser-window-focus\",\"type\":\"ui\"},{\"timestamp\":1748194144.871,\"category\":\"electron\",\"message\":\"window.blur\",\"type\":\"ui\",\"data\":{\"id\":2,\"url\":\"https://discord.com/channels/1233108238921367643/1318799540563873812\"}},{\"timestamp\":1748194144.872,\"category\":\"electron\",\"message\":\"app.browser-window-blur\",\"type\":\"ui\"},{\"timestamp\":1748194145.396,\"category\":\"electron\",\"message\":\"window.focus\",\"type\":\"ui\",\"data\":{\"id\":2,\"url\":\"https://discord.com/channels/1233108238921367643/1318799540563873812\"}},{\"timestamp\":1748194145.396,\"category\":\"electron\",\"message\":\"app.browser-window-focus\",\"type\":\"ui\"},{\"timestamp\":1748194152.607,\"category\":\"ui.click\",\"message\":\"div.wrapper_cc5dd2 > svg > foreignobject > div.wrapper__6e9f8.selected__6e9f8\"},{\"timestamp\":1748194157.659,\"category\":\"electron\",\"message\":\"window.blur\",\"type\":\"ui\",\"data\":{\"id\":2,\"url\":\"https://discord.com/channels/1338854314273407038/1338854314273407043\"}},{\"timestamp\":1748194157.659,\"category\":\"electron\",\"message\":\"app.browser-window-blur\",\"type\":\"ui\"},{\"timestamp\":1748194161.51,\"category\":\"electron\",\"message\":\"window.focus\",\"type\":\"ui\",\"data\":{\"id\":2,\"url\":\"https://discord.com/channels/1338854314273407038/1338854314273407043\"}},{\"timestamp\":1748194161.51,\"category\":\"electron\",\"message\":\"app.browser-window-focus\",\"type\":\"ui\"},{\"timestamp\":1748194162.719,\"category\":\"ui.click\",\"message\":\"div.contents__201d5.attachButtonInner__0923f > svg > path\"},{\"timestamp\":1748194163.833,\"category\":\"ui.click\",\"message\":\"div#channel-attach-upload-file.item_c1e9c4.labelContainer_c1e9c4.colorDefault_c1e9c4.focused_c1e9c4\"},{\"timestamp\":1748194163.836,\"category\":\"ui.click\",\"message\":\"div.uploadInput__0923f > input.file-input[type=\\\"file\\\"]\"},{\"timestamp\":1748194163.977,\"category\":\"electron\",\"message\":\"window.blur\",\"type\":\"ui\",\"data\":{\"id\":2,\"url\":\"https://discord.com/channels/1338854314273407038/1338854314273407043\"}},{\"timestamp\":1748194163.977,\"category\":\"electron\",\"message\":\"app.browser-window-blur\",\"type\":\"ui\"},{\"timestamp\":1748194165.555,\"category\":\"electron\",\"message\":\"window.focus\",\"type\":\"ui\",\"data\":{\"id\":2,\"url\":\"https://discord.com/channels/1338854314273407038/1338854314273407043\"}},{\"timestamp\":1748194165.555,\"category\":\"electron\",\"message\":\"app.browser-window-focus\",\"type\":\"ui\"},{\"timestamp\":1748194165.978,\"category\":\"electron\",\"message\":\"window.blur\",\"type\":\"ui\",\"data\":{\"id\":2,\"url\":\"https://discord.com/channels/1338854314273407038/1338854314273407043\"}},{\"timestamp\":1748194165.978,\"category\":\"electron\",\"message\":\"app.browser-window-blur\",\"type\":\"ui\"},{\"timestamp\":1748194166.26,\"category\":\"electron\",\"message\":\"window.focus\",\"type\":\"ui\",\"data\":{\"id\":2,\"url\":\"https://discord.com/channels/1338854314273407038/1338854314273407043\"}},{\"timestamp\":1748194166.26,\"category\":\"electron\",\"message\":\"app.browser-window-focus\",\"type\":\"ui\"},{\"timestamp\":1748194167.726,\"category\":\"ui.click\",\"message\":\"div\"},{\"timestamp\":1748194169.516,\"category\":\"electron\",\"message\":\"window.blur\",\"type\":\"ui\",\"data\":{\"id\":2,\"url\":\"https://discord.com/channels/1338854314273407038/1338854314273407043\"}},{\"timestamp\":1748194169.516,\"category\":\"electron\",\"message\":\"app.browser-window-blur\",\"type\":\"ui\"},{\"timestamp\":1748194252.879,\"category\":\"electron\",\"message\":\"window.focus\",\"type\":\"ui\",\"data\":{\"id\":2,\"url\":\"https://discord.com/channels/1338854314273407038/1338854314273407043\"}},{\"timestamp\":1748194252.88,\"category\":\"electron\",\"message\":\"app.browser-window-focus\",\"type\":\"ui\"},{\"timestamp\":1748194253.334,\"category\":\"electron\",\"message\":\"window.blur\",\"type\":\"ui\",\"data\":{\"id\":2,\"url\":\"https://discord.com/channels/1338854314273407038/1338854314273407043\"}},{\"timestamp\":1748194253.335,\"category\":\"electron\",\"message\":\"app.browser-window-blur\",\"type\":\"ui\"},{\"timestamp\":1748194253.502,\"category\":\"electron\",\"message\":\"window.focus\",\"type\":\"ui\",\"data\":{\"id\":2,\"url\":\"https://discord.com/channels/1338854314273407038/1338854314273407043\"}},{\"timestamp\":1748194253.502,\"category\":\"electron\",\"message\":\"app.browser-window-focus\",\"type\":\"ui\"},{\"timestamp\":1748194253.886,\"category\":\"electron\",\"message\":\"window.blur\",\"type\":\"ui\",\"data\":{\"id\":2,\"url\":\"https://discord.com/channels/1338854314273407038/1338854314273407043\"}},{\"timestamp\":1748194253.886,\"category\":\"electron\",\"message\":\"app.browser-window-blur\",\"type\":\"ui\"},{\"timestamp\":1748194293.955,\"category\":\"electron\",\"message\":\"window.focus\",\"type\":\"ui\",\"data\":{\"id\":2,\"url\":\"https://discord.com/channels/1338854314273407038/1338854314273407043\"}},{\"timestamp\":1748194293.955,\"category\":\"electron\",\"message\":\"app.browser-window-focus\",\"type\":\"ui\"},{\"timestamp\":1748194294.571,\"category\":\"ui.click\",\"message\":\"div.markup__75297.editor__1b31f.slateTextArea_ec4baf.fontSize16Padding__74017[aria-label=\\\"Message #general\\\"]\"},{\"timestamp\":1748194295.166,\"category\":\"ui.input\",\"message\":\"div.markup__75297.editor__1b31f.slateTextArea_ec4baf.fontSize16Padding__74017[aria-label=\\\"Message #general\\\"]\"},{\"timestamp\":1748194296.553,\"category\":\"electron\",\"message\":\"window.blur\",\"type\":\"ui\",\"data\":{\"id\":2,\"url\":\"https://discord.com/channels/1338854314273407038/1338854314273407043\"}},{\"timestamp\":1748194296.553,\"category\":\"electron\",\"message\":\"app.browser-window-blur\",\"type\":\"ui\"},{\"timestamp\":1748194302.326,\"category\":\"electron\",\"message\":\"window.focus\",\"type\":\"ui\",\"data\":{\"id\":2,\"url\":\"https://discord.com/channels/1338854314273407038/1338854314273407043\"}},{\"timestamp\":1748194302.326,\"category\":\"electron\",\"message\":\"app.browser-window-focus\",\"type\":\"ui\"},{\"timestamp\":1748194302.87,\"category\":\"electron\",\"message\":\"window.close\",\"type\":\"ui\",\"data\":{\"id\":2,\"url\":\"https://discord.com/channels/1338854314273407038/1338854314273407043\"}},{\"timestamp\":1748194302.87,\"category\":\"electron\",\"message\":\"window.hide\",\"type\":\"ui\",\"data\":{\"id\":2,\"url\":\"https://discord.com/channels/1338854314273407038/1338854314273407043\"}},{\"timestamp\":1748194302.871,\"category\":\"console\",\"level\":\"log\",\"message\":\"blackbox: 5/26/2025, 1:31:42 AM GMT+8 32 window.close win2\"},{\"timestamp\":1748194302.871,\"category\":\"electron\",\"message\":\"window.blur\",\"type\":\"ui\",\"data\":{\"id\":2,\"url\":\"https://discord.com/channels/1338854314273407038/1338854314273407043\"}},{\"timestamp\":1748194302.871,\"category\":\"electron\",\"message\":\"app.browser-window-blur\",\"type\":\"ui\"},{\"timestamp\":1748194441.468,\"category\":\"electron\",\"message\":\"app.second-instance\",\"type\":\"ui\"},{\"timestamp\":1748194441.469,\"category\":\"electron\",\"message\":\"window.show\",\"type\":\"ui\",\"data\":{\"id\":2,\"url\":\"https://discord.com/channels/1338854314273407038/1338854314273407043\"}},{\"timestamp\":1748194441.471,\"category\":\"electron\",\"message\":\"window.show\",\"type\":\"ui\",\"data\":{\"id\":2,\"url\":\"https://discord.com/channels/1338854314273407038/1338854314273407043\"}},{\"timestamp\":1748194441.471,\"category\":\"electron\",\"message\":\"window.focus\",\"type\":\"ui\",\"data\":{\"id\":2,\"url\":\"https://discord.com/channels/1338854314273407038/1338854314273407043\"}},{\"timestamp\":1748194441.472,\"category\":\"electron\",\"message\":\"app.browser-window-focus\",\"type\":\"ui\"},{\"timestamp\":1748194441.477,\"category\":\"electron\",\"message\":\"window.blur\",\"type\":\"ui\",\"data\":{\"id\":2,\"url\":\"https://discord.com/channels/1338854314273407038/1338854314273407043\"}},{\"timestamp\":1748194441.477,\"category\":\"electron\",\"message\":\"app.browser-window-blur\",\"type\":\"ui\"},{\"timestamp\":1748194441.479,\"category\":\"electron\",\"message\":\"window.focus\",\"type\":\"ui\",\"data\":{\"id\":2,\"url\":\"https://discord.com/channels/1338854314273407038/1338854314273407043\"}},{\"timestamp\":1748194441.479,\"category\":\"electron\",\"message\":\"app.browser-window-focus\",\"type\":\"ui\"},{\"timestamp\":1748194446.387,\"category\":\"ui.click\",\"message\":\"div.contents__201d5 > div.lottieIcon__5eb9b.lottieIconColors__5eb9b > svg\"},{\"timestamp\":1748194450.65,\"category\":\"ui.click\",\"message\":\"div.settingsPage_f131e9\"},{\"timestamp\":1748194451.102,\"category\":\"ui.click\",\"message\":\"div.tab_f8303a.item_b3f026.brand_b3f026.selected_b3f026[aria-label=\\\"Standing\\\"]\"},{\"timestamp\":1748194452.362,\"category\":\"electron\",\"message\":\"window.close\",\"type\":\"ui\",\"data\":{\"id\":2,\"url\":\"https://discord.com/channels/1338854314273407038/1338854314273407043\"}},{\"timestamp\":1748194452.362,\"category\":\"electron\",\"message\":\"window.hide\",\"type\":\"ui\",\"data\":{\"id\":2,\"url\":\"https://discord.com/channels/1338854314273407038/1338854314273407043\"}},{\"timestamp\":1748194452.363,\"category\":\"console\",\"level\":\"log\",\"message\":\"blackbox: 5/26/2025, 1:34:12 AM GMT+8 33 window.close win2\"},{\"timestamp\":1748194452.363,\"category\":\"electron\",\"message\":\"window.blur\",\"type\":\"ui\",\"data\":{\"id\":2,\"url\":\"https://discord.com/channels/1338854314273407038/1338854314273407043\"}},{\"timestamp\":1748194452.363,\"category\":\"electron\",\"message\":\"app.browser-window-blur\",\"type\":\"ui\"},{\"timestamp\":1748194553.275,\"category\":\"electron\",\"message\":\"app.second-instance\",\"type\":\"ui\"},{\"timestamp\":1748194553.275,\"category\":\"electron\",\"message\":\"window.show\",\"type\":\"ui\",\"data\":{\"id\":2,\"url\":\"https://discord.com/channels/1338854314273407038/1338854314273407043\"}},{\"timestamp\":1748194553.277,\"category\":\"electron\",\"message\":\"window.show\",\"type\":\"ui\",\"data\":{\"id\":2,\"url\":\"https://discord.com/channels/1338854314273407038/1338854314273407043\"}},{\"timestamp\":1748194553.277,\"category\":\"electron\",\"message\":\"window.focus\",\"type\":\"ui\",\"data\":{\"id\":2,\"url\":\"https://discord.com/channels/1338854314273407038/1338854314273407043\"}},{\"timestamp\":1748194553.277,\"category\":\"electron\",\"message\":\"app.browser-window-focus\",\"type\":\"ui\"},{\"timestamp\":1748194553.281,\"category\":\"electron\",\"message\":\"window.blur\",\"type\":\"ui\",\"data\":{\"id\":2,\"url\":\"https://discord.com/channels/1338854314273407038/1338854314273407043\"}},{\"timestamp\":1748194553.281,\"category\":\"electron\",\"message\":\"app.browser-window-blur\",\"type\":\"ui\"},{\"timestamp\":1748194553.282,\"category\":\"electron\",\"message\":\"window.focus\",\"type\":\"ui\",\"data\":{\"id\":2,\"url\":\"https://discord.com/channels/1338854314273407038/1338854314273407043\"}},{\"timestamp\":1748194553.282,\"category\":\"electron\",\"message\":\"app.browser-window-focus\",\"type\":\"ui\"},{\"timestamp\":1748194554.912,\"category\":\"electron\",\"message\":\"window.close\",\"type\":\"ui\",\"data\":{\"id\":2,\"url\":\"https://discord.com/channels/1338854314273407038/1338854314273407043\"}},{\"timestamp\":1748194554.913,\"category\":\"electron\",\"message\":\"window.hide\",\"type\":\"ui\",\"data\":{\"id\":2,\"url\":\"https://discord.com/channels/1338854314273407038/1338854314273407043\"}},{\"timestamp\":1748194554.913,\"category\":\"console\",\"level\":\"log\",\"message\":\"blackbox: 5/26/2025, 1:35:54 AM GMT+8 34 window.close win2\"},{\"timestamp\":1748194554.913,\"category\":\"electron\",\"message\":\"window.blur\",\"type\":\"ui\",\"data\":{\"id\":2,\"url\":\"https://discord.com/channels/1338854314273407038/1338854314273407043\"}},{\"timestamp\":1748194554.913,\"category\":\"electron\",\"message\":\"app.browser-window-blur\",\"type\":\"ui\"},{\"timestamp\":1748194631.318,\"category\":\"electron\",\"message\":\"app.second-instance\",\"type\":\"ui\"},{\"timestamp\":1748194631.319,\"category\":\"electron\",\"message\":\"window.show\",\"type\":\"ui\",\"data\":{\"id\":2,\"url\":\"https://discord.com/channels/1338854314273407038/1338854314273407043\"}},{\"timestamp\":1748194631.321,\"category\":\"electron\",\"message\":\"window.show\",\"type\":\"ui\",\"data\":{\"id\":2,\"url\":\"https://discord.com/channels/1338854314273407038/1338854314273407043\"}},{\"timestamp\":1748194631.322,\"category\":\"electron\",\"message\":\"window.focus\",\"type\":\"ui\",\"data\":{\"id\":2,\"url\":\"https://discord.com/channels/1338854314273407038/1338854314273407043\"}},{\"timestamp\":1748194631.322,\"category\":\"electron\",\"message\":\"app.browser-window-focus\",\"type\":\"ui\"},{\"timestamp\":1748194631.326,\"category\":\"electron\",\"message\":\"window.blur\",\"type\":\"ui\",\"data\":{\"id\":2,\"url\":\"https://discord.com/channels/1338854314273407038/1338854314273407043\"}},{\"timestamp\":1748194631.326,\"category\":\"electron\",\"message\":\"app.browser-window-blur\",\"type\":\"ui\"},{\"timestamp\":1748194631.326,\"category\":\"electron\",\"message\":\"window.focus\",\"type\":\"ui\",\"data\":{\"id\":2,\"url\":\"https://discord.com/channels/1338854314273407038/1338854314273407043\"}},{\"timestamp\":1748194631.326,\"category\":\"electron\",\"message\":\"app.browser-window-focus\",\"type\":\"ui\"},{\"timestamp\":1748194638.682,\"category\":\"ui.click\",\"message\":\"div.wrapper_cc5dd2 > svg > foreignobject > div.wrapper__6e9f8.selected__6e9f8\"},{\"timestamp\":1748194640.13,\"category\":\"electron\",\"message\":\"window.blur\",\"type\":\"ui\",\"data\":{\"id\":2,\"url\":\"https://discord.com/channels/1233108238921367643/1318799540563873812\"}},{\"timestamp\":1748194640.13,\"category\":\"electron\",\"message\":\"app.browser-window-blur\",\"type\":\"ui\"},{\"timestamp\":1748194640.333,\"category\":\"electron\",\"message\":\"window.focus\",\"type\":\"ui\",\"data\":{\"id\":2,\"url\":\"https://discord.com/channels/1233108238921367643/1318799540563873812\"}},{\"timestamp\":1748194640.333,\"category\":\"electron\",\"message\":\"app.browser-window-focus\",\"type\":\"ui\"},{\"timestamp\":1748194640.694,\"category\":\"electron\",\"message\":\"app.child-process-gone\",\"type\":\"ui\"}],\"sdkProcessingMetadata\":{\"dynamicSamplingContext\":{\"environment\":\"stable\",\"release\":\"0.0.95\",\"public_key\":\"d2558f321dfc7ab68366d8258fd256c7\",\"trace_id\":\"46d270a880d8465a9ec873db5a027bfd\"}},\"modules\":{},\"extra\":{\"release_channel\":\"stable\",\"sentry\":{\"environment\":\"stable\",\"release\":\"0.0.95\",\"user\":{\"id\":\"984605084526739467\",\"username\":\"drjam_\",\"email\":\"jamesallanmdr2005@gmail.com\"}},\"wm\":\"Hyprland,unknown\",\"distro\":\"\\\"Arch Linux\\\"\",\"nativeBuildNumber\":\"null\",\"user_id\":\"984605084526739467\",\"username\":\"drjam_\",\"email\":\"jamesallanmdr2005@gmail.com\"}}"},{"timestamp":1748194640.708,"category":"ui.click","message":"g > g > g > g > path"},{"timestamp":1748194641.029,"category":"electron","message":"app.child-process-gone","type":"ui"},{"timestamp":1748194641.029,"type":"process","category":"child-process","message":"'Utility' process exited with 'abnormal-exit'","level":"warning","data":{"type":"Utility","reason":"abnormal-exit","exitCode":32512,"serviceName":"video_capture.mojom.VideoCaptureService","name":"Video Capture"}},{"timestamp":1748194641.029,"category":"console","level":"error","message":"child-process-gone! child: Utility (Video Capture) exitCode: 32512"},{"timestamp":1748194641.03,"category":"console","level":"log","message":"blackbox: 5/26/2025, 1:37:21 AM GMT+8 37 ❌ child-process-gone {\n  type: 'Utility',\n  reason: 'abnormal-exit',\n  exitCode: 32512,\n  serviceName: 'video_capture.mojom.VideoCaptureService',\n  name: 'Video Capture'\n}"},{"timestamp":1748194641.041,"category":"console","level":"log","message":"blackbox: 5/26/2025, 1:37:21 AM GMT+8 38 Sentry report: {\"contexts\":{\"trace\":{\"trace_id\":\"46d270a880d8465a9ec873db5a027bfd\",\"span_id\":\"9380e762c5c67a20\"},\"app\":{\"app_name\":\"discord\",\"app_version\":\"0.0.95\",\"app_start_time\":\"2025-05-25T17:14:10.755Z\"},\"os\":{\"kernel_version\":\"6.14.7-arch2-1\",\"name\":\"Arch Linux\",\"version\":\"\\\"rolling\\\"\"},\"browser\":{\"name\":\"Chrome\"},\"chrome\":{\"name\":\"Chrome\",\"type\":\"runtime\",\"version\":\"134.0.6998.205\"},\"device\":{\"arch\":\"x64\",\"family\":\"Desktop\",\"language\":\"en-US\",\"screen_density\":1,\"screen_resolution\":\"1920x1080\",\"memory_size\":16666267648,\"free_memory\":6247223296,\"processor_count\":12,\"cpu_description\":\"AMD Ryzen 5 3600 6-Core Processor\",\"processor_frequency\":3949},\"node\":{\"name\":\"Node\",\"type\":\"runtime\",\"version\":\"22.14.0\"},\"runtime\":{\"name\":\"Electron\",\"version\":\"35.3.0\"}},\"environment\":\"stable\",\"release\":\"0.0.95\",\"user\":{\"ip_address\":\"{{auto}}\",\"id\":\"984605084526739467\",\"username\":\"drjam_\",\"email\":\"jamesallanmdr2005@gmail.com\"},\"tags\":{\"event.origin\":\"electron\",\"event.environment\":\"javascript\",\"event.process\":\"Utility\",\"event_type\":\"javascript\",\"nativeBuildNumber\":\"null\"},\"event_id\":\"fa08c20d5d4c4070a80fa7048676aaa3\",\"level\":\"warning\",\"message\":\"'Utility' process exited with 'abnormal-exit'\",\"platform\":\"node\",\"timestamp\":1748194641.029,\"sdk\":{\"integrations\":[\"SentryMinidump\",\"ElectronBreadcrumbs\",\"Net\",\"MainContext\",\"ChildProcess\",\"OnUncaughtException\",\"PreloadInjection\",\"AdditionalContext\",\"Screenshots\",\"RendererProfiling\",\"InboundFilters\",\"FunctionToString\",\"LinkedErrors\",\"RequestData\",\"Console\",\"Http\",\"Undici\",\"OnUnhandledRejection\",\"ContextLines\",\"LocalVariables\",\"Modules\"]},\"breadcrumbs\":[{\"timestamp\":1748194144.493,\"category\":\"electron\",\"message\":\"window.blur\",\"type\":\"ui\",\"data\":{\"id\":2,\"url\":\"https://discord.com/channels/1233108238921367643/1318799540563873812\"}},{\"timestamp\":1748194144.493,\"category\":\"electron\",\"message\":\"app.browser-window-blur\",\"type\":\"ui\"},{\"timestamp\":1748194144.753,\"category\":\"electron\",\"message\":\"window.focus\",\"type\":\"ui\",\"data\":{\"id\":2,\"url\":\"https://discord.com/channels/1233108238921367643/1318799540563873812\"}},{\"timestamp\":1748194144.753,\"category\":\"electron\",\"message\":\"app.browser-window-focus\",\"type\":\"ui\"},{\"timestamp\":1748194144.871,\"category\":\"electron\",\"message\":\"window.blur\",\"type\":\"ui\",\"data\":{\"id\":2,\"url\":\"https://discord.com/channels/1233108238921367643/1318799540563873812\"}},{\"timestamp\":1748194144.872,\"category\":\"electron\",\"message\":\"app.browser-window-blur\",\"type\":\"ui\"},{\"timestamp\":1748194145.396,\"category\":\"electron\",\"message\":\"window.focus\",\"type\":\"ui\",\"data\":{\"id\":2,\"url\":\"https://discord.com/channels/1233108238921367643/1318799540563873812\"}},{\"timestamp\":1748194145.396,\"category\":\"electron\",\"message\":\"app.browser-window-focus\",\"type\":\"ui\"},{\"timestamp\":1748194152.607,\"category\":\"ui.click\",\"message\":\"div.wrapper_cc5dd2 > svg > foreignobject > div.wrapper__6e9f8.selected__6e9f8\"},{\"timestamp\":1748194157.659,\"category\":\"electron\",\"message\":\"window.blur\",\"type\":\"ui\",\"data\":{\"id\":2,\"url\":\"https://discord.com/channels/1338854314273407038/1338854314273407043\"}},{\"timestamp\":1748194157.659,\"category\":\"electron\",\"message\":\"app.browser-window-blur\",\"type\":\"ui\"},{\"timestamp\":1748194161.51,\"category\":\"electron\",\"message\":\"window.focus\",\"type\":\"ui\",\"data\":{\"id\":2,\"url\":\"https://discord.com/channels/1338854314273407038/1338854314273407043\"}},{\"timestamp\":1748194161.51,\"category\":\"electron\",\"message\":\"app.browser-window-focus\",\"type\":\"ui\"},{\"timestamp\":1748194162.719,\"category\":\"ui.click\",\"message\":\"div.contents__201d5.attachButtonInner__0923f > svg > path\"},{\"timestamp\":1748194163.833,\"category\":\"ui.click\",\"message\":\"div#channel-attach-upload-file.item_c1e9c4.labelContainer_c1e9c4.colorDefault_c1e9c4.focused_c1e9c4\"},{\"timestamp\":1748194163.836,\"category\":\"ui.click\",\"message\":\"div.uploadInput__0923f > input.file-input[type=\\\"file\\\"]\"},{\"timestamp\":1748194163.977,\"category\":\"electron\",\"message\":\"window.blur\",\"type\":\"ui\",\"data\":{\"id\":2,\"url\":\"https://discord.com/channels/1338854314273407038/1338854314273407043\"}},{\"timestamp\":1748194163.977,\"category\":\"electron\",\"message\":\"app.browser-window-blur\",\"type\":\"ui\"},{\"timestamp\":1748194165.555,\"category\":\"electron\",\"message\":\"window.focus\",\"type\":\"ui\",\"data\":{\"id\":2,\"url\":\"https://discord.com/channels/1338854314273407038/1338854314273407043\"}},{\"timestamp\":1748194165.555,\"category\":\"electron\",\"message\":\"app.browser-window-focus\",\"type\":\"ui\"},{\"timestamp\":1748194165.978,\"category\":\"electron\",\"message\":\"window.blur\",\"type\":\"ui\",\"data\":{\"id\":2,\"url\":\"https://discord.com/channels/1338854314273407038/1338854314273407043\"}},{\"timestamp\":1748194165.978,\"category\":\"electron\",\"message\":\"app.browser-window-blur\",\"type\":\"ui\"},{\"timestamp\":1748194166.26,\"category\":\"electron\",\"message\":\"window.focus\",\"type\":\"ui\",\"data\":{\"id\":2,\"url\":\"https://discord.com/channels/1338854314273407038/1338854314273407043\"}},{\"timestamp\":1748194166.26,\"category\":\"electron\",\"message\":\"app.browser-window-focus\",\"type\":\"ui\"},{\"timestamp\":1748194167.726,\"category\":\"ui.click\",\"message\":\"div\"},{\"timestamp\":1748194169.516,\"category\":\"electron\",\"message\":\"window.blur\",\"type\":\"ui\",\"data\":{\"id\":2,\"url\":\"https://discord.com/channels/1338854314273407038/1338854314273407043\"}},{\"timestamp\":1748194169.516,\"category\":\"electron\",\"message\":\"app.browser-window-blur\",\"type\":\"ui\"},{\"timestamp\":1748194252.879,\"category\":\"electron\",\"message\":\"window.focus\",\"type\":\"ui\",\"data\":{\"id\":2,\"url\":\"https://discord.com/channels/1338854314273407038/1338854314273407043\"}},{\"timestamp\":1748194252.88,\"category\":\"electron\",\"message\":\"app.browser-window-focus\",\"type\":\"ui\"},{\"timestamp\":1748194253.334,\"category\":\"electron\",\"message\":\"window.blur\",\"type\":\"ui\",\"data\":{\"id\":2,\"url\":\"https://discord.com/channels/1338854314273407038/1338854314273407043\"}},{\"timestamp\":1748194253.335,\"category\":\"electron\",\"message\":\"app.browser-window-blur\",\"type\":\"ui\"},{\"timestamp\":1748194253.502,\"category\":\"electron\",\"message\":\"window.focus\",\"type\":\"ui\",\"data\":{\"id\":2,\"url\":\"https://discord.com/channels/1338854314273407038/1338854314273407043\"}},{\"timestamp\":1748194253.502,\"category\":\"electron\",\"message\":\"app.browser-window-focus\",\"type\":\"ui\"},{\"timestamp\":1748194253.886,\"category\":\"electron\",\"message\":\"window.blur\",\"type\":\"ui\",\"data\":{\"id\":2,\"url\":\"https://discord.com/channels/1338854314273407038/1338854314273407043\"}},{\"timestamp\":1748194253.886,\"category\":\"electron\",\"message\":\"app.browser-window-blur\",\"type\":\"ui\"},{\"timestamp\":1748194293.955,\"category\":\"electron\",\"message\":\"window.focus\",\"type\":\"ui\",\"data\":{\"id\":2,\"url\":\"https://discord.com/channels/1338854314273407038/1338854314273407043\"}},{\"timestamp\":1748194293.955,\"category\":\"electron\",\"message\":\"app.browser-window-focus\",\"type\":\"ui\"},{\"timestamp\":1748194294.571,\"category\":\"ui.click\",\"message\":\"div.markup__75297.editor__1b31f.slateTextArea_ec4baf.fontSize16Padding__74017[aria-label=\\\"Message #general\\\"]\"},{\"timestamp\":1748194295.166,\"category\":\"ui.input\",\"message\":\"div.markup__75297.editor__1b31f.slateTextArea_ec4baf.fontSize16Padding__74017[aria-label=\\\"Message #general\\\"]\"},{\"timestamp\":1748194296.553,\"category\":\"electron\",\"message\":\"window.blur\",\"type\":\"ui\",\"data\":{\"id\":2,\"url\":\"https://discord.com/channels/1338854314273407038/1338854314273407043\"}},{\"timestamp\":1748194296.553,\"category\":\"electron\",\"message\":\"app.browser-window-blur\",\"type\":\"ui\"},{\"timestamp\":1748194302.326,\"category\":\"electron\",\"message\":\"window.focus\",\"type\":\"ui\",\"data\":{\"id\":2,\"url\":\"https://discord.com/channels/1338854314273407038/1338854314273407043\"}},{\"timestamp\":1748194302.326,\"category\":\"electron\",\"message\":\"app.browser-window-focus\",\"type\":\"ui\"},{\"timestamp\":1748194302.87,\"category\":\"electron\",\"message\":\"window.close\",\"type\":\"ui\",\"data\":{\"id\":2,\"url\":\"https://discord.com/channels/1338854314273407038/1338854314273407043\"}},{\"timestamp\":1748194302.87,\"category\":\"electron\",\"message\":\"window.hide\",\"type\":\"ui\",\"data\":{\"id\":2,\"url\":\"https://discord.com/channels/1338854314273407038/1338854314273407043\"}},{\"timestamp\":1748194302.871,\"category\":\"console\",\"level\":\"log\",\"message\":\"blackbox: 5/26/2025, 1:31:42 AM GMT+8 32 window.close win2\"},{\"timestamp\":1748194302.871,\"category\":\"electron\",\"message\":\"window.blur\",\"type\":\"ui\",\"data\":{\"id\":2,\"url\":\"https://discord.com/channels/1338854314273407038/1338854314273407043\"}},{\"timestamp\":1748194302.871,\"category\":\"electron\",\"message\":\"app.browser-window-blur\",\"type\":\"ui\"},{\"timestamp\":1748194441.468,\"category\":\"electron\",\"message\":\"app.second-instance\",\"type\":\"ui\"},{\"timestamp\":1748194441.469,\"category\":\"electron\",\"message\":\"window.show\",\"type\":\"ui\",\"data\":{\"id\":2,\"url\":\"https://discord.com/channels/1338854314273407038/1338854314273407043\"}},{\"timestamp\":1748194441.471,\"category\":\"electron\",\"message\":\"window.show\",\"type\":\"ui\",\"data\":{\"id\":2,\"url\":\"https://discord.com/channels/1338854314273407038/1338854314273407043\"}},{\"timestamp\":1748194441.471,\"category\":\"electron\",\"message\":\"window.focus\",\"type\":\"ui\",\"data\":{\"id\":2,\"url\":\"https://discord.com/channels/1338854314273407038/1338854314273407043\"}},{\"timestamp\":1748194441.472,\"category\":\"electron\",\"message\":\"app.browser-window-focus\",\"type\":\"ui\"},{\"timestamp\":1748194441.477,\"category\":\"electron\",\"message\":\"window.blur\",\"type\":\"ui\",\"data\":{\"id\":2,\"url\":\"https://discord.com/channels/1338854314273407038/1338854314273407043\"}},{\"timestamp\":1748194441.477,\"category\":\"electron\",\"message\":\"app.browser-window-blur\",\"type\":\"ui\"},{\"timestamp\":1748194441.479,\"category\":\"electron\",\"message\":\"window.focus\",\"type\":\"ui\",\"data\":{\"id\":2,\"url\":\"https://discord.com/channels/1338854314273407038/1338854314273407043\"}},{\"timestamp\":1748194441.479,\"category\":\"electron\",\"message\":\"app.browser-window-focus\",\"type\":\"ui\"},{\"timestamp\":1748194446.387,\"category\":\"ui.click\",\"message\":\"div.contents__201d5 > div.lottieIcon__5eb9b.lottieIconColors__5eb9b > svg\"},{\"timestamp\":1748194450.65,\"category\":\"ui.click\",\"message\":\"div.settingsPage_f131e9\"},{\"timestamp\":1748194451.102,\"category\":\"ui.click\",\"message\":\"div.tab_f8303a.item_b3f026.brand_b3f026.selected_b3f026[aria-label=\\\"Standing\\\"]\"},{\"timestamp\":1748194452.362,\"category\":\"electron\",\"message\":\"window.close\",\"type\":\"ui\",\"data\":{\"id\":2,\"url\":\"https://discord.com/channels/1338854314273407038/1338854314273407043\"}},{\"timestamp\":1748194452.362,\"category\":\"electron\",\"message\":\"window.hide\",\"type\":\"ui\",\"data\":{\"id\":2,\"url\":\"https://discord.com/channels/1338854314273407038/1338854314273407043\"}},{\"timestamp\":1748194452.363,\"category\":\"console\",\"level\":\"log\",\"message\":\"blackbox: 5/26/2025, 1:34:12 AM GMT+8 33 window.close win2\"},{\"timestamp\":1748194452.363,\"category\":\"electron\",\"message\":\"window.blur\",\"type\":\"ui\",\"data\":{\"id\":2,\"url\":\"https://discord.com/channels/1338854314273407038/1338854314273407043\"}},{\"timestamp\":1748194452.363,\"category\":\"electron\",\"message\":\"app.browser-window-blur\",\"type\":\"ui\"},{\"timestamp\":1748194553.275,\"category\":\"electron\",\"message\":\"app.second-instance\",\"type\":\"ui\"},{\"timestamp\":1748194553.275,\"category\":\"electron\",\"message\":\"window.show\",\"type\":\"ui\",\"data\":{\"id\":2,\"url\":\"https://discord.com/channels/1338854314273407038/1338854314273407043\"}},{\"timestamp\":1748194553.277,\"category\":\"electron\",\"message\":\"window.show\",\"type\":\"ui\",\"data\":{\"id\":2,\"url\":\"https://discord.com/channels/1338854314273407038/1338854314273407043\"}},{\"timestamp\":1748194553.277,\"category\":\"electron\",\"message\":\"window.focus\",\"type\":\"ui\",\"data\":{\"id\":2,\"url\":\"https://discord.com/channels/1338854314273407038/1338854314273407043\"}},{\"timestamp\":1748194553.277,\"category\":\"electron\",\"message\":\"app.browser-window-focus\",\"type\":\"ui\"},{\"timestamp\":1748194553.281,\"category\":\"electron\",\"message\":\"window.blur\",\"type\":\"ui\",\"data\":{\"id\":2,\"url\":\"https://discord.com/channels/1338854314273407038/1338854314273407043\"}},{\"timestamp\":1748194553.281,\"category\":\"electron\",\"message\":\"app.browser-window-blur\",\"type\":\"ui\"},{\"timestamp\":1748194553.282,\"category\":\"electron\",\"message\":\"window.focus\",\"type\":\"ui\",\"data\":{\"id\":2,\"url\":\"https://discord.com/channels/1338854314273407038/1338854314273407043\"}},{\"timestamp\":1748194553.282,\"category\":\"electron\",\"message\":\"app.browser-window-focus\",\"type\":\"ui\"},{\"timestamp\":1748194554.912,\"category\":\"electron\",\"message\":\"window.close\",\"type\":\"ui\",\"data\":{\"id\":2,\"url\":\"https://discord.com/channels/1338854314273407038/1338854314273407043\"}},{\"timestamp\":1748194554.913,\"category\":\"electron\",\"message\":\"window.hide\",\"type\":\"ui\",\"data\":{\"id\":2,\"url\":\"https://discord.com/channels/1338854314273407038/1338854314273407043\"}},{\"timestamp\":1748194554.913,\"category\":\"console\",\"level\":\"log\",\"message\":\"blackbox: 5/26/2025, 1:35:54 AM GMT+8 34 window.close win2\"},{\"timestamp\":1748194554.913,\"category\":\"electron\",\"message\":\"window.blur\",\"type\":\"ui\",\"data\":{\"id\":2,\"url\":\"https://discord.com/channels/1338854314273407038/1338854314273407043\"}},{\"timestamp\":1748194554.913,\"category\":\"electron\",\"message\":\"app.browser-window-blur\",\"type\":\"ui\"},{\"timestamp\":1748194631.318,\"category\":\"electron\",\"message\":\"app.second-instance\",\"type\":\"ui\"},{\"timestamp\":1748194631.319,\"category\":\"electron\",\"message\":\"window.show\",\"type\":\"ui\",\"data\":{\"id\":2,\"url\":\"https://discord.com/channels/1338854314273407038/1338854314273407043\"}},{\"timestamp\":1748194631.321,\"category\":\"electron\",\"message\":\"window.show\",\"type\":\"ui\",\"data\":{\"id\":2,\"url\":\"https://discord.com/channels/1338854314273407038/1338854314273407043\"}},{\"timestamp\":1748194631.322,\"category\":\"electron\",\"message\":\"window.focus\",\"type\":\"ui\",\"data\":{\"id\":2,\"url\":\"https://discord.com/channels/1338854314273407038/1338854314273407043\"}},{\"timestamp\":1748194631.322,\"category\":\"electron\",\"message\":\"app.browser-window-focus\",\"type\":\"ui\"},{\"timestamp\":1748194631.326,\"category\":\"electron\",\"message\":\"window.blur\",\"type\":\"ui\",\"data\":{\"id\":2,\"url\":\"https://discord.com/channels/1338854314273407038/1338854314273407043\"}},{\"timestamp\":1748194631.326,\"category\":\"electron\",\"message\":\"app.browser-window-blur\",\"type\":\"ui\"},{\"timestamp\":1748194631.326,\"category\":\"electron\",\"message\":\"window.focus\",\"type\":\"ui\",\"data\":{\"id\":2,\"url\":\"https://discord.com/channels/1338854314273407038/1338854314273407043\"}},{\"timestamp\":1748194631.326,\"category\":\"electron\",\"message\":\"app.browser-window-focus\",\"type\":\"ui\"},{\"timestamp\":1748194638.682,\"category\":\"ui.click\",\"message\":\"div.wrapper_cc5dd2 > svg > foreignobject > div.wrapper__6e9f8.selected__6e9f8\"},{\"timestamp\":1748194640.13,\"category\":\"electron\",\"message\":\"window.blur\",\"type\":\"ui\",\"data\":{\"id\":2,\"url\":\"https://discord.com/channels/1233108238921367643/1318799540563873812\"}},{\"timestamp\":1748194640.13,\"category\":\"electron\",\"message\":\"app.browser-window-blur\",\"type\":\"ui\"},{\"timestamp\":1748194640.333,\"category\":\"electron\",\"message\":\"window.focus\",\"type\":\"ui\",\"data\":{\"id\":2,\"url\":\"https://discord.com/channels/1233108238921367643/1318799540563873812\"}},{\"timestamp\":1748194640.333,\"category\":\"electron\",\"message\":\"app.browser-window-focus\",\"type\":\"ui\"},{\"timestamp\":1748194640.694,\"category\":\"electron\",\"message\":\"app.child-process-gone\",\"type\":\"ui\"},{\"timestamp\":1748194640.695,\"type\":\"process\",\"category\":\"child-process\",\"message\":\"'Utility' process exited with 'abnormal-exit'\",\"level\":\"warning\",\"data\":{\"type\":\"Utility\",\"reason\":\"abnormal-exit\",\"exitCode\":32512,\"serviceName\":\"video_capture.mojom.VideoCaptureService\",\"name\":\"Video Capture\"}},{\"timestamp\":1748194640.695,\"category\":\"console\",\"level\":\"error\",\"message\":\"child-process-gone! child: Utility (Video Capture) exitCode: 32512\"},{\"timestamp\":1748194640.696,\"category\":\"console\",\"level\":\"log\",\"message\":\"blackbox: 5/26/2025, 1:37:20 AM GMT+8 35 ❌ child-process-gone {\\n  type: 'Utility',\\n  reason: 'abnormal-exit',\\n  exitCode: 32512,\\n  serviceName: 'video_capture.mojom.VideoCaptureService',\\n  name: 'Video Capture'\\n}\"},{\"timestamp\":1748194640.706,\"category\":\"console\",\"level\":\"log\",\"message\":\"blackbox: 5/26/2025, 1:37:20 AM GMT+8 36 Sentry report: {\\\"contexts\\\":{\\\"trace\\\":{\\\"trace_id\\\":\\\"46d270a880d8465a9ec873db5a027bfd\\\",\\\"span_id\\\":\\\"9380e762c5c67a20\\\"},\\\"app\\\":{\\\"app_name\\\":\\\"discord\\\",\\\"app_version\\\":\\\"0.0.95\\\",\\\"app_start_time\\\":\\\"2025-05-25T17:14:10.755Z\\\"},\\\"os\\\":{\\\"kernel_version\\\":\\\"6.14.7-arch2-1\\\",\\\"name\\\":\\\"Arch Linux\\\",\\\"version\\\":\\\"\\\\\\\"rolling\\\\\\\"\\\"},\\\"browser\\\":{\\\"name\\\":\\\"Chrome\\\"},\\\"chrome\\\":{\\\"name\\\":\\\"Chrome\\\",\\\"type\\\":\\\"runtime\\\",\\\"version\\\":\\\"134.0.6998.205\\\"},\\\"device\\\":{\\\"arch\\\":\\\"x64\\\",\\\"family\\\":\\\"Desktop\\\",\\\"language\\\":\\\"en-US\\\",\\\"screen_density\\\":1,\\\"screen_resolution\\\":\\\"1920x1080\\\",\\\"memory_size\\\":16666267648,\\\"free_memory\\\":6265344000,\\\"processor_count\\\":12,\\\"cpu_description\\\":\\\"AMD Ryzen 5 3600 6-Core Processor\\\",\\\"processor_frequency\\\":3938},\\\"node\\\":{\\\"name\\\":\\\"Node\\\",\\\"type\\\":\\\"runtime\\\",\\\"version\\\":\\\"22.14.0\\\"},\\\"runtime\\\":{\\\"name\\\":\\\"Electron\\\",\\\"version\\\":\\\"35.3.0\\\"}},\\\"environment\\\":\\\"stable\\\",\\\"release\\\":\\\"0.0.95\\\",\\\"user\\\":{\\\"ip_address\\\":\\\"{{auto}}\\\",\\\"id\\\":\\\"984605084526739467\\\",\\\"username\\\":\\\"drjam_\\\",\\\"email\\\":\\\"jamesallanmdr2005@gmail.com\\\"},\\\"tags\\\":{\\\"event.origin\\\":\\\"electron\\\",\\\"event.environment\\\":\\\"javascript\\\",\\\"event.process\\\":\\\"Utility\\\",\\\"event_type\\\":\\\"javascript\\\",\\\"nativeBuildNumber\\\":\\\"null\\\"},\\\"event_id\\\":\\\"6ba6728380d04d22bb56854db1efc1ec\\\",\\\"level\\\":\\\"warning\\\",\\\"message\\\":\\\"'Utility' process exited with 'abnormal-exit'\\\",\\\"platform\\\":\\\"node\\\",\\\"timestamp\\\":1748194640.695,\\\"sdk\\\":{\\\"integrations\\\":[\\\"SentryMinidump\\\",\\\"ElectronBreadcrumbs\\\",\\\"Net\\\",\\\"MainContext\\\",\\\"ChildProcess\\\",\\\"OnUncaughtException\\\",\\\"PreloadInjection\\\",\\\"AdditionalContext\\\",\\\"Screenshots\\\",\\\"RendererProfiling\\\",\\\"InboundFilters\\\",\\\"FunctionToString\\\",\\\"LinkedErrors\\\",\\\"RequestData\\\",\\\"Console\\\",\\\"Http\\\",\\\"Undici\\\",\\\"OnUnhandledRejection\\\",\\\"ContextLines\\\",\\\"LocalVariables\\\",\\\"Modules\\\"]},\\\"breadcrumbs\\\":[{\\\"timestamp\\\":1748194117.712,\\\"category\\\":\\\"electron\\\",\\\"message\\\":\\\"window.focus\\\",\\\"type\\\":\\\"ui\\\",\\\"data\\\":{\\\"id\\\":2,\\\"url\\\":\\\"https://discord.com/channels/1233108238921367643/1318799540563873812\\\"}},{\\\"timestamp\\\":1748194117.712,\\\"category\\\":\\\"electron\\\",\\\"message\\\":\\\"app.browser-window-focus\\\",\\\"type\\\":\\\"ui\\\"},{\\\"timestamp\\\":1748194119.081,\\\"category\\\":\\\"electron\\\",\\\"message\\\":\\\"window.blur\\\",\\\"type\\\":\\\"ui\\\",\\\"data\\\":{\\\"id\\\":2,\\\"url\\\":\\\"https://discord.com/channels/1233108238921367643/1318799540563873812\\\"}},{\\\"timestamp\\\":1748194119.081,\\\"category\\\":\\\"electron\\\",\\\"message\\\":\\\"app.browser-window-blur\\\",\\\"type\\\":\\\"ui\\\"},{\\\"timestamp\\\":1748194143.382,\\\"category\\\":\\\"electron\\\",\\\"message\\\":\\\"window.focus\\\",\\\"type\\\":\\\"ui\\\",\\\"data\\\":{\\\"id\\\":2,\\\"url\\\":\\\"https://discord.com/channels/1233108238921367643/1318799540563873812\\\"}},{\\\"timestamp\\\":1748194143.383,\\\"category\\\":\\\"electron\\\",\\\"message\\\":\\\"app.browser-window-focus\\\",\\\"type\\\":\\\"ui\\\"},{\\\"timestamp\\\":1748194144.493,\\\"category\\\":\\\"electron\\\",\\\"message\\\":\\\"window.blur\\\",\\\"type\\\":\\\"ui\\\",\\\"data\\\":{\\\"id\\\":2,\\\"url\\\":\\\"https://discord.com/channels/1233108238921367643/1318799540563873812\\\"}},{\\\"timestamp\\\":1748194144.493,\\\"category\\\":\\\"electron\\\",\\\"message\\\":\\\"app.browser-window-blur\\\",\\\"type\\\":\\\"ui\\\"},{\\\"timestamp\\\":1748194144.753,\\\"category\\\":\\\"electron\\\",\\\"message\\\":\\\"window.focus\\\",\\\"type\\\":\\\"ui\\\",\\\"data\\\":{\\\"id\\\":2,\\\"url\\\":\\\"https://discord.com/channels/1233108238921367643/1318799540563873812\\\"}},{\\\"timestamp\\\":1748194144.753,\\\"category\\\":\\\"electron\\\",\\\"message\\\":\\\"app.browser-window-focus\\\",\\\"type\\\":\\\"ui\\\"},{\\\"timestamp\\\":1748194144.871,\\\"category\\\":\\\"electron\\\",\\\"message\\\":\\\"window.blur\\\",\\\"type\\\":\\\"ui\\\",\\\"data\\\":{\\\"id\\\":2,\\\"url\\\":\\\"https://discord.com/channels/1233108238921367643/1318799540563873812\\\"}},{\\\"timestamp\\\":1748194144.872,\\\"category\\\":\\\"electron\\\",\\\"message\\\":\\\"app.browser-window-blur\\\",\\\"type\\\":\\\"ui\\\"},{\\\"timestamp\\\":1748194145.396,\\\"category\\\":\\\"electron\\\",\\\"message\\\":\\\"window.focus\\\",\\\"type\\\":\\\"ui\\\",\\\"data\\\":{\\\"id\\\":2,\\\"url\\\":\\\"https://discord.com/channels/1233108238921367643/1318799540563873812\\\"}},{\\\"timestamp\\\":1748194145.396,\\\"category\\\":\\\"electron\\\",\\\"message\\\":\\\"app.browser-window-focus\\\",\\\"type\\\":\\\"ui\\\"},{\\\"timestamp\\\":1748194152.607,\\\"category\\\":\\\"ui.click\\\",\\\"message\\\":\\\"div.wrapper_cc5dd2 > svg > foreignobject > div.wrapper__6e9f8.selected__6e9f8\\\"},{\\\"timestamp\\\":1748194157.659,\\\"category\\\":\\\"electron\\\",\\\"message\\\":\\\"window.blur\\\",\\\"type\\\":\\\"ui\\\",\\\"data\\\":{\\\"id\\\":2,\\\"url\\\":\\\"https://discord.com/channels/1338854314273407038/1338854314273407043\\\"}},{\\\"timestamp\\\":1748194157.659,\\\"category\\\":\\\"electron\\\",\\\"message\\\":\\\"app.browser-window-blur\\\",\\\"type\\\":\\\"ui\\\"},{\\\"timestamp\\\":1748194161.51,\\\"category\\\":\\\"electron\\\",\\\"message\\\":\\\"window.focus\\\",\\\"type\\\":\\\"ui\\\",\\\"data\\\":{\\\"id\\\":2,\\\"url\\\":\\\"https://discord.com/channels/1338854314273407038/1338854314273407043\\\"}},{\\\"timestamp\\\":1748194161.51,\\\"category\\\":\\\"electron\\\",\\\"message\\\":\\\"app.browser-window-focus\\\",\\\"type\\\":\\\"ui\\\"},{\\\"timestamp\\\":1748194162.719,\\\"category\\\":\\\"ui.click\\\",\\\"message\\\":\\\"div.contents__201d5.attachButtonInner__0923f > svg > path\\\"},{\\\"timestamp\\\":1748194163.833,\\\"category\\\":\\\"ui.click\\\",\\\"message\\\":\\\"div#channel-attach-upload-file.item_c1e9c4.labelContainer_c1e9c4.colorDefault_c1e9c4.focused_c1e9c4\\\"},{\\\"timestamp\\\":1748194163.836,\\\"category\\\":\\\"ui.click\\\",\\\"message\\\":\\\"div.uploadInput__0923f > input.file-input[type=\\\\\\\"file\\\\\\\"]\\\"},{\\\"timestamp\\\":1748194163.977,\\\"category\\\":\\\"electron\\\",\\\"message\\\":\\\"window.blur\\\",\\\"type\\\":\\\"ui\\\",\\\"data\\\":{\\\"id\\\":2,\\\"url\\\":\\\"https://discord.com/channels/1338854314273407038/1338854314273407043\\\"}},{\\\"timestamp\\\":1748194163.977,\\\"category\\\":\\\"electron\\\",\\\"message\\\":\\\"app.browser-window-blur\\\",\\\"type\\\":\\\"ui\\\"},{\\\"timestamp\\\":1748194165.555,\\\"category\\\":\\\"electron\\\",\\\"message\\\":\\\"window.focus\\\",\\\"type\\\":\\\"ui\\\",\\\"data\\\":{\\\"id\\\":2,\\\"url\\\":\\\"https://discord.com/channels/1338854314273407038/1338854314273407043\\\"}},{\\\"timestamp\\\":1748194165.555,\\\"category\\\":\\\"electron\\\",\\\"message\\\":\\\"app.browser-window-focus\\\",\\\"type\\\":\\\"ui\\\"},{\\\"timestamp\\\":1748194165.978,\\\"category\\\":\\\"electron\\\",\\\"message\\\":\\\"window.blur\\\",\\\"type\\\":\\\"ui\\\",\\\"data\\\":{\\\"id\\\":2,\\\"url\\\":\\\"https://discord.com/channels/1338854314273407038/1338854314273407043\\\"}},{\\\"timestamp\\\":1748194165.978,\\\"category\\\":\\\"electron\\\",\\\"message\\\":\\\"app.browser-window-blur\\\",\\\"type\\\":\\\"ui\\\"},{\\\"timestamp\\\":1748194166.26,\\\"category\\\":\\\"electron\\\",\\\"message\\\":\\\"window.focus\\\",\\\"type\\\":\\\"ui\\\",\\\"data\\\":{\\\"id\\\":2,\\\"url\\\":\\\"https://discord.com/channels/1338854314273407038/1338854314273407043\\\"}},{\\\"timestamp\\\":1748194166.26,\\\"category\\\":\\\"electron\\\",\\\"message\\\":\\\"app.browser-window-focus\\\",\\\"type\\\":\\\"ui\\\"},{\\\"timestamp\\\":1748194167.726,\\\"category\\\":\\\"ui.click\\\",\\\"message\\\":\\\"div\\\"},{\\\"timestamp\\\":1748194169.516,\\\"category\\\":\\\"electron\\\",\\\"message\\\":\\\"window.blur\\\",\\\"type\\\":\\\"ui\\\",\\\"data\\\":{\\\"id\\\":2,\\\"url\\\":\\\"https://discord.com/channels/1338854314273407038/1338854314273407043\\\"}},{\\\"timestamp\\\":1748194169.516,\\\"category\\\":\\\"electron\\\",\\\"message\\\":\\\"app.browser-window-blur\\\",\\\"type\\\":\\\"ui\\\"},{\\\"timestamp\\\":1748194252.879,\\\"category\\\":\\\"electron\\\",\\\"message\\\":\\\"window.focus\\\",\\\"type\\\":\\\"ui\\\",\\\"data\\\":{\\\"id\\\":2,\\\"url\\\":\\\"https://discord.com/channels/1338854314273407038/1338854314273407043\\\"}},{\\\"timestamp\\\":1748194252.88,\\\"category\\\":\\\"electron\\\",\\\"message\\\":\\\"app.browser-window-focus\\\",\\\"type\\\":\\\"ui\\\"},{\\\"timestamp\\\":1748194253.334,\\\"category\\\":\\\"electron\\\",\\\"message\\\":\\\"window.blur\\\",\\\"type\\\":\\\"ui\\\",\\\"data\\\":{\\\"id\\\":2,\\\"url\\\":\\\"https://discord.com/channels/1338854314273407038/1338854314273407043\\\"}},{\\\"timestamp\\\":1748194253.335,\\\"category\\\":\\\"electron\\\",\\\"message\\\":\\\"app.browser-window-blur\\\",\\\"type\\\":\\\"ui\\\"},{\\\"timestamp\\\":1748194253.502,\\\"category\\\":\\\"electron\\\",\\\"message\\\":\\\"window.focus\\\",\\\"type\\\":\\\"ui\\\",\\\"data\\\":{\\\"id\\\":2,\\\"url\\\":\\\"https://discord.com/channels/1338854314273407038/1338854314273407043\\\"}},{\\\"timestamp\\\":1748194253.502,\\\"category\\\":\\\"electron\\\",\\\"message\\\":\\\"app.browser-window-focus\\\",\\\"type\\\":\\\"ui\\\"},{\\\"timestamp\\\":1748194253.886,\\\"category\\\":\\\"electron\\\",\\\"message\\\":\\\"window.blur\\\",\\\"type\\\":\\\"ui\\\",\\\"data\\\":{\\\"id\\\":2,\\\"url\\\":\\\"https://discord.com/channels/1338854314273407038/1338854314273407043\\\"}},{\\\"timestamp\\\":1748194253.886,\\\"category\\\":\\\"electron\\\",\\\"message\\\":\\\"app.browser-window-blur\\\",\\\"type\\\":\\\"ui\\\"},{\\\"timestamp\\\":1748194293.955,\\\"category\\\":\\\"electron\\\",\\\"message\\\":\\\"window.focus\\\",\\\"type\\\":\\\"ui\\\",\\\"data\\\":{\\\"id\\\":2,\\\"url\\\":\\\"https://discord.com/channels/1338854314273407038/1338854314273407043\\\"}},{\\\"timestamp\\\":1748194293.955,\\\"category\\\":\\\"electron\\\",\\\"message\\\":\\\"app.browser-window-focus\\\",\\\"type\\\":\\\"ui\\\"},{\\\"timestamp\\\":1748194294.571,\\\"category\\\":\\\"ui.click\\\",\\\"message\\\":\\\"div.markup__75297.editor__1b31f.slateTextArea_ec4baf.fontSize16Padding__74017[aria-label=\\\\\\\"Message #general\\\\\\\"]\\\"},{\\\"timestamp\\\":1748194295.166,\\\"category\\\":\\\"ui.input\\\",\\\"message\\\":\\\"div.markup__75297.editor__1b31f.slateTextArea_ec4baf.fontSize16Padding__74017[aria-label=\\\\\\\"Message #general\\\\\\\"]\\\"},{\\\"timestamp\\\":1748194296.553,\\\"category\\\":\\\"electron\\\",\\\"message\\\":\\\"window.blur\\\",\\\"type\\\":\\\"ui\\\",\\\"data\\\":{\\\"id\\\":2,\\\"url\\\":\\\"https://discord.com/channels/1338854314273407038/1338854314273407043\\\"}},{\\\"timestamp\\\":1748194296.553,\\\"category\\\":\\\"electron\\\",\\\"message\\\":\\\"app.browser-window-blur\\\",\\\"type\\\":\\\"ui\\\"},{\\\"timestamp\\\":1748194302.326,\\\"category\\\":\\\"electron\\\",\\\"message\\\":\\\"window.focus\\\",\\\"type\\\":\\\"ui\\\",\\\"data\\\":{\\\"id\\\":2,\\\"url\\\":\\\"https://discord.com/channels/1338854314273407038/1338854314273407043\\\"}},{\\\"timestamp\\\":1748194302.326,\\\"category\\\":\\\"electron\\\",\\\"message\\\":\\\"app.browser-window-focus\\\",\\\"type\\\":\\\"ui\\\"},{\\\"timestamp\\\":1748194302.87,\\\"category\\\":\\\"electron\\\",\\\"message\\\":\\\"window.close\\\",\\\"type\\\":\\\"ui\\\",\\\"data\\\":{\\\"id\\\":2,\\\"url\\\":\\\"https://discord.com/channels/1338854314273407038/1338854314273407043\\\"}},{\\\"timestamp\\\":1748194302.87,\\\"category\\\":\\\"electron\\\",\\\"message\\\":\\\"window.hide\\\",\\\"type\\\":\\\"ui\\\",\\\"data\\\":{\\\"id\\\":2,\\\"url\\\":\\\"https://discord.com/channels/1338854314273407038/1338854314273407043\\\"}},{\\\"timestamp\\\":1748194302.871,\\\"category\\\":\\\"console\\\",\\\"level\\\":\\\"log\\\",\\\"message\\\":\\\"blackbox: 5/26/2025, 1:31:42 AM GMT+8 32 window.close win2\\\"},{\\\"timestamp\\\":1748194302.871,\\\"category\\\":\\\"electron\\\",\\\"message\\\":\\\"window.blur\\\",\\\"type\\\":\\\"ui\\\",\\\"data\\\":{\\\"id\\\":2,\\\"url\\\":\\\"https://discord.com/channels/1338854314273407038/1338854314273407043\\\"}},{\\\"timestamp\\\":1748194302.871,\\\"category\\\":\\\"electron\\\",\\\"message\\\":\\\"app.browser-window-blur\\\",\\\"type\\\":\\\"ui\\\"},{\\\"timestamp\\\":1748194441.468,\\\"category\\\":\\\"electron\\\",\\\"message\\\":\\\"app.second-instance\\\",\\\"type\\\":\\\"ui\\\"},{\\\"timestamp\\\":1748194441.469,\\\"category\\\":\\\"electron\\\",\\\"message\\\":\\\"window.show\\\",\\\"type\\\":\\\"ui\\\",\\\"data\\\":{\\\"id\\\":2,\\\"url\\\":\\\"https://discord.com/channels/1338854314273407038/1338854314273407043\\\"}},{\\\"timestamp\\\":1748194441.471,\\\"category\\\":\\\"electron\\\",\\\"message\\\":\\\"window.show\\\",\\\"type\\\":\\\"ui\\\",\\\"data\\\":{\\\"id\\\":2,\\\"url\\\":\\\"https://discord.com/channels/1338854314273407038/1338854314273407043\\\"}},{\\\"timestamp\\\":1748194441.471,\\\"category\\\":\\\"electron\\\",\\\"message\\\":\\\"window.focus\\\",\\\"type\\\":\\\"ui\\\",\\\"data\\\":{\\\"id\\\":2,\\\"url\\\":\\\"https://discord.com/channels/1338854314273407038/1338854314273407043\\\"}},{\\\"timestamp\\\":1748194441.472,\\\"category\\\":\\\"electron\\\",\\\"message\\\":\\\"app.browser-window-focus\\\",\\\"type\\\":\\\"ui\\\"},{\\\"timestamp\\\":1748194441.477,\\\"category\\\":\\\"electron\\\",\\\"message\\\":\\\"window.blur\\\",\\\"type\\\":\\\"ui\\\",\\\"data\\\":{\\\"id\\\":2,\\\"url\\\":\\\"https://discord.com/channels/1338854314273407038/1338854314273407043\\\"}},{\\\"timestamp\\\":1748194441.477,\\\"category\\\":\\\"electron\\\",\\\"message\\\":\\\"app.browser-window-blur\\\",\\\"type\\\":\\\"ui\\\"},{\\\"timestamp\\\":1748194441.479,\\\"category\\\":\\\"electron\\\",\\\"message\\\":\\\"window.focus\\\",\\\"type\\\":\\\"ui\\\",\\\"data\\\":{\\\"id\\\":2,\\\"url\\\":\\\"https://discord.com/channels/1338854314273407038/1338854314273407043\\\"}},{\\\"timestamp\\\":1748194441.479,\\\"category\\\":\\\"electron\\\",\\\"message\\\":\\\"app.browser-window-focus\\\",\\\"type\\\":\\\"ui\\\"},{\\\"timestamp\\\":1748194446.387,\\\"category\\\":\\\"ui.click\\\",\\\"message\\\":\\\"div.contents__201d5 > div.lottieIcon__5eb9b.lottieIconColors__5eb9b > svg\\\"},{\\\"timestamp\\\":1748194450.65,\\\"category\\\":\\\"ui.click\\\",\\\"message\\\":\\\"div.settingsPage_f131e9\\\"},{\\\"timestamp\\\":1748194451.102,\\\"category\\\":\\\"ui.click\\\",\\\"message\\\":\\\"div.tab_f8303a.item_b3f026.brand_b3f026.selected_b3f026[aria-label=\\\\\\\"Standing\\\\\\\"]\\\"},{\\\"timestamp\\\":1748194452.362,\\\"category\\\":\\\"electron\\\",\\\"message\\\":\\\"window.close\\\",\\\"type\\\":\\\"ui\\\",\\\"data\\\":{\\\"id\\\":2,\\\"url\\\":\\\"https://discord.com/channels/1338854314273407038/1338854314273407043\\\"}},{\\\"timestamp\\\":1748194452.362,\\\"category\\\":\\\"electron\\\",\\\"message\\\":\\\"window.hide\\\",\\\"type\\\":\\\"ui\\\",\\\"data\\\":{\\\"id\\\":2,\\\"url\\\":\\\"https://discord.com/channels/1338854314273407038/1338854314273407043\\\"}},{\\\"timestamp\\\":1748194452.363,\\\"category\\\":\\\"console\\\",\\\"level\\\":\\\"log\\\",\\\"message\\\":\\\"blackbox: 5/26/2025, 1:34:12 AM GMT+8 33 window.close win2\\\"},{\\\"timestamp\\\":1748194452.363,\\\"category\\\":\\\"electron\\\",\\\"message\\\":\\\"window.blur\\\",\\\"type\\\":\\\"ui\\\",\\\"data\\\":{\\\"id\\\":2,\\\"url\\\":\\\"https://discord.com/channels/1338854314273407038/1338854314273407043\\\"}},{\\\"timestamp\\\":1748194452.363,\\\"category\\\":\\\"electron\\\",\\\"message\\\":\\\"app.browser-window-blur\\\",\\\"type\\\":\\\"ui\\\"},{\\\"timestamp\\\":1748194553.275,\\\"category\\\":\\\"electron\\\",\\\"message\\\":\\\"app.second-instance\\\",\\\"type\\\":\\\"ui\\\"},{\\\"timestamp\\\":1748194553.275,\\\"category\\\":\\\"electron\\\",\\\"message\\\":\\\"window.show\\\",\\\"type\\\":\\\"ui\\\",\\\"data\\\":{\\\"id\\\":2,\\\"url\\\":\\\"https://discord.com/channels/1338854314273407038/1338854314273407043\\\"}},{\\\"timestamp\\\":1748194553.277,\\\"category\\\":\\\"electron\\\",\\\"message\\\":\\\"window.show\\\",\\\"type\\\":\\\"ui\\\",\\\"data\\\":{\\\"id\\\":2,\\\"url\\\":\\\"https://discord.com/channels/1338854314273407038/1338854314273407043\\\"}},{\\\"timestamp\\\":1748194553.277,\\\"category\\\":\\\"electron\\\",\\\"message\\\":\\\"window.focus\\\",\\\"type\\\":\\\"ui\\\",\\\"data\\\":{\\\"id\\\":2,\\\"url\\\":\\\"https://discord.com/channels/1338854314273407038/1338854314273407043\\\"}},{\\\"timestamp\\\":1748194553.277,\\\"category\\\":\\\"electron\\\",\\\"message\\\":\\\"app.browser-window-focus\\\",\\\"type\\\":\\\"ui\\\"},{\\\"timestamp\\\":1748194553.281,\\\"category\\\":\\\"electron\\\",\\\"message\\\":\\\"window.blur\\\",\\\"type\\\":\\\"ui\\\",\\\"data\\\":{\\\"id\\\":2,\\\"url\\\":\\\"https://discord.com/channels/1338854314273407038/1338854314273407043\\\"}},{\\\"timestamp\\\":1748194553.281,\\\"category\\\":\\\"electron\\\",\\\"message\\\":\\\"app.browser-window-blur\\\",\\\"type\\\":\\\"ui\\\"},{\\\"timestamp\\\":1748194553.282,\\\"category\\\":\\\"electron\\\",\\\"message\\\":\\\"window.focus\\\",\\\"type\\\":\\\"ui\\\",\\\"data\\\":{\\\"id\\\":2,\\\"url\\\":\\\"https://discord.com/channels/1338854314273407038/1338854314273407043\\\"}},{\\\"timestamp\\\":1748194553.282,\\\"category\\\":\\\"electron\\\",\\\"message\\\":\\\"app.browser-window-focus\\\",\\\"type\\\":\\\"ui\\\"},{\\\"timestamp\\\":1748194554.912,\\\"category\\\":\\\"electron\\\",\\\"message\\\":\\\"window.close\\\",\\\"type\\\":\\\"ui\\\",\\\"data\\\":{\\\"id\\\":2,\\\"url\\\":\\\"https://discord.com/channels/1338854314273407038/1338854314273407043\\\"}},{\\\"timestamp\\\":1748194554.913,\\\"category\\\":\\\"electron\\\",\\\"message\\\":\\\"window.hide\\\",\\\"type\\\":\\\"ui\\\",\\\"data\\\":{\\\"id\\\":2,\\\"url\\\":\\\"https://discord.com/channels/1338854314273407038/1338854314273407043\\\"}},{\\\"timestamp\\\":1748194554.913,\\\"category\\\":\\\"console\\\",\\\"level\\\":\\\"log\\\",\\\"message\\\":\\\"blackbox: 5/26/2025, 1:35:54 AM GMT+8 34 window.close win2\\\"},{\\\"timestamp\\\":1748194554.913,\\\"category\\\":\\\"electron\\\",\\\"message\\\":\\\"window.blur\\\",\\\"type\\\":\\\"ui\\\",\\\"data\\\":{\\\"id\\\":2,\\\"url\\\":\\\"https://discord.com/channels/1338854314273407038/1338854314273407043\\\"}},{\\\"timestamp\\\":1748194554.913,\\\"category\\\":\\\"electron\\\",\\\"message\\\":\\\"app.browser-window-blur\\\",\\\"type\\\":\\\"ui\\\"},{\\\"timestamp\\\":1748194631.318,\\\"category\\\":\\\"electron\\\",\\\"message\\\":\\\"app.second-instance\\\",\\\"type\\\":\\\"ui\\\"},{\\\"timestamp\\\":1748194631.319,\\\"category\\\":\\\"electron\\\",\\\"message\\\":\\\"window.show\\\",\\\"type\\\":\\\"ui\\\",\\\"data\\\":{\\\"id\\\":2,\\\"url\\\":\\\"https://discord.com/channels/1338854314273407038/1338854314273407043\\\"}},{\\\"timestamp\\\":1748194631.321,\\\"category\\\":\\\"electron\\\",\\\"message\\\":\\\"window.show\\\",\\\"type\\\":\\\"ui\\\",\\\"data\\\":{\\\"id\\\":2,\\\"url\\\":\\\"https://discord.com/channels/1338854314273407038/1338854314273407043\\\"}},{\\\"timestamp\\\":1748194631.322,\\\"category\\\":\\\"electron\\\",\\\"message\\\":\\\"window.focus\\\",\\\"type\\\":\\\"ui\\\",\\\"data\\\":{\\\"id\\\":2,\\\"url\\\":\\\"https://discord.com/channels/1338854314273407038/1338854314273407043\\\"}},{\\\"timestamp\\\":1748194631.322,\\\"category\\\":\\\"electron\\\",\\\"message\\\":\\\"app.browser-window-focus\\\",\\\"type\\\":\\\"ui\\\"},{\\\"timestamp\\\":1748194631.326,\\\"category\\\":\\\"electron\\\",\\\"message\\\":\\\"window.blur\\\",\\\"type\\\":\\\"ui\\\",\\\"data\\\":{\\\"id\\\":2,\\\"url\\\":\\\"https://discord.com/channels/1338854314273407038/1338854314273407043\\\"}},{\\\"timestamp\\\":1748194631.326,\\\"category\\\":\\\"electron\\\",\\\"message\\\":\\\"app.browser-window-blur\\\",\\\"type\\\":\\\"ui\\\"},{\\\"timestamp\\\":1748194631.326,\\\"category\\\":\\\"electron\\\",\\\"message\\\":\\\"window.focus\\\",\\\"type\\\":\\\"ui\\\",\\\"data\\\":{\\\"id\\\":2,\\\"url\\\":\\\"https://discord.com/channels/1338854314273407038/1338854314273407043\\\"}},{\\\"timestamp\\\":1748194631.326,\\\"category\\\":\\\"electron\\\",\\\"message\\\":\\\"app.browser-window-focus\\\",\\\"type\\\":\\\"ui\\\"},{\\\"timestamp\\\":1748194638.682,\\\"category\\\":\\\"ui.click\\\",\\\"message\\\":\\\"div.wrapper_cc5dd2 > svg > foreignobject > div.wrapper__6e9f8.selected__6e9f8\\\"},{\\\"timestamp\\\":1748194640.13,\\\"category\\\":\\\"electron\\\",\\\"message\\\":\\\"window.blur\\\",\\\"type\\\":\\\"ui\\\",\\\"data\\\":{\\\"id\\\":2,\\\"url\\\":\\\"https://discord.com/channels/1233108238921367643/1318799540563873812\\\"}},{\\\"timestamp\\\":1748194640.13,\\\"category\\\":\\\"electron\\\",\\\"message\\\":\\\"app.browser-window-blur\\\",\\\"type\\\":\\\"ui\\\"},{\\\"timestamp\\\":1748194640.333,\\\"category\\\":\\\"electron\\\",\\\"message\\\":\\\"window.focus\\\",\\\"type\\\":\\\"ui\\\",\\\"data\\\":{\\\"id\\\":2,\\\"url\\\":\\\"https://discord.com/channels/1233108238921367643/1318799540563873812\\\"}},{\\\"timestamp\\\":1748194640.333,\\\"category\\\":\\\"electron\\\",\\\"message\\\":\\\"app.browser-window-focus\\\",\\\"type\\\":\\\"ui\\\"},{\\\"timestamp\\\":1748194640.694,\\\"category\\\":\\\"electron\\\",\\\"message\\\":\\\"app.child-process-gone\\\",\\\"type\\\":\\\"ui\\\"}],\\\"sdkProcessingMetadata\\\":{\\\"dynamicSamplingContext\\\":{\\\"environment\\\":\\\"stable\\\",\\\"release\\\":\\\"0.0.95\\\",\\\"public_key\\\":\\\"d2558f321dfc7ab68366d8258fd256c7\\\",\\\"trace_id\\\":\\\"46d270a880d8465a9ec873db5a027bfd\\\"}},\\\"modules\\\":{},\\\"extra\\\":{\\\"release_channel\\\":\\\"stable\\\",\\\"sentry\\\":{\\\"environment\\\":\\\"stable\\\",\\\"release\\\":\\\"0.0.95\\\",\\\"user\\\":{\\\"id\\\":\\\"984605084526739467\\\",\\\"username\\\":\\\"drjam_\\\",\\\"email\\\":\\\"jamesallanmdr2005@gmail.com\\\"}},\\\"wm\\\":\\\"Hyprland,unknown\\\",\\\"distro\\\":\\\"\\\\\\\"Arch Linux\\\\\\\"\\\",\\\"nativeBuildNumber\\\":\\\"null\\\",\\\"user_id\\\":\\\"984605084526739467\\\",\\\"username\\\":\\\"drjam_\\\",\\\"email\\\":\\\"jamesallanmdr2005@gmail.com\\\"}}\"},{\"timestamp\":1748194640.708,\"category\":\"ui.click\",\"message\":\"g > g > g > g > path\"},{\"timestamp\":1748194641.029,\"category\":\"electron\",\"message\":\"app.child-process-gone\",\"type\":\"ui\"}],\"sdkProcessingMetadata\":{\"dynamicSamplingContext\":{\"environment\":\"stable\",\"release\":\"0.0.95\",\"public_key\":\"d2558f321dfc7ab68366d8258fd256c7\",\"trace_id\":\"46d270a880d8465a9ec873db5a027bfd\"}},\"modules\":{},\"extra\":{\"release_channel\":\"stable\",\"sentry\":{\"environment\":\"stable\",\"release\":\"0.0.95\",\"user\":{\"id\":\"984605084526739467\",\"username\":\"drjam_\",\"email\":\"jamesallanmdr2005@gmail.com\"}},\"wm\":\"Hyprland,unknown\",\"distro\":\"\\\"Arch Linux\\\"\",\"nativeBuildNumber\":\"null\",\"user_id\":\"984605084526739467\",\"username\":\"drjam_\",\"email\":\"jamesallanmdr2005@gmail.com\"}}"},{"timestamp":1748194642.056,"category":"electron","message":"app.child-process-gone","type":"ui"},{"timestamp":1748194642.057,"type":"process","category":"child-process","message":"'Utility' process exited with 'abnormal-exit'","level":"warning","data":{"type":"Utility","reason":"abnormal-exit","exitCode":32512,"serviceName":"video_capture.mojom.VideoCaptureService","name":"Video Capture"}},{"timestamp":1748194642.057,"category":"console","level":"error","message":"child-process-gone! child: Utility (Video Capture) exitCode: 32512"},{"timestamp":1748194642.057,"category":"console","level":"log","message":"blackbox: 5/26/2025, 1:37:22 AM GMT+8 39 ❌ child-process-gone {\n  type: 'Utility',\n  reason: 'abnormal-exit',\n  exitCode: 32512,\n  serviceName: 'video_capture.mojom.VideoCaptureService',\n  name: 'Video Capture'\n}"},{"timestamp":1748194642.067,"category":"ui.click","message":"svg"},{"timestamp":1748194642.068,"category":"console","level":"log","message":"blackbox: 5/26/2025, 1:37:22 AM GMT+8 40 Sentry report: {\"contexts\":{\"trace\":{\"trace_id\":\"46d270a880d8465a9ec873db5a027bfd\",\"span_id\":\"9380e762c5c67a20\"},\"app\":{\"app_name\":\"discord\",\"app_version\":\"0.0.95\",\"app_start_time\":\"2025-05-25T17:14:10.755Z\"},\"os\":{\"kernel_version\":\"6.14.7-arch2-1\",\"name\":\"Arch Linux\",\"version\":\"\\\"rolling\\\"\"},\"browser\":{\"name\":\"Chrome\"},\"chrome\":{\"name\":\"Chrome\",\"type\":\"runtime\",\"version\":\"134.0.6998.205\"},\"device\":{\"arch\":\"x64\",\"family\":\"Desktop\",\"language\":\"en-US\",\"screen_density\":1,\"screen_resolution\":\"1920x1080\",\"memory_size\":16666267648,\"free_memory\":6247141376,\"processor_count\":12,\"cpu_description\":\"AMD Ryzen 5 3600 6-Core Processor\",\"processor_frequency\":3949},\"node\":{\"name\":\"Node\",\"type\":\"runtime\",\"version\":\"22.14.0\"},\"runtime\":{\"name\":\"Electron\",\"version\":\"35.3.0\"}},\"environment\":\"stable\",\"release\":\"0.0.95\",\"user\":{\"ip_address\":\"{{auto}}\",\"id\":\"984605084526739467\",\"username\":\"drjam_\",\"email\":\"jamesallanmdr2005@gmail.com\"},\"tags\":{\"event.origin\":\"electron\",\"event.environment\":\"javascript\",\"event.process\":\"Utility\",\"event_type\":\"javascript\",\"nativeBuildNumber\":\"null\"},\"event_id\":\"10d3421ac93e4d5289a7bb19d9110e1f\",\"level\":\"warning\",\"message\":\"'Utility' process exited with 'abnormal-exit'\",\"platform\":\"node\",\"timestamp\":1748194642.056,\"sdk\":{\"integrations\":[\"SentryMinidump\",\"ElectronBreadcrumbs\",\"Net\",\"MainContext\",\"ChildProcess\",\"OnUncaughtException\",\"PreloadInjection\",\"AdditionalContext\",\"Screenshots\",\"RendererProfiling\",\"InboundFilters\",\"FunctionToString\",\"LinkedErrors\",\"RequestData\",\"Console\",\"Http\",\"Undici\",\"OnUnhandledRejection\",\"ContextLines\",\"LocalVariables\",\"Modules\"]},\"breadcrumbs\":[{\"timestamp\":1748194144.872,\"category\":\"electron\",\"message\":\"app.browser-window-blur\",\"type\":\"ui\"},{\"timestamp\":1748194145.396,\"category\":\"electron\",\"message\":\"window.focus\",\"type\":\"ui\",\"data\":{\"id\":2,\"url\":\"https://discord.com/channels/1233108238921367643/1318799540563873812\"}},{\"timestamp\":1748194145.396,\"category\":\"electron\",\"message\":\"app.browser-window-focus\",\"type\":\"ui\"},{\"timestamp\":1748194152.607,\"category\":\"ui.click\",\"message\":\"div.wrapper_cc5dd2 > svg > foreignobject > div.wrapper__6e9f8.selected__6e9f8\"},{\"timestamp\":1748194157.659,\"category\":\"electron\",\"message\":\"window.blur\",\"type\":\"ui\",\"data\":{\"id\":2,\"url\":\"https://discord.com/channels/1338854314273407038/1338854314273407043\"}},{\"timestamp\":1748194157.659,\"category\":\"electron\",\"message\":\"app.browser-window-blur\",\"type\":\"ui\"},{\"timestamp\":1748194161.51,\"category\":\"electron\",\"message\":\"window.focus\",\"type\":\"ui\",\"data\":{\"id\":2,\"url\":\"https://discord.com/channels/1338854314273407038/1338854314273407043\"}},{\"timestamp\":1748194161.51,\"category\":\"electron\",\"message\":\"app.browser-window-focus\",\"type\":\"ui\"},{\"timestamp\":1748194162.719,\"category\":\"ui.click\",\"message\":\"div.contents__201d5.attachButtonInner__0923f > svg > path\"},{\"timestamp\":1748194163.833,\"category\":\"ui.click\",\"message\":\"div#channel-attach-upload-file.item_c1e9c4.labelContainer_c1e9c4.colorDefault_c1e9c4.focused_c1e9c4\"},{\"timestamp\":1748194163.836,\"category\":\"ui.click\",\"message\":\"div.uploadInput__0923f > input.file-input[type=\\\"file\\\"]\"},{\"timestamp\":1748194163.977,\"category\":\"electron\",\"message\":\"window.blur\",\"type\":\"ui\",\"data\":{\"id\":2,\"url\":\"https://discord.com/channels/1338854314273407038/1338854314273407043\"}},{\"timestamp\":1748194163.977,\"category\":\"electron\",\"message\":\"app.browser-window-blur\",\"type\":\"ui\"},{\"timestamp\":1748194165.555,\"category\":\"electron\",\"message\":\"window.focus\",\"type\":\"ui\",\"data\":{\"id\":2,\"url\":\"https://discord.com/channels/1338854314273407038/1338854314273407043\"}},{\"timestamp\":1748194165.555,\"category\":\"electron\",\"message\":\"app.browser-window-focus\",\"type\":\"ui\"},{\"timestamp\":1748194165.978,\"category\":\"electron\",\"message\":\"window.blur\",\"type\":\"ui\",\"data\":{\"id\":2,\"url\":\"https://discord.com/channels/1338854314273407038/1338854314273407043\"}},{\"timestamp\":1748194165.978,\"category\":\"electron\",\"message\":\"app.browser-window-blur\",\"type\":\"ui\"},{\"timestamp\":1748194166.26,\"category\":\"electron\",\"message\":\"window.focus\",\"type\":\"ui\",\"data\":{\"id\":2,\"url\":\"https://discord.com/channels/1338854314273407038/1338854314273407043\"}},{\"timestamp\":1748194166.26,\"category\":\"electron\",\"message\":\"app.browser-window-focus\",\"type\":\"ui\"},{\"timestamp\":1748194167.726,\"category\":\"ui.click\",\"message\":\"div\"},{\"timestamp\":1748194169.516,\"category\":\"electron\",\"message\":\"window.blur\",\"type\":\"ui\",\"data\":{\"id\":2,\"url\":\"https://discord.com/channels/1338854314273407038/1338854314273407043\"}},{\"timestamp\":1748194169.516,\"category\":\"electron\",\"message\":\"app.browser-window-blur\",\"type\":\"ui\"},{\"timestamp\":1748194252.879,\"category\":\"electron\",\"message\":\"window.focus\",\"type\":\"ui\",\"data\":{\"id\":2,\"url\":\"https://discord.com/channels/1338854314273407038/1338854314273407043\"}},{\"timestamp\":1748194252.88,\"category\":\"electron\",\"message\":\"app.browser-window-focus\",\"type\":\"ui\"},{\"timestamp\":1748194253.334,\"category\":\"electron\",\"message\":\"window.blur\",\"type\":\"ui\",\"data\":{\"id\":2,\"url\":\"https://discord.com/channels/1338854314273407038/1338854314273407043\"}},{\"timestamp\":1748194253.335,\"category\":\"electron\",\"message\":\"app.browser-window-blur\",\"type\":\"ui\"},{\"timestamp\":1748194253.502,\"category\":\"electron\",\"message\":\"window.focus\",\"type\":\"ui\",\"data\":{\"id\":2,\"url\":\"https://discord.com/channels/1338854314273407038/1338854314273407043\"}},{\"timestamp\":1748194253.502,\"category\":\"electron\",\"message\":\"app.browser-window-focus\",\"type\":\"ui\"},{\"timestamp\":1748194253.886,\"category\":\"electron\",\"message\":\"window.blur\",\"type\":\"ui\",\"data\":{\"id\":2,\"url\":\"https://discord.com/channels/1338854314273407038/1338854314273407043\"}},{\"timestamp\":1748194253.886,\"category\":\"electron\",\"message\":\"app.browser-window-blur\",\"type\":\"ui\"},{\"timestamp\":1748194293.955,\"category\":\"electron\",\"message\":\"window.focus\",\"type\":\"ui\",\"data\":{\"id\":2,\"url\":\"https://discord.com/channels/1338854314273407038/1338854314273407043\"}},{\"timestamp\":1748194293.955,\"category\":\"electron\",\"message\":\"app.browser-window-focus\",\"type\":\"ui\"},{\"timestamp\":1748194294.571,\"category\":\"ui.click\",\"message\":\"div.markup__75297.editor__1b31f.slateTextArea_ec4baf.fontSize16Padding__74017[aria-label=\\\"Message #general\\\"]\"},{\"timestamp\":1748194295.166,\"category\":\"ui.input\",\"message\":\"div.markup__75297.editor__1b31f.slateTextArea_ec4baf.fontSize16Padding__74017[aria-label=\\\"Message #general\\\"]\"},{\"timestamp\":1748194296.553,\"category\":\"electron\",\"message\":\"window.blur\",\"type\":\"ui\",\"data\":{\"id\":2,\"url\":\"https://discord.com/channels/1338854314273407038/1338854314273407043\"}},{\"timestamp\":1748194296.553,\"category\":\"electron\",\"message\":\"app.browser-window-blur\",\"type\":\"ui\"},{\"timestamp\":1748194302.326,\"category\":\"electron\",\"message\":\"window.focus\",\"type\":\"ui\",\"data\":{\"id\":2,\"url\":\"https://discord.com/channels/1338854314273407038/1338854314273407043\"}},{\"timestamp\":1748194302.326,\"category\":\"electron\",\"message\":\"app.browser-window-focus\",\"type\":\"ui\"},{\"timestamp\":1748194302.87,\"category\":\"electron\",\"message\":\"window.close\",\"type\":\"ui\",\"data\":{\"id\":2,\"url\":\"https://discord.com/channels/1338854314273407038/1338854314273407043\"}},{\"timestamp\":1748194302.87,\"category\":\"electron\",\"message\":\"window.hide\",\"type\":\"ui\",\"data\":{\"id\":2,\"url\":\"https://discord.com/channels/1338854314273407038/1338854314273407043\"}},{\"timestamp\":1748194302.871,\"category\":\"console\",\"level\":\"log\",\"message\":\"blackbox: 5/26/2025, 1:31:42 AM GMT+8 32 window.close win2\"},{\"timestamp\":1748194302.871,\"category\":\"electron\",\"message\":\"window.blur\",\"type\":\"ui\",\"data\":{\"id\":2,\"url\":\"https://discord.com/channels/1338854314273407038/1338854314273407043\"}},{\"timestamp\":1748194302.871,\"category\":\"electron\",\"message\":\"app.browser-window-blur\",\"type\":\"ui\"},{\"timestamp\":1748194441.468,\"category\":\"electron\",\"message\":\"app.second-instance\",\"type\":\"ui\"},{\"timestamp\":1748194441.469,\"category\":\"electron\",\"message\":\"window.show\",\"type\":\"ui\",\"data\":{\"id\":2,\"url\":\"https://discord.com/channels/1338854314273407038/1338854314273407043\"}},{\"timestamp\":1748194441.471,\"category\":\"electron\",\"message\":\"window.show\",\"type\":\"ui\",\"data\":{\"id\":2,\"url\":\"https://discord.com/channels/1338854314273407038/1338854314273407043\"}},{\"timestamp\":1748194441.471,\"category\":\"electron\",\"message\":\"window.focus\",\"type\":\"ui\",\"data\":{\"id\":2,\"url\":\"https://discord.com/channels/1338854314273407038/1338854314273407043\"}},{\"timestamp\":1748194441.472,\"category\":\"electron\",\"message\":\"app.browser-window-focus\",\"type\":\"ui\"},{\"timestamp\":1748194441.477,\"category\":\"electron\",\"message\":\"window.blur\",\"type\":\"ui\",\"data\":{\"id\":2,\"url\":\"https://discord.com/channels/1338854314273407038/1338854314273407043\"}},{\"timestamp\":1748194441.477,\"category\":\"electron\",\"message\":\"app.browser-window-blur\",\"type\":\"ui\"},{\"timestamp\":1748194441.479,\"category\":\"electron\",\"message\":\"window.focus\",\"type\":\"ui\",\"data\":{\"id\":2,\"url\":\"https://discord.com/channels/1338854314273407038/1338854314273407043\"}},{\"timestamp\":1748194441.479,\"category\":\"electron\",\"message\":\"app.browser-window-focus\",\"type\":\"ui\"},{\"timestamp\":1748194446.387,\"category\":\"ui.click\",\"message\":\"div.contents__201d5 > div.lottieIcon__5eb9b.lottieIconColors__5eb9b > svg\"},{\"timestamp\":1748194450.65,\"category\":\"ui.click\",\"message\":\"div.settingsPage_f131e9\"},{\"timestamp\":1748194451.102,\"category\":\"ui.click\",\"message\":\"div.tab_f8303a.item_b3f026.brand_b3f026.selected_b3f026[aria-label=\\\"Standing\\\"]\"},{\"timestamp\":1748194452.362,\"category\":\"electron\",\"message\":\"window.close\",\"type\":\"ui\",\"data\":{\"id\":2,\"url\":\"https://discord.com/channels/1338854314273407038/1338854314273407043\"}},{\"timestamp\":1748194452.362,\"category\":\"electron\",\"message\":\"window.hide\",\"type\":\"ui\",\"data\":{\"id\":2,\"url\":\"https://discord.com/channels/1338854314273407038/1338854314273407043\"}},{\"timestamp\":1748194452.363,\"category\":\"console\",\"level\":\"log\",\"message\":\"blackbox: 5/26/2025, 1:34:12 AM GMT+8 33 window.close win2\"},{\"timestamp\":1748194452.363,\"category\":\"electron\",\"message\":\"window.blur\",\"type\":\"ui\",\"data\":{\"id\":2,\"url\":\"https://discord.com/channels/1338854314273407038/1338854314273407043\"}},{\"timestamp\":1748194452.363,\"category\":\"electron\",\"message\":\"app.browser-window-blur\",\"type\":\"ui\"},{\"timestamp\":1748194553.275,\"category\":\"electron\",\"message\":\"app.second-instance\",\"type\":\"ui\"},{\"timestamp\":1748194553.275,\"category\":\"electron\",\"message\":\"window.show\",\"type\":\"ui\",\"data\":{\"id\":2,\"url\":\"https://discord.com/channels/1338854314273407038/1338854314273407043\"}},{\"timestamp\":1748194553.277,\"category\":\"electron\",\"message\":\"window.show\",\"type\":\"ui\",\"data\":{\"id\":2,\"url\":\"https://discord.com/channels/1338854314273407038/1338854314273407043\"}},{\"timestamp\":1748194553.277,\"category\":\"electron\",\"message\":\"window.focus\",\"type\":\"ui\",\"data\":{\"id\":2,\"url\":\"https://discord.com/channels/1338854314273407038/1338854314273407043\"}},{\"timestamp\":1748194553.277,\"category\":\"electron\",\"message\":\"app.browser-window-focus\",\"type\":\"ui\"},{\"timestamp\":1748194553.281,\"category\":\"electron\",\"message\":\"window.blur\",\"type\":\"ui\",\"data\":{\"id\":2,\"url\":\"https://discord.com/channels/1338854314273407038/1338854314273407043\"}},{\"timestamp\":1748194553.281,\"category\":\"electron\",\"message\":\"app.browser-window-blur\",\"type\":\"ui\"},{\"timestamp\":1748194553.282,\"category\":\"electron\",\"message\":\"window.focus\",\"type\":\"ui\",\"data\":{\"id\":2,\"url\":\"https://discord.com/channels/1338854314273407038/1338854314273407043\"}},{\"timestamp\":1748194553.282,\"category\":\"electron\",\"message\":\"app.browser-window-focus\",\"type\":\"ui\"},{\"timestamp\":1748194554.912,\"category\":\"electron\",\"message\":\"window.close\",\"type\":\"ui\",\"data\":{\"id\":2,\"url\":\"https://discord.com/channels/1338854314273407038/1338854314273407043\"}},{\"timestamp\":1748194554.913,\"category\":\"electron\",\"message\":\"window.hide\",\"type\":\"ui\",\"data\":{\"id\":2,\"url\":\"https://discord.com/channels/1338854314273407038/1338854314273407043\"}},{\"timestamp\":1748194554.913,\"category\":\"console\",\"level\":\"log\",\"message\":\"blackbox: 5/26/2025, 1:35:54 AM GMT+8 34 window.close win2\"},{\"timestamp\":1748194554.913,\"category\":\"electron\",\"message\":\"window.blur\",\"type\":\"ui\",\"data\":{\"id\":2,\"url\":\"https://discord.com/channels/1338854314273407038/1338854314273407043\"}},{\"timestamp\":1748194554.913,\"category\":\"electron\",\"message\":\"app.browser-window-blur\",\"type\":\"ui\"},{\"timestamp\":1748194631.318,\"category\":\"electron\",\"message\":\"app.second-instance\",\"type\":\"ui\"},{\"timestamp\":1748194631.319,\"category\":\"electron\",\"message\":\"window.show\",\"type\":\"ui\",\"data\":{\"id\":2,\"url\":\"https://discord.com/channels/1338854314273407038/1338854314273407043\"}},{\"timestamp\":1748194631.321,\"category\":\"electron\",\"message\":\"window.show\",\"type\":\"ui\",\"data\":{\"id\":2,\"url\":\"https://discord.com/channels/1338854314273407038/1338854314273407043\"}},{\"timestamp\":1748194631.322,\"category\":\"electron\",\"message\":\"window.focus\",\"type\":\"ui\",\"data\":{\"id\":2,\"url\":\"https://discord.com/channels/1338854314273407038/1338854314273407043\"}},{\"timestamp\":1748194631.322,\"category\":\"electron\",\"message\":\"app.browser-window-focus\",\"type\":\"ui\"},{\"timestamp\":1748194631.326,\"category\":\"electron\",\"message\":\"window.blur\",\"type\":\"ui\",\"data\":{\"id\":2,\"url\":\"https://discord.com/channels/1338854314273407038/1338854314273407043\"}},{\"timestamp\":1748194631.326,\"category\":\"electron\",\"message\":\"app.browser-window-blur\",\"type\":\"ui\"},{\"timestamp\":1748194631.326,\"category\":\"electron\",\"message\":\"window.focus\",\"type\":\"ui\",\"data\":{\"id\":2,\"url\":\"https://discord.com/channels/1338854314273407038/1338854314273407043\"}},{\"timestamp\":1748194631.326,\"category\":\"electron\",\"message\":\"app.browser-window-focus\",\"type\":\"ui\"},{\"timestamp\":1748194638.682,\"category\":\"ui.click\",\"message\":\"div.wrapper_cc5dd2 > svg > foreignobject > div.wrapper__6e9f8.selected__6e9f8\"},{\"timestamp\":1748194640.13,\"category\":\"electron\",\"message\":\"window.blur\",\"type\":\"ui\",\"data\":{\"id\":2,\"url\":\"https://discord.com/channels/1233108238921367643/1318799540563873812\"}},{\"timestamp\":1748194640.13,\"category\":\"electron\",\"message\":\"app.browser-window-blur\",\"type\":\"ui\"},{\"timestamp\":1748194640.333,\"category\":\"electron\",\"message\":\"window.focus\",\"type\":\"ui\",\"data\":{\"id\":2,\"url\":\"https://discord.com/channels/1233108238921367643/1318799540563873812\"}},{\"timestamp\":1748194640.333,\"category\":\"electron\",\"message\":\"app.browser-window-focus\",\"type\":\"ui\"},{\"timestamp\":1748194640.694,\"category\":\"electron\",\"message\":\"app.child-process-gone\",\"type\":\"ui\"},{\"timestamp\":1748194640.695,\"type\":\"process\",\"category\":\"child-process\",\"message\":\"'Utility' process exited with 'abnormal-exit'\",\"level\":\"warning\",\"data\":{\"type\":\"Utility\",\"reason\":\"abnormal-exit\",\"exitCode\":32512,\"serviceName\":\"video_capture.mojom.VideoCaptureService\",\"name\":\"Video Capture\"}},{\"timestamp\":1748194640.695,\"category\":\"console\",\"level\":\"error\",\"message\":\"child-process-gone! child: Utility (Video Capture) exitCode: 32512\"},{\"timestamp\":1748194640.696,\"category\":\"console\",\"level\":\"log\",\"message\":\"blackbox: 5/26/2025, 1:37:20 AM GMT+8 35 ❌ child-process-gone {\\n  type: 'Utility',\\n  reason: 'abnormal-exit',\\n  exitCode: 32512,\\n  serviceName: 'video_capture.mojom.VideoCaptureService',\\n  name: 'Video Capture'\\n}\"},{\"timestamp\":1748194640.706,\"category\":\"console\",\"level\":\"log\",\"message\":\"blackbox: 5/26/2025, 1:37:20 AM GMT+8 36 Sentry report: {\\\"contexts\\\":{\\\"trace\\\":{\\\"trace_id\\\":\\\"46d270a880d8465a9ec873db5a027bfd\\\",\\\"span_id\\\":\\\"9380e762c5c67a20\\\"},\\\"app\\\":{\\\"app_name\\\":\\\"discord\\\",\\\"app_version\\\":\\\"0.0.95\\\",\\\"app_start_time\\\":\\\"2025-05-25T17:14:10.755Z\\\"},\\\"os\\\":{\\\"kernel_version\\\":\\\"6.14.7-arch2-1\\\",\\\"name\\\":\\\"Arch Linux\\\",\\\"version\\\":\\\"\\\\\\\"rolling\\\\\\\"\\\"},\\\"browser\\\":{\\\"name\\\":\\\"Chrome\\\"},\\\"chrome\\\":{\\\"name\\\":\\\"Chrome\\\",\\\"type\\\":\\\"runtime\\\",\\\"version\\\":\\\"134.0.6998.205\\\"},\\\"device\\\":{\\\"arch\\\":\\\"x64\\\",\\\"family\\\":\\\"Desktop\\\",\\\"language\\\":\\\"en-US\\\",\\\"screen_density\\\":1,\\\"screen_resolution\\\":\\\"1920x1080\\\",\\\"memory_size\\\":16666267648,\\\"free_memory\\\":6265344000,\\\"processor_count\\\":12,\\\"cpu_description\\\":\\\"AMD Ryzen 5 3600 6-Core Processor\\\",\\\"processor_frequency\\\":3938},\\\"node\\\":{\\\"name\\\":\\\"Node\\\",\\\"type\\\":\\\"runtime\\\",\\\"version\\\":\\\"22.14.0\\\"},\\\"runtime\\\":{\\\"name\\\":\\\"Electron\\\",\\\"version\\\":\\\"35.3.0\\\"}},\\\"environment\\\":\\\"stable\\\",\\\"release\\\":\\\"0.0.95\\\",\\\"user\\\":{\\\"ip_address\\\":\\\"{{auto}}\\\",\\\"id\\\":\\\"984605084526739467\\\",\\\"username\\\":\\\"drjam_\\\",\\\"email\\\":\\\"jamesallanmdr2005@gmail.com\\\"},\\\"tags\\\":{\\\"event.origin\\\":\\\"electron\\\",\\\"event.environment\\\":\\\"javascript\\\",\\\"event.process\\\":\\\"Utility\\\",\\\"event_type\\\":\\\"javascript\\\",\\\"nativeBuildNumber\\\":\\\"null\\\"},\\\"event_id\\\":\\\"6ba6728380d04d22bb56854db1efc1ec\\\",\\\"level\\\":\\\"warning\\\",\\\"message\\\":\\\"'Utility' process exited with 'abnormal-exit'\\\",\\\"platform\\\":\\\"node\\\",\\\"timestamp\\\":1748194640.695,\\\"sdk\\\":{\\\"integrations\\\":[\\\"SentryMinidump\\\",\\\"ElectronBreadcrumbs\\\",\\\"Net\\\",\\\"MainContext\\\",\\\"ChildProcess\\\",\\\"OnUncaughtException\\\",\\\"PreloadInjection\\\",\\\"AdditionalContext\\\",\\\"Screenshots\\\",\\\"RendererProfiling\\\",\\\"InboundFilters\\\",\\\"FunctionToString\\\",\\\"LinkedErrors\\\",\\\"RequestData\\\",\\\"Console\\\",\\\"Http\\\",\\\"Undici\\\",\\\"OnUnhandledRejection\\\",\\\"ContextLines\\\",\\\"LocalVariables\\\",\\\"Modules\\\"]},\\\"breadcrumbs\\\":[{\\\"timestamp\\\":1748194117.712,\\\"category\\\":\\\"electron\\\",\\\"message\\\":\\\"window.focus\\\",\\\"type\\\":\\\"ui\\\",\\\"data\\\":{\\\"id\\\":2,\\\"url\\\":\\\"https://discord.com/channels/1233108238921367643/1318799540563873812\\\"}},{\\\"timestamp\\\":1748194117.712,\\\"category\\\":\\\"electron\\\",\\\"message\\\":\\\"app.browser-window-focus\\\",\\\"type\\\":\\\"ui\\\"},{\\\"timestamp\\\":1748194119.081,\\\"category\\\":\\\"electron\\\",\\\"message\\\":\\\"window.blur\\\",\\\"type\\\":\\\"ui\\\",\\\"data\\\":{\\\"id\\\":2,\\\"url\\\":\\\"https://discord.com/channels/1233108238921367643/1318799540563873812\\\"}},{\\\"timestamp\\\":1748194119.081,\\\"category\\\":\\\"electron\\\",\\\"message\\\":\\\"app.browser-window-blur\\\",\\\"type\\\":\\\"ui\\\"},{\\\"timestamp\\\":1748194143.382,\\\"category\\\":\\\"electron\\\",\\\"message\\\":\\\"window.focus\\\",\\\"type\\\":\\\"ui\\\",\\\"data\\\":{\\\"id\\\":2,\\\"url\\\":\\\"https://discord.com/channels/1233108238921367643/1318799540563873812\\\"}},{\\\"timestamp\\\":1748194143.383,\\\"category\\\":\\\"electron\\\",\\\"message\\\":\\\"app.browser-window-focus\\\",\\\"type\\\":\\\"ui\\\"},{\\\"timestamp\\\":1748194144.493,\\\"category\\\":\\\"electron\\\",\\\"message\\\":\\\"window.blur\\\",\\\"type\\\":\\\"ui\\\",\\\"data\\\":{\\\"id\\\":2,\\\"url\\\":\\\"https://discord.com/channels/1233108238921367643/1318799540563873812\\\"}},{\\\"timestamp\\\":1748194144.493,\\\"category\\\":\\\"electron\\\",\\\"message\\\":\\\"app.browser-window-blur\\\",\\\"type\\\":\\\"ui\\\"},{\\\"timestamp\\\":1748194144.753,\\\"category\\\":\\\"electron\\\",\\\"message\\\":\\\"window.focus\\\",\\\"type\\\":\\\"ui\\\",\\\"data\\\":{\\\"id\\\":2,\\\"url\\\":\\\"https://discord.com/channels/1233108238921367643/1318799540563873812\\\"}},{\\\"timestamp\\\":1748194144.753,\\\"category\\\":\\\"electron\\\",\\\"message\\\":\\\"app.browser-window-focus\\\",\\\"type\\\":\\\"ui\\\"},{\\\"timestamp\\\":1748194144.871,\\\"category\\\":\\\"electron\\\",\\\"message\\\":\\\"window.blur\\\",\\\"type\\\":\\\"ui\\\",\\\"data\\\":{\\\"id\\\":2,\\\"url\\\":\\\"https://discord.com/channels/1233108238921367643/1318799540563873812\\\"}},{\\\"timestamp\\\":1748194144.872,\\\"category\\\":\\\"electron\\\",\\\"message\\\":\\\"app.browser-window-blur\\\",\\\"type\\\":\\\"ui\\\"},{\\\"timestamp\\\":1748194145.396,\\\"category\\\":\\\"electron\\\",\\\"message\\\":\\\"window.focus\\\",\\\"type\\\":\\\"ui\\\",\\\"data\\\":{\\\"id\\\":2,\\\"url\\\":\\\"https://discord.com/channels/1233108238921367643/1318799540563873812\\\"}},{\\\"timestamp\\\":1748194145.396,\\\"category\\\":\\\"electron\\\",\\\"message\\\":\\\"app.browser-window-focus\\\",\\\"type\\\":\\\"ui\\\"},{\\\"timestamp\\\":1748194152.607,\\\"category\\\":\\\"ui.click\\\",\\\"message\\\":\\\"div.wrapper_cc5dd2 > svg > foreignobject > div.wrapper__6e9f8.selected__6e9f8\\\"},{\\\"timestamp\\\":1748194157.659,\\\"category\\\":\\\"electron\\\",\\\"message\\\":\\\"window.blur\\\",\\\"type\\\":\\\"ui\\\",\\\"data\\\":{\\\"id\\\":2,\\\"url\\\":\\\"https://discord.com/channels/1338854314273407038/1338854314273407043\\\"}},{\\\"timestamp\\\":1748194157.659,\\\"category\\\":\\\"electron\\\",\\\"message\\\":\\\"app.browser-window-blur\\\",\\\"type\\\":\\\"ui\\\"},{\\\"timestamp\\\":1748194161.51,\\\"category\\\":\\\"electron\\\",\\\"message\\\":\\\"window.focus\\\",\\\"type\\\":\\\"ui\\\",\\\"data\\\":{\\\"id\\\":2,\\\"url\\\":\\\"https://discord.com/channels/1338854314273407038/1338854314273407043\\\"}},{\\\"timestamp\\\":1748194161.51,\\\"category\\\":\\\"electron\\\",\\\"message\\\":\\\"app.browser-window-focus\\\",\\\"type\\\":\\\"ui\\\"},{\\\"timestamp\\\":1748194162.719,\\\"category\\\":\\\"ui.click\\\",\\\"message\\\":\\\"div.contents__201d5.attachButtonInner__0923f > svg > path\\\"},{\\\"timestamp\\\":1748194163.833,\\\"category\\\":\\\"ui.click\\\",\\\"message\\\":\\\"div#channel-attach-upload-file.item_c1e9c4.labelContainer_c1e9c4.colorDefault_c1e9c4.focused_c1e9c4\\\"},{\\\"timestamp\\\":1748194163.836,\\\"category\\\":\\\"ui.click\\\",\\\"message\\\":\\\"div.uploadInput__0923f > input.file-input[type=\\\\\\\"file\\\\\\\"]\\\"},{\\\"timestamp\\\":1748194163.977,\\\"category\\\":\\\"electron\\\",\\\"message\\\":\\\"window.blur\\\",\\\"type\\\":\\\"ui\\\",\\\"data\\\":{\\\"id\\\":2,\\\"url\\\":\\\"https://discord.com/channels/1338854314273407038/1338854314273407043\\\"}},{\\\"timestamp\\\":1748194163.977,\\\"category\\\":\\\"electron\\\",\\\"message\\\":\\\"app.browser-window-blur\\\",\\\"type\\\":\\\"ui\\\"},{\\\"timestamp\\\":1748194165.555,\\\"category\\\":\\\"electron\\\",\\\"message\\\":\\\"window.focus\\\",\\\"type\\\":\\\"ui\\\",\\\"data\\\":{\\\"id\\\":2,\\\"url\\\":\\\"https://discord.com/channels/1338854314273407038/1338854314273407043\\\"}},{\\\"timestamp\\\":1748194165.555,\\\"category\\\":\\\"electron\\\",\\\"message\\\":\\\"app.browser-window-focus\\\",\\\"type\\\":\\\"ui\\\"},{\\\"timestamp\\\":1748194165.978,\\\"category\\\":\\\"electron\\\",\\\"message\\\":\\\"window.blur\\\",\\\"type\\\":\\\"ui\\\",\\\"data\\\":{\\\"id\\\":2,\\\"url\\\":\\\"https://discord.com/channels/1338854314273407038/1338854314273407043\\\"}},{\\\"timestamp\\\":1748194165.978,\\\"category\\\":\\\"electron\\\",\\\"message\\\":\\\"app.browser-window-blur\\\",\\\"type\\\":\\\"ui\\\"},{\\\"timestamp\\\":1748194166.26,\\\"category\\\":\\\"electron\\\",\\\"message\\\":\\\"window.focus\\\",\\\"type\\\":\\\"ui\\\",\\\"data\\\":{\\\"id\\\":2,\\\"url\\\":\\\"https://discord.com/channels/1338854314273407038/1338854314273407043\\\"}},{\\\"timestamp\\\":1748194166.26,\\\"category\\\":\\\"electron\\\",\\\"message\\\":\\\"app.browser-window-focus\\\",\\\"type\\\":\\\"ui\\\"},{\\\"timestamp\\\":1748194167.726,\\\"category\\\":\\\"ui.click\\\",\\\"message\\\":\\\"div\\\"},{\\\"timestamp\\\":1748194169.516,\\\"category\\\":\\\"electron\\\",\\\"message\\\":\\\"window.blur\\\",\\\"type\\\":\\\"ui\\\",\\\"data\\\":{\\\"id\\\":2,\\\"url\\\":\\\"https://discord.com/channels/1338854314273407038/1338854314273407043\\\"}},{\\\"timestamp\\\":1748194169.516,\\\"category\\\":\\\"electron\\\",\\\"message\\\":\\\"app.browser-window-blur\\\",\\\"type\\\":\\\"ui\\\"},{\\\"timestamp\\\":1748194252.879,\\\"category\\\":\\\"electron\\\",\\\"message\\\":\\\"window.focus\\\",\\\"type\\\":\\\"ui\\\",\\\"data\\\":{\\\"id\\\":2,\\\"url\\\":\\\"https://discord.com/channels/1338854314273407038/1338854314273407043\\\"}},{\\\"timestamp\\\":1748194252.88,\\\"category\\\":\\\"electron\\\",\\\"message\\\":\\\"app.browser-window-focus\\\",\\\"type\\\":\\\"ui\\\"},{\\\"timestamp\\\":1748194253.334,\\\"category\\\":\\\"electron\\\",\\\"message\\\":\\\"window.blur\\\",\\\"type\\\":\\\"ui\\\",\\\"data\\\":{\\\"id\\\":2,\\\"url\\\":\\\"https://discord.com/channels/1338854314273407038/1338854314273407043\\\"}},{\\\"timestamp\\\":1748194253.335,\\\"category\\\":\\\"electron\\\",\\\"message\\\":\\\"app.browser-window-blur\\\",\\\"type\\\":\\\"ui\\\"},{\\\"timestamp\\\":1748194253.502,\\\"category\\\":\\\"electron\\\",\\\"message\\\":\\\"window.focus\\\",\\\"type\\\":\\\"ui\\\",\\\"data\\\":{\\\"id\\\":2,\\\"url\\\":\\\"https://discord.com/channels/1338854314273407038/1338854314273407043\\\"}},{\\\"timestamp\\\":1748194253.502,\\\"category\\\":\\\"electron\\\",\\\"message\\\":\\\"app.browser-window-focus\\\",\\\"type\\\":\\\"ui\\\"},{\\\"timestamp\\\":1748194253.886,\\\"category\\\":\\\"electron\\\",\\\"message\\\":\\\"window.blur\\\",\\\"type\\\":\\\"ui\\\",\\\"data\\\":{\\\"id\\\":2,\\\"url\\\":\\\"https://discord.com/channels/1338854314273407038/1338854314273407043\\\"}},{\\\"timestamp\\\":1748194253.886,\\\"category\\\":\\\"electron\\\",\\\"message\\\":\\\"app.browser-window-blur\\\",\\\"type\\\":\\\"ui\\\"},{\\\"timestamp\\\":1748194293.955,\\\"category\\\":\\\"electron\\\",\\\"message\\\":\\\"window.focus\\\",\\\"type\\\":\\\"ui\\\",\\\"data\\\":{\\\"id\\\":2,\\\"url\\\":\\\"https://discord.com/channels/1338854314273407038/1338854314273407043\\\"}},{\\\"timestamp\\\":1748194293.955,\\\"category\\\":\\\"electron\\\",\\\"message\\\":\\\"app.browser-window-focus\\\",\\\"type\\\":\\\"ui\\\"},{\\\"timestamp\\\":1748194294.571,\\\"category\\\":\\\"ui.click\\\",\\\"message\\\":\\\"div.markup__75297.editor__1b31f.slateTextArea_ec4baf.fontSize16Padding__74017[aria-label=\\\\\\\"Message #general\\\\\\\"]\\\"},{\\\"timestamp\\\":1748194295.166,\\\"category\\\":\\\"ui.input\\\",\\\"message\\\":\\\"div.markup__75297.editor__1b31f.slateTextArea_ec4baf.fontSize16Padding__74017[aria-label=\\\\\\\"Message #general\\\\\\\"]\\\"},{\\\"timestamp\\\":1748194296.553,\\\"category\\\":\\\"electron\\\",\\\"message\\\":\\\"window.blur\\\",\\\"type\\\":\\\"ui\\\",\\\"data\\\":{\\\"id\\\":2,\\\"url\\\":\\\"https://discord.com/channels/1338854314273407038/1338854314273407043\\\"}},{\\\"timestamp\\\":1748194296.553,\\\"category\\\":\\\"electron\\\",\\\"message\\\":\\\"app.browser-window-blur\\\",\\\"type\\\":\\\"ui\\\"},{\\\"timestamp\\\":1748194302.326,\\\"category\\\":\\\"electron\\\",\\\"message\\\":\\\"window.focus\\\",\\\"type\\\":\\\"ui\\\",\\\"data\\\":{\\\"id\\\":2,\\\"url\\\":\\\"https://discord.com/channels/1338854314273407038/1338854314273407043\\\"}},{\\\"timestamp\\\":1748194302.326,\\\"category\\\":\\\"electron\\\",\\\"message\\\":\\\"app.browser-window-focus\\\",\\\"type\\\":\\\"ui\\\"},{\\\"timestamp\\\":1748194302.87,\\\"category\\\":\\\"electron\\\",\\\"message\\\":\\\"window.close\\\",\\\"type\\\":\\\"ui\\\",\\\"data\\\":{\\\"id\\\":2,\\\"url\\\":\\\"https://discord.com/channels/1338854314273407038/1338854314273407043\\\"}},{\\\"timestamp\\\":1748194302.87,\\\"category\\\":\\\"electron\\\",\\\"message\\\":\\\"window.hide\\\",\\\"type\\\":\\\"ui\\\",\\\"data\\\":{\\\"id\\\":2,\\\"url\\\":\\\"https://discord.com/channels/1338854314273407038/1338854314273407043\\\"}},{\\\"timestamp\\\":1748194302.871,\\\"category\\\":\\\"console\\\",\\\"level\\\":\\\"log\\\",\\\"message\\\":\\\"blackbox: 5/26/2025, 1:31:42 AM GMT+8 32 window.close win2\\\"},{\\\"timestamp\\\":1748194302.871,\\\"category\\\":\\\"electron\\\",\\\"message\\\":\\\"window.blur\\\",\\\"type\\\":\\\"ui\\\",\\\"data\\\":{\\\"id\\\":2,\\\"url\\\":\\\"https://discord.com/channels/1338854314273407038/1338854314273407043\\\"}},{\\\"timestamp\\\":1748194302.871,\\\"category\\\":\\\"electron\\\",\\\"message\\\":\\\"app.browser-window-blur\\\",\\\"type\\\":\\\"ui\\\"},{\\\"timestamp\\\":1748194441.468,\\\"category\\\":\\\"electron\\\",\\\"message\\\":\\\"app.second-instance\\\",\\\"type\\\":\\\"ui\\\"},{\\\"timestamp\\\":1748194441.469,\\\"category\\\":\\\"electron\\\",\\\"message\\\":\\\"window.show\\\",\\\"type\\\":\\\"ui\\\",\\\"data\\\":{\\\"id\\\":2,\\\"url\\\":\\\"https://discord.com/channels/1338854314273407038/1338854314273407043\\\"}},{\\\"timestamp\\\":1748194441.471,\\\"category\\\":\\\"electron\\\",\\\"message\\\":\\\"window.show\\\",\\\"type\\\":\\\"ui\\\",\\\"data\\\":{\\\"id\\\":2,\\\"url\\\":\\\"https://discord.com/channels/1338854314273407038/1338854314273407043\\\"}},{\\\"timestamp\\\":1748194441.471,\\\"category\\\":\\\"electron\\\",\\\"message\\\":\\\"window.focus\\\",\\\"type\\\":\\\"ui\\\",\\\"data\\\":{\\\"id\\\":2,\\\"url\\\":\\\"https://discord.com/channels/1338854314273407038/1338854314273407043\\\"}},{\\\"timestamp\\\":1748194441.472,\\\"category\\\":\\\"electron\\\",\\\"message\\\":\\\"app.browser-window-focus\\\",\\\"type\\\":\\\"ui\\\"},{\\\"timestamp\\\":1748194441.477,\\\"category\\\":\\\"electron\\\",\\\"message\\\":\\\"window.blur\\\",\\\"type\\\":\\\"ui\\\",\\\"data\\\":{\\\"id\\\":2,\\\"url\\\":\\\"https://discord.com/channels/1338854314273407038/1338854314273407043\\\"}},{\\\"timestamp\\\":1748194441.477,\\\"category\\\":\\\"electron\\\",\\\"message\\\":\\\"app.browser-window-blur\\\",\\\"type\\\":\\\"ui\\\"},{\\\"timestamp\\\":1748194441.479,\\\"category\\\":\\\"electron\\\",\\\"message\\\":\\\"window.focus\\\",\\\"type\\\":\\\"ui\\\",\\\"data\\\":{\\\"id\\\":2,\\\"url\\\":\\\"https://discord.com/channels/1338854314273407038/1338854314273407043\\\"}},{\\\"timestamp\\\":1748194441.479,\\\"category\\\":\\\"electron\\\",\\\"message\\\":\\\"app.browser-window-focus\\\",\\\"type\\\":\\\"ui\\\"},{\\\"timestamp\\\":1748194446.387,\\\"category\\\":\\\"ui.click\\\",\\\"message\\\":\\\"div.contents__201d5 > div.lottieIcon__5eb9b.lottieIconColors__5eb9b > svg\\\"},{\\\"timestamp\\\":1748194450.65,\\\"category\\\":\\\"ui.click\\\",\\\"message\\\":\\\"div.settingsPage_f131e9\\\"},{\\\"timestamp\\\":1748194451.102,\\\"category\\\":\\\"ui.click\\\",\\\"message\\\":\\\"div.tab_f8303a.item_b3f026.brand_b3f026.selected_b3f026[aria-label=\\\\\\\"Standing\\\\\\\"]\\\"},{\\\"timestamp\\\":1748194452.362,\\\"category\\\":\\\"electron\\\",\\\"message\\\":\\\"window.close\\\",\\\"type\\\":\\\"ui\\\",\\\"data\\\":{\\\"id\\\":2,\\\"url\\\":\\\"https://discord.com/channels/1338854314273407038/1338854314273407043\\\"}},{\\\"timestamp\\\":1748194452.362,\\\"category\\\":\\\"electron\\\",\\\"message\\\":\\\"window.hide\\\",\\\"type\\\":\\\"ui\\\",\\\"data\\\":{\\\"id\\\":2,\\\"url\\\":\\\"https://discord.com/channels/1338854314273407038/1338854314273407043\\\"}},{\\\"timestamp\\\":1748194452.363,\\\"category\\\":\\\"console\\\",\\\"level\\\":\\\"log\\\",\\\"message\\\":\\\"blackbox: 5/26/2025, 1:34:12 AM GMT+8 33 window.close win2\\\"},{\\\"timestamp\\\":1748194452.363,\\\"category\\\":\\\"electron\\\",\\\"message\\\":\\\"window.blur\\\",\\\"type\\\":\\\"ui\\\",\\\"data\\\":{\\\"id\\\":2,\\\"url\\\":\\\"https://discord.com/channels/1338854314273407038/1338854314273407043\\\"}},{\\\"timestamp\\\":1748194452.363,\\\"category\\\":\\\"electron\\\",\\\"message\\\":\\\"app.browser-window-blur\\\",\\\"type\\\":\\\"ui\\\"},{\\\"timestamp\\\":1748194553.275,\\\"category\\\":\\\"electron\\\",\\\"message\\\":\\\"app.second-instance\\\",\\\"type\\\":\\\"ui\\\"},{\\\"timestamp\\\":1748194553.275,\\\"category\\\":\\\"electron\\\",\\\"message\\\":\\\"window.show\\\",\\\"type\\\":\\\"ui\\\",\\\"data\\\":{\\\"id\\\":2,\\\"url\\\":\\\"https://discord.com/channels/1338854314273407038/1338854314273407043\\\"}},{\\\"timestamp\\\":1748194553.277,\\\"category\\\":\\\"electron\\\",\\\"message\\\":\\\"window.show\\\",\\\"type\\\":\\\"ui\\\",\\\"data\\\":{\\\"id\\\":2,\\\"url\\\":\\\"https://discord.com/channels/1338854314273407038/1338854314273407043\\\"}},{\\\"timestamp\\\":1748194553.277,\\\"category\\\":\\\"electron\\\",\\\"message\\\":\\\"window.focus\\\",\\\"type\\\":\\\"ui\\\",\\\"data\\\":{\\\"id\\\":2,\\\"url\\\":\\\"https://discord.com/channels/1338854314273407038/1338854314273407043\\\"}},{\\\"timestamp\\\":1748194553.277,\\\"category\\\":\\\"electron\\\",\\\"message\\\":\\\"app.browser-window-focus\\\",\\\"type\\\":\\\"ui\\\"},{\\\"timestamp\\\":1748194553.281,\\\"category\\\":\\\"electron\\\",\\\"message\\\":\\\"window.blur\\\",\\\"type\\\":\\\"ui\\\",\\\"data\\\":{\\\"id\\\":2,\\\"url\\\":\\\"https://discord.com/channels/1338854314273407038/1338854314273407043\\\"}},{\\\"timestamp\\\":1748194553.281,\\\"category\\\":\\\"electron\\\",\\\"message\\\":\\\"app.browser-window-blur\\\",\\\"type\\\":\\\"ui\\\"},{\\\"timestamp\\\":1748194553.282,\\\"category\\\":\\\"electron\\\",\\\"message\\\":\\\"window.focus\\\",\\\"type\\\":\\\"ui\\\",\\\"data\\\":{\\\"id\\\":2,\\\"url\\\":\\\"https://discord.com/channels/1338854314273407038/1338854314273407043\\\"}},{\\\"timestamp\\\":1748194553.282,\\\"category\\\":\\\"electron\\\",\\\"message\\\":\\\"app.browser-window-focus\\\",\\\"type\\\":\\\"ui\\\"},{\\\"timestamp\\\":1748194554.912,\\\"category\\\":\\\"electron\\\",\\\"message\\\":\\\"window.close\\\",\\\"type\\\":\\\"ui\\\",\\\"data\\\":{\\\"id\\\":2,\\\"url\\\":\\\"https://discord.com/channels/1338854314273407038/1338854314273407043\\\"}},{\\\"timestamp\\\":1748194554.913,\\\"category\\\":\\\"electron\\\",\\\"message\\\":\\\"window.hide\\\",\\\"type\\\":\\\"ui\\\",\\\"data\\\":{\\\"id\\\":2,\\\"url\\\":\\\"https://discord.com/channels/1338854314273407038/1338854314273407043\\\"}},{\\\"timestamp\\\":1748194554.913,\\\"category\\\":\\\"console\\\",\\\"level\\\":\\\"log\\\",\\\"message\\\":\\\"blackbox: 5/26/2025, 1:35:54 AM GMT+8 34 window.close win2\\\"},{\\\"timestamp\\\":1748194554.913,\\\"category\\\":\\\"electron\\\",\\\"message\\\":\\\"window.blur\\\",\\\"type\\\":\\\"ui\\\",\\\"data\\\":{\\\"id\\\":2,\\\"url\\\":\\\"https://discord.com/channels/1338854314273407038/1338854314273407043\\\"}},{\\\"timestamp\\\":1748194554.913,\\\"category\\\":\\\"electron\\\",\\\"message\\\":\\\"app.browser-window-blur\\\",\\\"type\\\":\\\"ui\\\"},{\\\"timestamp\\\":1748194631.318,\\\"category\\\":\\\"electron\\\",\\\"message\\\":\\\"app.second-instance\\\",\\\"type\\\":\\\"ui\\\"},{\\\"timestamp\\\":1748194631.319,\\\"category\\\":\\\"electron\\\",\\\"message\\\":\\\"window.show\\\",\\\"type\\\":\\\"ui\\\",\\\"data\\\":{\\\"id\\\":2,\\\"url\\\":\\\"https://discord.com/channels/1338854314273407038/1338854314273407043\\\"}},{\\\"timestamp\\\":1748194631.321,\\\"category\\\":\\\"electron\\\",\\\"message\\\":\\\"window.show\\\",\\\"type\\\":\\\"ui\\\",\\\"data\\\":{\\\"id\\\":2,\\\"url\\\":\\\"https://discord.com/channels/1338854314273407038/1338854314273407043\\\"}},{\\\"timestamp\\\":1748194631.322,\\\"category\\\":\\\"electron\\\",\\\"message\\\":\\\"window.focus\\\",\\\"type\\\":\\\"ui\\\",\\\"data\\\":{\\\"id\\\":2,\\\"url\\\":\\\"https://discord.com/channels/1338854314273407038/1338854314273407043\\\"}},{\\\"timestamp\\\":1748194631.322,\\\"category\\\":\\\"electron\\\",\\\"message\\\":\\\"app.browser-window-focus\\\",\\\"type\\\":\\\"ui\\\"},{\\\"timestamp\\\":1748194631.326,\\\"category\\\":\\\"electron\\\",\\\"message\\\":\\\"window.blur\\\",\\\"type\\\":\\\"ui\\\",\\\"data\\\":{\\\"id\\\":2,\\\"url\\\":\\\"https://discord.com/channels/1338854314273407038/1338854314273407043\\\"}},{\\\"timestamp\\\":1748194631.326,\\\"category\\\":\\\"electron\\\",\\\"message\\\":\\\"app.browser-window-blur\\\",\\\"type\\\":\\\"ui\\\"},{\\\"timestamp\\\":1748194631.326,\\\"category\\\":\\\"electron\\\",\\\"message\\\":\\\"window.focus\\\",\\\"type\\\":\\\"ui\\\",\\\"data\\\":{\\\"id\\\":2,\\\"url\\\":\\\"https://discord.com/channels/1338854314273407038/1338854314273407043\\\"}},{\\\"timestamp\\\":1748194631.326,\\\"category\\\":\\\"electron\\\",\\\"message\\\":\\\"app.browser-window-focus\\\",\\\"type\\\":\\\"ui\\\"},{\\\"timestamp\\\":1748194638.682,\\\"category\\\":\\\"ui.click\\\",\\\"message\\\":\\\"div.wrapper_cc5dd2 > svg > foreignobject > div.wrapper__6e9f8.selected__6e9f8\\\"},{\\\"timestamp\\\":1748194640.13,\\\"category\\\":\\\"electron\\\",\\\"message\\\":\\\"window.blur\\\",\\\"type\\\":\\\"ui\\\",\\\"data\\\":{\\\"id\\\":2,\\\"url\\\":\\\"https://discord.com/channels/1233108238921367643/1318799540563873812\\\"}},{\\\"timestamp\\\":1748194640.13,\\\"category\\\":\\\"electron\\\",\\\"message\\\":\\\"app.browser-window-blur\\\",\\\"type\\\":\\\"ui\\\"},{\\\"timestamp\\\":1748194640.333,\\\"category\\\":\\\"electron\\\",\\\"message\\\":\\\"window.focus\\\",\\\"type\\\":\\\"ui\\\",\\\"data\\\":{\\\"id\\\":2,\\\"url\\\":\\\"https://discord.com/channels/1233108238921367643/1318799540563873812\\\"}},{\\\"timestamp\\\":1748194640.333,\\\"category\\\":\\\"electron\\\",\\\"message\\\":\\\"app.browser-window-focus\\\",\\\"type\\\":\\\"ui\\\"},{\\\"timestamp\\\":1748194640.694,\\\"category\\\":\\\"electron\\\",\\\"message\\\":\\\"app.child-process-gone\\\",\\\"type\\\":\\\"ui\\\"}],\\\"sdkProcessingMetadata\\\":{\\\"dynamicSamplingContext\\\":{\\\"environment\\\":\\\"stable\\\",\\\"release\\\":\\\"0.0.95\\\",\\\"public_key\\\":\\\"d2558f321dfc7ab68366d8258fd256c7\\\",\\\"trace_id\\\":\\\"46d270a880d8465a9ec873db5a027bfd\\\"}},\\\"modules\\\":{},\\\"extra\\\":{\\\"release_channel\\\":\\\"stable\\\",\\\"sentry\\\":{\\\"environment\\\":\\\"stable\\\",\\\"release\\\":\\\"0.0.95\\\",\\\"user\\\":{\\\"id\\\":\\\"984605084526739467\\\",\\\"username\\\":\\\"drjam_\\\",\\\"email\\\":\\\"jamesallanmdr2005@gmail.com\\\"}},\\\"wm\\\":\\\"Hyprland,unknown\\\",\\\"distro\\\":\\\"\\\\\\\"Arch Linux\\\\\\\"\\\",\\\"nativeBuildNumber\\\":\\\"null\\\",\\\"user_id\\\":\\\"984605084526739467\\\",\\\"username\\\":\\\"drjam_\\\",\\\"email\\\":\\\"jamesallanmdr2005@gmail.com\\\"}}\"},{\"timestamp\":1748194640.708,\"category\":\"ui.click\",\"message\":\"g > g > g > g > path\"},{\"timestamp\":1748194641.029,\"category\":\"electron\",\"message\":\"app.child-process-gone\",\"type\":\"ui\"},{\"timestamp\":1748194641.029,\"type\":\"process\",\"category\":\"child-process\",\"message\":\"'Utility' process exited with 'abnormal-exit'\",\"level\":\"warning\",\"data\":{\"type\":\"Utility\",\"reason\":\"abnormal-exit\",\"exitCode\":32512,\"serviceName\":\"video_capture.mojom.VideoCaptureService\",\"name\":\"Video Capture\"}},{\"timestamp\":1748194641.029,\"category\":\"console\",\"level\":\"error\",\"message\":\"child-process-gone! child: Utility (Video Capture) exitCode: 32512\"},{\"timestamp\":1748194641.03,\"category\":\"console\",\"level\":\"log\",\"message\":\"blackbox: 5/26/2025, 1:37:21 AM GMT+8 37 ❌ child-process-gone {\\n  type: 'Utility',\\n  reason: 'abnormal-exit',\\n  exitCode: 32512,\\n  serviceName: 'video_capture.mojom.VideoCaptureService',\\n  name: 'Video Capture'\\n}\"},{\"timestamp\":1748194641.041,\"category\":\"console\",\"level\":\"log\",\"message\":\"blackbox: 5/26/2025, 1:37:21 AM GMT+8 38 Sentry report: {\\\"contexts\\\":{\\\"trace\\\":{\\\"trace_id\\\":\\\"46d270a880d8465a9ec873db5a027bfd\\\",\\\"span_id\\\":\\\"9380e762c5c67a20\\\"},\\\"app\\\":{\\\"app_name\\\":\\\"discord\\\",\\\"app_version\\\":\\\"0.0.95\\\",\\\"app_start_time\\\":\\\"2025-05-25T17:14:10.755Z\\\"},\\\"os\\\":{\\\"kernel_version\\\":\\\"6.14.7-arch2-1\\\",\\\"name\\\":\\\"Arch Linux\\\",\\\"version\\\":\\\"\\\\\\\"rolling\\\\\\\"\\\"},\\\"browser\\\":{\\\"name\\\":\\\"Chrome\\\"},\\\"chrome\\\":{\\\"name\\\":\\\"Chrome\\\",\\\"type\\\":\\\"runtime\\\",\\\"version\\\":\\\"134.0.6998.205\\\"},\\\"device\\\":{\\\"arch\\\":\\\"x64\\\",\\\"family\\\":\\\"Desktop\\\",\\\"language\\\":\\\"en-US\\\",\\\"screen_density\\\":1,\\\"screen_resolution\\\":\\\"1920x1080\\\",\\\"memory_size\\\":16666267648,\\\"free_memory\\\":6247223296,\\\"processor_count\\\":12,\\\"cpu_description\\\":\\\"AMD Ryzen 5 3600 6-Core Processor\\\",\\\"processor_frequency\\\":3949},\\\"node\\\":{\\\"name\\\":\\\"Node\\\",\\\"type\\\":\\\"runtime\\\",\\\"version\\\":\\\"22.14.0\\\"},\\\"runtime\\\":{\\\"name\\\":\\\"Electron\\\",\\\"version\\\":\\\"35.3.0\\\"}},\\\"environment\\\":\\\"stable\\\",\\\"release\\\":\\\"0.0.95\\\",\\\"user\\\":{\\\"ip_address\\\":\\\"{{auto}}\\\",\\\"id\\\":\\\"984605084526739467\\\",\\\"username\\\":\\\"drjam_\\\",\\\"email\\\":\\\"jamesallanmdr2005@gmail.com\\\"},\\\"tags\\\":{\\\"event.origin\\\":\\\"electron\\\",\\\"event.environment\\\":\\\"javascript\\\",\\\"event.process\\\":\\\"Utility\\\",\\\"event_type\\\":\\\"javascript\\\",\\\"nativeBuildNumber\\\":\\\"null\\\"},\\\"event_id\\\":\\\"fa08c20d5d4c4070a80fa7048676aaa3\\\",\\\"level\\\":\\\"warning\\\",\\\"message\\\":\\\"'Utility' process exited with 'abnormal-exit'\\\",\\\"platform\\\":\\\"node\\\",\\\"timestamp\\\":1748194641.029,\\\"sdk\\\":{\\\"integrations\\\":[\\\"SentryMinidump\\\",\\\"ElectronBreadcrumbs\\\",\\\"Net\\\",\\\"MainContext\\\",\\\"ChildProcess\\\",\\\"OnUncaughtException\\\",\\\"PreloadInjection\\\",\\\"AdditionalContext\\\",\\\"Screenshots\\\",\\\"RendererProfiling\\\",\\\"InboundFilters\\\",\\\"FunctionToString\\\",\\\"LinkedErrors\\\",\\\"RequestData\\\",\\\"Console\\\",\\\"Http\\\",\\\"Undici\\\",\\\"OnUnhandledRejection\\\",\\\"ContextLines\\\",\\\"LocalVariables\\\",\\\"Modules\\\"]},\\\"breadcrumbs\\\":[{\\\"timestamp\\\":1748194144.493,\\\"category\\\":\\\"electron\\\",\\\"message\\\":\\\"window.blur\\\",\\\"type\\\":\\\"ui\\\",\\\"data\\\":{\\\"id\\\":2,\\\"url\\\":\\\"https://discord.com/channels/1233108238921367643/1318799540563873812\\\"}},{\\\"timestamp\\\":1748194144.493,\\\"category\\\":\\\"electron\\\",\\\"message\\\":\\\"app.browser-window-blur\\\",\\\"type\\\":\\\"ui\\\"},{\\\"timestamp\\\":1748194144.753,\\\"category\\\":\\\"electron\\\",\\\"message\\\":\\\"window.focus\\\",\\\"type\\\":\\\"ui\\\",\\\"data\\\":{\\\"id\\\":2,\\\"url\\\":\\\"https://discord.com/channels/1233108238921367643/1318799540563873812\\\"}},{\\\"timestamp\\\":1748194144.753,\\\"category\\\":\\\"electron\\\",\\\"message\\\":\\\"app.browser-window-focus\\\",\\\"type\\\":\\\"ui\\\"},{\\\"timestamp\\\":1748194144.871,\\\"category\\\":\\\"electron\\\",\\\"message\\\":\\\"window.blur\\\",\\\"type\\\":\\\"ui\\\",\\\"data\\\":{\\\"id\\\":2,\\\"url\\\":\\\"https://discord.com/channels/1233108238921367643/1318799540563873812\\\"}},{\\\"timestamp\\\":1748194144.872,\\\"category\\\":\\\"electron\\\",\\\"message\\\":\\\"app.browser-window-blur\\\",\\\"type\\\":\\\"ui\\\"},{\\\"timestamp\\\":1748194145.396,\\\"category\\\":\\\"electron\\\",\\\"message\\\":\\\"window.focus\\\",\\\"type\\\":\\\"ui\\\",\\\"data\\\":{\\\"id\\\":2,\\\"url\\\":\\\"https://discord.com/channels/1233108238921367643/1318799540563873812\\\"}},{\\\"timestamp\\\":1748194145.396,\\\"category\\\":\\\"electron\\\",\\\"message\\\":\\\"app.browser-window-focus\\\",\\\"type\\\":\\\"ui\\\"},{\\\"timestamp\\\":1748194152.607,\\\"category\\\":\\\"ui.click\\\",\\\"message\\\":\\\"div.wrapper_cc5dd2 > svg > foreignobject > div.wrapper__6e9f8.selected__6e9f8\\\"},{\\\"timestamp\\\":1748194157.659,\\\"category\\\":\\\"electron\\\",\\\"message\\\":\\\"window.blur\\\",\\\"type\\\":\\\"ui\\\",\\\"data\\\":{\\\"id\\\":2,\\\"url\\\":\\\"https://discord.com/channels/1338854314273407038/1338854314273407043\\\"}},{\\\"timestamp\\\":1748194157.659,\\\"category\\\":\\\"electron\\\",\\\"message\\\":\\\"app.browser-window-blur\\\",\\\"type\\\":\\\"ui\\\"},{\\\"timestamp\\\":1748194161.51,\\\"category\\\":\\\"electron\\\",\\\"message\\\":\\\"window.focus\\\",\\\"type\\\":\\\"ui\\\",\\\"data\\\":{\\\"id\\\":2,\\\"url\\\":\\\"https://discord.com/channels/1338854314273407038/1338854314273407043\\\"}},{\\\"timestamp\\\":1748194161.51,\\\"category\\\":\\\"electron\\\",\\\"message\\\":\\\"app.browser-window-focus\\\",\\\"type\\\":\\\"ui\\\"},{\\\"timestamp\\\":1748194162.719,\\\"category\\\":\\\"ui.click\\\",\\\"message\\\":\\\"div.contents__201d5.attachButtonInner__0923f > svg > path\\\"},{\\\"timestamp\\\":1748194163.833,\\\"category\\\":\\\"ui.click\\\",\\\"message\\\":\\\"div#channel-attach-upload-file.item_c1e9c4.labelContainer_c1e9c4.colorDefault_c1e9c4.focused_c1e9c4\\\"},{\\\"timestamp\\\":1748194163.836,\\\"category\\\":\\\"ui.click\\\",\\\"message\\\":\\\"div.uploadInput__0923f > input.file-input[type=\\\\\\\"file\\\\\\\"]\\\"},{\\\"timestamp\\\":1748194163.977,\\\"category\\\":\\\"electron\\\",\\\"message\\\":\\\"window.blur\\\",\\\"type\\\":\\\"ui\\\",\\\"data\\\":{\\\"id\\\":2,\\\"url\\\":\\\"https://discord.com/channels/1338854314273407038/1338854314273407043\\\"}},{\\\"timestamp\\\":1748194163.977,\\\"category\\\":\\\"electron\\\",\\\"message\\\":\\\"app.browser-window-blur\\\",\\\"type\\\":\\\"ui\\\"},{\\\"timestamp\\\":1748194165.555,\\\"category\\\":\\\"electron\\\",\\\"message\\\":\\\"window.focus\\\",\\\"type\\\":\\\"ui\\\",\\\"data\\\":{\\\"id\\\":2,\\\"url\\\":\\\"https://discord.com/channels/1338854314273407038/1338854314273407043\\\"}},{\\\"timestamp\\\":1748194165.555,\\\"category\\\":\\\"electron\\\",\\\"message\\\":\\\"app.browser-window-focus\\\",\\\"type\\\":\\\"ui\\\"},{\\\"timestamp\\\":1748194165.978,\\\"category\\\":\\\"electron\\\",\\\"message\\\":\\\"window.blur\\\",\\\"type\\\":\\\"ui\\\",\\\"data\\\":{\\\"id\\\":2,\\\"url\\\":\\\"https://discord.com/channels/1338854314273407038/1338854314273407043\\\"}},{\\\"timestamp\\\":1748194165.978,\\\"category\\\":\\\"electron\\\",\\\"message\\\":\\\"app.browser-window-blur\\\",\\\"type\\\":\\\"ui\\\"},{\\\"timestamp\\\":1748194166.26,\\\"category\\\":\\\"electron\\\",\\\"message\\\":\\\"window.focus\\\",\\\"type\\\":\\\"ui\\\",\\\"data\\\":{\\\"id\\\":2,\\\"url\\\":\\\"https://discord.com/channels/1338854314273407038/1338854314273407043\\\"}},{\\\"timestamp\\\":1748194166.26,\\\"category\\\":\\\"electron\\\",\\\"message\\\":\\\"app.browser-window-focus\\\",\\\"type\\\":\\\"ui\\\"},{\\\"timestamp\\\":1748194167.726,\\\"category\\\":\\\"ui.click\\\",\\\"message\\\":\\\"div\\\"},{\\\"timestamp\\\":1748194169.516,\\\"category\\\":\\\"electron\\\",\\\"message\\\":\\\"window.blur\\\",\\\"type\\\":\\\"ui\\\",\\\"data\\\":{\\\"id\\\":2,\\\"url\\\":\\\"https://discord.com/channels/1338854314273407038/1338854314273407043\\\"}},{\\\"timestamp\\\":1748194169.516,\\\"category\\\":\\\"electron\\\",\\\"message\\\":\\\"app.browser-window-blur\\\",\\\"type\\\":\\\"ui\\\"},{\\\"timestamp\\\":1748194252.879,\\\"category\\\":\\\"electron\\\",\\\"message\\\":\\\"window.focus\\\",\\\"type\\\":\\\"ui\\\",\\\"data\\\":{\\\"id\\\":2,\\\"url\\\":\\\"https://discord.com/channels/1338854314273407038/1338854314273407043\\\"}},{\\\"timestamp\\\":1748194252.88,\\\"category\\\":\\\"electron\\\",\\\"message\\\":\\\"app.browser-window-focus\\\",\\\"type\\\":\\\"ui\\\"},{\\\"timestamp\\\":1748194253.334,\\\"category\\\":\\\"electron\\\",\\\"message\\\":\\\"window.blur\\\",\\\"type\\\":\\\"ui\\\",\\\"data\\\":{\\\"id\\\":2,\\\"url\\\":\\\"https://discord.com/channels/1338854314273407038/1338854314273407043\\\"}},{\\\"timestamp\\\":1748194253.335,\\\"category\\\":\\\"electron\\\",\\\"message\\\":\\\"app.browser-window-blur\\\",\\\"type\\\":\\\"ui\\\"},{\\\"timestamp\\\":1748194253.502,\\\"category\\\":\\\"electron\\\",\\\"message\\\":\\\"window.focus\\\",\\\"type\\\":\\\"ui\\\",\\\"data\\\":{\\\"id\\\":2,\\\"url\\\":\\\"https://discord.com/channels/1338854314273407038/1338854314273407043\\\"}},{\\\"timestamp\\\":1748194253.502,\\\"category\\\":\\\"electron\\\",\\\"message\\\":\\\"app.browser-window-focus\\\",\\\"type\\\":\\\"ui\\\"},{\\\"timestamp\\\":1748194253.886,\\\"category\\\":\\\"electron\\\",\\\"message\\\":\\\"window.blur\\\",\\\"type\\\":\\\"ui\\\",\\\"data\\\":{\\\"id\\\":2,\\\"url\\\":\\\"https://discord.com/channels/1338854314273407038/1338854314273407043\\\"}},{\\\"timestamp\\\":1748194253.886,\\\"category\\\":\\\"electron\\\",\\\"message\\\":\\\"app.browser-window-blur\\\",\\\"type\\\":\\\"ui\\\"},{\\\"timestamp\\\":1748194293.955,\\\"category\\\":\\\"electron\\\",\\\"message\\\":\\\"window.focus\\\",\\\"type\\\":\\\"ui\\\",\\\"data\\\":{\\\"id\\\":2,\\\"url\\\":\\\"https://discord.com/channels/1338854314273407038/1338854314273407043\\\"}},{\\\"timestamp\\\":1748194293.955,\\\"category\\\":\\\"electron\\\",\\\"message\\\":\\\"app.browser-window-focus\\\",\\\"type\\\":\\\"ui\\\"},{\\\"timestamp\\\":1748194294.571,\\\"category\\\":\\\"ui.click\\\",\\\"message\\\":\\\"div.markup__75297.editor__1b31f.slateTextArea_ec4baf.fontSize16Padding__74017[aria-label=\\\\\\\"Message #general\\\\\\\"]\\\"},{\\\"timestamp\\\":1748194295.166,\\\"category\\\":\\\"ui.input\\\",\\\"message\\\":\\\"div.markup__75297.editor__1b31f.slateTextArea_ec4baf.fontSize16Padding__74017[aria-label=\\\\\\\"Message #general\\\\\\\"]\\\"},{\\\"timestamp\\\":1748194296.553,\\\"category\\\":\\\"electron\\\",\\\"message\\\":\\\"window.blur\\\",\\\"type\\\":\\\"ui\\\",\\\"data\\\":{\\\"id\\\":2,\\\"url\\\":\\\"https://discord.com/channels/1338854314273407038/1338854314273407043\\\"}},{\\\"timestamp\\\":1748194296.553,\\\"category\\\":\\\"electron\\\",\\\"message\\\":\\\"app.browser-window-blur\\\",\\\"type\\\":\\\"ui\\\"},{\\\"timestamp\\\":1748194302.326,\\\"category\\\":\\\"electron\\\",\\\"message\\\":\\\"window.focus\\\",\\\"type\\\":\\\"ui\\\",\\\"data\\\":{\\\"id\\\":2,\\\"url\\\":\\\"https://discord.com/channels/1338854314273407038/1338854314273407043\\\"}},{\\\"timestamp\\\":1748194302.326,\\\"category\\\":\\\"electron\\\",\\\"message\\\":\\\"app.browser-window-focus\\\",\\\"type\\\":\\\"ui\\\"},{\\\"timestamp\\\":1748194302.87,\\\"category\\\":\\\"electron\\\",\\\"message\\\":\\\"window.close\\\",\\\"type\\\":\\\"ui\\\",\\\"data\\\":{\\\"id\\\":2,\\\"url\\\":\\\"https://discord.com/channels/1338854314273407038/1338854314273407043\\\"}},{\\\"timestamp\\\":1748194302.87,\\\"category\\\":\\\"electron\\\",\\\"message\\\":\\\"window.hide\\\",\\\"type\\\":\\\"ui\\\",\\\"data\\\":{\\\"id\\\":2,\\\"url\\\":\\\"https://discord.com/channels/1338854314273407038/1338854314273407043\\\"}},{\\\"timestamp\\\":1748194302.871,\\\"category\\\":\\\"console\\\",\\\"level\\\":\\\"log\\\",\\\"message\\\":\\\"blackbox: 5/26/2025, 1:31:42 AM GMT+8 32 window.close win2\\\"},{\\\"timestamp\\\":1748194302.871,\\\"category\\\":\\\"electron\\\",\\\"message\\\":\\\"window.blur\\\",\\\"type\\\":\\\"ui\\\",\\\"data\\\":{\\\"id\\\":2,\\\"url\\\":\\\"https://discord.com/channels/1338854314273407038/1338854314273407043\\\"}},{\\\"timestamp\\\":1748194302.871,\\\"category\\\":\\\"electron\\\",\\\"message\\\":\\\"app.browser-window-blur\\\",\\\"type\\\":\\\"ui\\\"},{\\\"timestamp\\\":1748194441.468,\\\"category\\\":\\\"electron\\\",\\\"message\\\":\\\"app.second-instance\\\",\\\"type\\\":\\\"ui\\\"},{\\\"timestamp\\\":1748194441.469,\\\"category\\\":\\\"electron\\\",\\\"message\\\":\\\"window.show\\\",\\\"type\\\":\\\"ui\\\",\\\"data\\\":{\\\"id\\\":2,\\\"url\\\":\\\"https://discord.com/channels/1338854314273407038/1338854314273407043\\\"}},{\\\"timestamp\\\":1748194441.471,\\\"category\\\":\\\"electron\\\",\\\"message\\\":\\\"window.show\\\",\\\"type\\\":\\\"ui\\\",\\\"data\\\":{\\\"id\\\":2,\\\"url\\\":\\\"https://discord.com/channels/1338854314273407038/1338854314273407043\\\"}},{\\\"timestamp\\\":1748194441.471,\\\"category\\\":\\\"electron\\\",\\\"message\\\":\\\"window.focus\\\",\\\"type\\\":\\\"ui\\\",\\\"data\\\":{\\\"id\\\":2,\\\"url\\\":\\\"https://discord.com/channels/1338854314273407038/1338854314273407043\\\"}},{\\\"timestamp\\\":1748194441.472,\\\"category\\\":\\\"electron\\\",\\\"message\\\":\\\"app.browser-window-focus\\\",\\\"type\\\":\\\"ui\\\"},{\\\"timestamp\\\":1748194441.477,\\\"category\\\":\\\"electron\\\",\\\"message\\\":\\\"window.blur\\\",\\\"type\\\":\\\"ui\\\",\\\"data\\\":{\\\"id\\\":2,\\\"url\\\":\\\"https://discord.com/channels/1338854314273407038/1338854314273407043\\\"}},{\\\"timestamp\\\":1748194441.477,\\\"category\\\":\\\"electron\\\",\\\"message\\\":\\\"app.browser-window-blur\\\",\\\"type\\\":\\\"ui\\\"},{\\\"timestamp\\\":1748194441.479,\\\"category\\\":\\\"electron\\\",\\\"message\\\":\\\"window.focus\\\",\\\"type\\\":\\\"ui\\\",\\\"data\\\":{\\\"id\\\":2,\\\"url\\\":\\\"https://discord.com/channels/1338854314273407038/1338854314273407043\\\"}},{\\\"timestamp\\\":1748194441.479,\\\"category\\\":\\\"electron\\\",\\\"message\\\":\\\"app.browser-window-focus\\\",\\\"type\\\":\\\"ui\\\"},{\\\"timestamp\\\":1748194446.387,\\\"category\\\":\\\"ui.click\\\",\\\"message\\\":\\\"div.contents__201d5 > div.lottieIcon__5eb9b.lottieIconColors__5eb9b > svg\\\"},{\\\"timestamp\\\":1748194450.65,\\\"category\\\":\\\"ui.click\\\",\\\"message\\\":\\\"div.settingsPage_f131e9\\\"},{\\\"timestamp\\\":1748194451.102,\\\"category\\\":\\\"ui.click\\\",\\\"message\\\":\\\"div.tab_f8303a.item_b3f026.brand_b3f026.selected_b3f026[aria-label=\\\\\\\"Standing\\\\\\\"]\\\"},{\\\"timestamp\\\":1748194452.362,\\\"category\\\":\\\"electron\\\",\\\"message\\\":\\\"window.close\\\",\\\"type\\\":\\\"ui\\\",\\\"data\\\":{\\\"id\\\":2,\\\"url\\\":\\\"https://discord.com/channels/1338854314273407038/1338854314273407043\\\"}},{\\\"timestamp\\\":1748194452.362,\\\"category\\\":\\\"electron\\\",\\\"message\\\":\\\"window.hide\\\",\\\"type\\\":\\\"ui\\\",\\\"data\\\":{\\\"id\\\":2,\\\"url\\\":\\\"https://discord.com/channels/1338854314273407038/1338854314273407043\\\"}},{\\\"timestamp\\\":1748194452.363,\\\"category\\\":\\\"console\\\",\\\"level\\\":\\\"log\\\",\\\"message\\\":\\\"blackbox: 5/26/2025, 1:34:12 AM GMT+8 33 window.close win2\\\"},{\\\"timestamp\\\":1748194452.363,\\\"category\\\":\\\"electron\\\",\\\"message\\\":\\\"window.blur\\\",\\\"type\\\":\\\"ui\\\",\\\"data\\\":{\\\"id\\\":2,\\\"url\\\":\\\"https://discord.com/channels/1338854314273407038/1338854314273407043\\\"}},{\\\"timestamp\\\":1748194452.363,\\\"category\\\":\\\"electron\\\",\\\"message\\\":\\\"app.browser-window-blur\\\",\\\"type\\\":\\\"ui\\\"},{\\\"timestamp\\\":1748194553.275,\\\"category\\\":\\\"electron\\\",\\\"message\\\":\\\"app.second-instance\\\",\\\"type\\\":\\\"ui\\\"},{\\\"timestamp\\\":1748194553.275,\\\"category\\\":\\\"electron\\\",\\\"message\\\":\\\"window.show\\\",\\\"type\\\":\\\"ui\\\",\\\"data\\\":{\\\"id\\\":2,\\\"url\\\":\\\"https://discord.com/channels/1338854314273407038/1338854314273407043\\\"}},{\\\"timestamp\\\":1748194553.277,\\\"category\\\":\\\"electron\\\",\\\"message\\\":\\\"window.show\\\",\\\"type\\\":\\\"ui\\\",\\\"data\\\":{\\\"id\\\":2,\\\"url\\\":\\\"https://discord.com/channels/1338854314273407038/1338854314273407043\\\"}},{\\\"timestamp\\\":1748194553.277,\\\"category\\\":\\\"electron\\\",\\\"message\\\":\\\"window.focus\\\",\\\"type\\\":\\\"ui\\\",\\\"data\\\":{\\\"id\\\":2,\\\"url\\\":\\\"https://discord.com/channels/1338854314273407038/1338854314273407043\\\"}},{\\\"timestamp\\\":1748194553.277,\\\"category\\\":\\\"electron\\\",\\\"message\\\":\\\"app.browser-window-focus\\\",\\\"type\\\":\\\"ui\\\"},{\\\"timestamp\\\":1748194553.281,\\\"category\\\":\\\"electron\\\",\\\"message\\\":\\\"window.blur\\\",\\\"type\\\":\\\"ui\\\",\\\"data\\\":{\\\"id\\\":2,\\\"url\\\":\\\"https://discord.com/channels/1338854314273407038/1338854314273407043\\\"}},{\\\"timestamp\\\":1748194553.281,\\\"category\\\":\\\"electron\\\",\\\"message\\\":\\\"app.browser-window-blur\\\",\\\"type\\\":\\\"ui\\\"},{\\\"timestamp\\\":1748194553.282,\\\"category\\\":\\\"electron\\\",\\\"message\\\":\\\"window.focus\\\",\\\"type\\\":\\\"ui\\\",\\\"data\\\":{\\\"id\\\":2,\\\"url\\\":\\\"https://discord.com/channels/1338854314273407038/1338854314273407043\\\"}},{\\\"timestamp\\\":1748194553.282,\\\"category\\\":\\\"electron\\\",\\\"message\\\":\\\"app.browser-window-focus\\\",\\\"type\\\":\\\"ui\\\"},{\\\"timestamp\\\":1748194554.912,\\\"category\\\":\\\"electron\\\",\\\"message\\\":\\\"window.close\\\",\\\"type\\\":\\\"ui\\\",\\\"data\\\":{\\\"id\\\":2,\\\"url\\\":\\\"https://discord.com/channels/1338854314273407038/1338854314273407043\\\"}},{\\\"timestamp\\\":1748194554.913,\\\"category\\\":\\\"electron\\\",\\\"message\\\":\\\"window.hide\\\",\\\"type\\\":\\\"ui\\\",\\\"data\\\":{\\\"id\\\":2,\\\"url\\\":\\\"https://discord.com/channels/1338854314273407038/1338854314273407043\\\"}},{\\\"timestamp\\\":1748194554.913,\\\"category\\\":\\\"console\\\",\\\"level\\\":\\\"log\\\",\\\"message\\\":\\\"blackbox: 5/26/2025, 1:35:54 AM GMT+8 34 window.close win2\\\"},{\\\"timestamp\\\":1748194554.913,\\\"category\\\":\\\"electron\\\",\\\"message\\\":\\\"window.blur\\\",\\\"type\\\":\\\"ui\\\",\\\"data\\\":{\\\"id\\\":2,\\\"url\\\":\\\"https://discord.com/channels/1338854314273407038/1338854314273407043\\\"}},{\\\"timestamp\\\":1748194554.913,\\\"category\\\":\\\"electron\\\",\\\"message\\\":\\\"app.browser-window-blur\\\",\\\"type\\\":\\\"ui\\\"},{\\\"timestamp\\\":1748194631.318,\\\"category\\\":\\\"electron\\\",\\\"message\\\":\\\"app.second-instance\\\",\\\"type\\\":\\\"ui\\\"},{\\\"timestamp\\\":1748194631.319,\\\"category\\\":\\\"electron\\\",\\\"message\\\":\\\"window.show\\\",\\\"type\\\":\\\"ui\\\",\\\"data\\\":{\\\"id\\\":2,\\\"url\\\":\\\"https://discord.com/channels/1338854314273407038/1338854314273407043\\\"}},{\\\"timestamp\\\":1748194631.321,\\\"category\\\":\\\"electron\\\",\\\"message\\\":\\\"window.show\\\",\\\"type\\\":\\\"ui\\\",\\\"data\\\":{\\\"id\\\":2,\\\"url\\\":\\\"https://discord.com/channels/1338854314273407038/1338854314273407043\\\"}},{\\\"timestamp\\\":1748194631.322,\\\"category\\\":\\\"electron\\\",\\\"message\\\":\\\"window.focus\\\",\\\"type\\\":\\\"ui\\\",\\\"data\\\":{\\\"id\\\":2,\\\"url\\\":\\\"https://discord.com/channels/1338854314273407038/1338854314273407043\\\"}},{\\\"timestamp\\\":1748194631.322,\\\"category\\\":\\\"electron\\\",\\\"message\\\":\\\"app.browser-window-focus\\\",\\\"type\\\":\\\"ui\\\"},{\\\"timestamp\\\":1748194631.326,\\\"category\\\":\\\"electron\\\",\\\"message\\\":\\\"window.blur\\\",\\\"type\\\":\\\"ui\\\",\\\"data\\\":{\\\"id\\\":2,\\\"url\\\":\\\"https://discord.com/channels/1338854314273407038/1338854314273407043\\\"}},{\\\"timestamp\\\":1748194631.326,\\\"category\\\":\\\"electron\\\",\\\"message\\\":\\\"app.browser-window-blur\\\",\\\"type\\\":\\\"ui\\\"},{\\\"timestamp\\\":1748194631.326,\\\"category\\\":\\\"electron\\\",\\\"message\\\":\\\"window.focus\\\",\\\"type\\\":\\\"ui\\\",\\\"data\\\":{\\\"id\\\":2,\\\"url\\\":\\\"https://discord.com/channels/1338854314273407038/1338854314273407043\\\"}},{\\\"timestamp\\\":1748194631.326,\\\"category\\\":\\\"electron\\\",\\\"message\\\":\\\"app.browser-window-focus\\\",\\\"type\\\":\\\"ui\\\"},{\\\"timestamp\\\":1748194638.682,\\\"category\\\":\\\"ui.click\\\",\\\"message\\\":\\\"div.wrapper_cc5dd2 > svg > foreignobject > div.wrapper__6e9f8.selected__6e9f8\\\"},{\\\"timestamp\\\":1748194640.13,\\\"category\\\":\\\"electron\\\",\\\"message\\\":\\\"window.blur\\\",\\\"type\\\":\\\"ui\\\",\\\"data\\\":{\\\"id\\\":2,\\\"url\\\":\\\"https://discord.com/channels/1233108238921367643/1318799540563873812\\\"}},{\\\"timestamp\\\":1748194640.13,\\\"category\\\":\\\"electron\\\",\\\"message\\\":\\\"app.browser-window-blur\\\",\\\"type\\\":\\\"ui\\\"},{\\\"timestamp\\\":1748194640.333,\\\"category\\\":\\\"electron\\\",\\\"message\\\":\\\"window.focus\\\",\\\"type\\\":\\\"ui\\\",\\\"data\\\":{\\\"id\\\":2,\\\"url\\\":\\\"https://discord.com/channels/1233108238921367643/1318799540563873812\\\"}},{\\\"timestamp\\\":1748194640.333,\\\"category\\\":\\\"electron\\\",\\\"message\\\":\\\"app.browser-window-focus\\\",\\\"type\\\":\\\"ui\\\"},{\\\"timestamp\\\":1748194640.694,\\\"category\\\":\\\"electron\\\",\\\"message\\\":\\\"app.child-process-gone\\\",\\\"type\\\":\\\"ui\\\"},{\\\"timestamp\\\":1748194640.695,\\\"type\\\":\\\"process\\\",\\\"category\\\":\\\"child-process\\\",\\\"message\\\":\\\"'Utility' process exited with 'abnormal-exit'\\\",\\\"level\\\":\\\"warning\\\",\\\"data\\\":{\\\"type\\\":\\\"Utility\\\",\\\"reason\\\":\\\"abnormal-exit\\\",\\\"exitCode\\\":32512,\\\"serviceName\\\":\\\"video_capture.mojom.VideoCaptureService\\\",\\\"name\\\":\\\"Video Capture\\\"}},{\\\"timestamp\\\":1748194640.695,\\\"category\\\":\\\"console\\\",\\\"level\\\":\\\"error\\\",\\\"message\\\":\\\"child-process-gone! child: Utility (Video Capture) exitCode: 32512\\\"},{\\\"timestamp\\\":1748194640.696,\\\"category\\\":\\\"console\\\",\\\"level\\\":\\\"log\\\",\\\"message\\\":\\\"blackbox: 5/26/2025, 1:37:20 AM GMT+8 35 ❌ child-process-gone {\\\\n  type: 'Utility',\\\\n  reason: 'abnormal-exit',\\\\n  exitCode: 32512,\\\\n  serviceName: 'video_capture.mojom.VideoCaptureService',\\\\n  name: 'Video Capture'\\\\n}\\\"},{\\\"timestamp\\\":1748194640.706,\\\"category\\\":\\\"console\\\",\\\"level\\\":\\\"log\\\",\\\"message\\\":\\\"blackbox: 5/26/2025, 1:37:20 AM GMT+8 36 Sentry report: {\\\\\\\"contexts\\\\\\\":{\\\\\\\"trace\\\\\\\":{\\\\\\\"trace_id\\\\\\\":\\\\\\\"46d270a880d8465a9ec873db5a027bfd\\\\\\\",\\\\\\\"span_id\\\\\\\":\\\\\\\"9380e762c5c67a20\\\\\\\"},\\\\\\\"app\\\\\\\":{\\\\\\\"app_name\\\\\\\":\\\\\\\"discord\\\\\\\",\\\\\\\"app_version\\\\\\\":\\\\\\\"0.0.95\\\\\\\",\\\\\\\"app_start_time\\\\\\\":\\\\\\\"2025-05-25T17:14:10.755Z\\\\\\\"},\\\\\\\"os\\\\\\\":{\\\\\\\"kernel_version\\\\\\\":\\\\\\\"6.14.7-arch2-1\\\\\\\",\\\\\\\"name\\\\\\\":\\\\\\\"Arch Linux\\\\\\\",\\\\\\\"version\\\\\\\":\\\\\\\"\\\\\\\\\\\\\\\"rolling\\\\\\\\\\\\\\\"\\\\\\\"},\\\\\\\"browser\\\\\\\":{\\\\\\\"name\\\\\\\":\\\\\\\"Chrome\\\\\\\"},\\\\\\\"chrome\\\\\\\":{\\\\\\\"name\\\\\\\":\\\\\\\"Chrome\\\\\\\",\\\\\\\"type\\\\\\\":\\\\\\\"runtime\\\\\\\",\\\\\\\"version\\\\\\\":\\\\\\\"134.0.6998.205\\\\\\\"},\\\\\\\"device\\\\\\\":{\\\\\\\"arch\\\\\\\":\\\\\\\"x64\\\\\\\",\\\\\\\"family\\\\\\\":\\\\\\\"Desktop\\\\\\\",\\\\\\\"language\\\\\\\":\\\\\\\"en-US\\\\\\\",\\\\\\\"screen_density\\\\\\\":1,\\\\\\\"screen_resolution\\\\\\\":\\\\\\\"1920x1080\\\\\\\",\\\\\\\"memory_size\\\\\\\":16666267648,\\\\\\\"free_memory\\\\\\\":6265344000,\\\\\\\"processor_count\\\\\\\":12,\\\\\\\"cpu_description\\\\\\\":\\\\\\\"AMD Ryzen 5 3600 6-Core Processor\\\\\\\",\\\\\\\"processor_frequency\\\\\\\":3938},\\\\\\\"node\\\\\\\":{\\\\\\\"name\\\\\\\":\\\\\\\"Node\\\\\\\",\\\\\\\"type\\\\\\\":\\\\\\\"runtime\\\\\\\",\\\\\\\"version\\\\\\\":\\\\\\\"22.14.0\\\\\\\"},\\\\\\\"runtime\\\\\\\":{\\\\\\\"name\\\\\\\":\\\\\\\"Electron\\\\\\\",\\\\\\\"version\\\\\\\":\\\\\\\"35.3.0\\\\\\\"}},\\\\\\\"environment\\\\\\\":\\\\\\\"stable\\\\\\\",\\\\\\\"release\\\\\\\":\\\\\\\"0.0.95\\\\\\\",\\\\\\\"user\\\\\\\":{\\\\\\\"ip_address\\\\\\\":\\\\\\\"{{auto}}\\\\\\\",\\\\\\\"id\\\\\\\":\\\\\\\"984605084526739467\\\\\\\",\\\\\\\"username\\\\\\\":\\\\\\\"drjam_\\\\\\\",\\\\\\\"email\\\\\\\":\\\\\\\"jamesallanmdr2005@gmail.com\\\\\\\"},\\\\\\\"tags\\\\\\\":{\\\\\\\"event.origin\\\\\\\":\\\\\\\"electron\\\\\\\",\\\\\\\"event.environment\\\\\\\":\\\\\\\"javascript\\\\\\\",\\\\\\\"event.process\\\\\\\":\\\\\\\"Utility\\\\\\\",\\\\\\\"event_type\\\\\\\":\\\\\\\"javascript\\\\\\\",\\\\\\\"nativeBuildNumber\\\\\\\":\\\\\\\"null\\\\\\\"},\\\\\\\"event_id\\\\\\\":\\\\\\\"6ba6728380d04d22bb56854db1efc1ec\\\\\\\",\\\\\\\"level\\\\\\\":\\\\\\\"warning\\\\\\\",\\\\\\\"message\\\\\\\":\\\\\\\"'Utility' process exited with 'abnormal-exit'\\\\\\\",\\\\\\\"platform\\\\\\\":\\\\\\\"node\\\\\\\",\\\\\\\"timestamp\\\\\\\":1748194640.695,\\\\\\\"sdk\\\\\\\":{\\\\\\\"integrations\\\\\\\":[\\\\\\\"SentryMinidump\\\\\\\",\\\\\\\"ElectronBreadcrumbs\\\\\\\",\\\\\\\"Net\\\\\\\",\\\\\\\"MainContext\\\\\\\",\\\\\\\"ChildProcess\\\\\\\",\\\\\\\"OnUncaughtException\\\\\\\",\\\\\\\"PreloadInjection\\\\\\\",\\\\\\\"AdditionalContext\\\\\\\",\\\\\\\"Screenshots\\\\\\\",\\\\\\\"RendererProfiling\\\\\\\",\\\\\\\"InboundFilters\\\\\\\",\\\\\\\"FunctionToString\\\\\\\",\\\\\\\"LinkedErrors\\\\\\\",\\\\\\\"RequestData\\\\\\\",\\\\\\\"Console\\\\\\\",\\\\\\\"Http\\\\\\\",\\\\\\\"Undici\\\\\\\",\\\\\\\"OnUnhandledRejection\\\\\\\",\\\\\\\"ContextLines\\\\\\\",\\\\\\\"LocalVariables\\\\\\\",\\\\\\\"Modules\\\\\\\"]},\\\\\\\"breadcrumbs\\\\\\\":[{\\\\\\\"timestamp\\\\\\\":1748194117.712,\\\\\\\"category\\\\\\\":\\\\\\\"electron\\\\\\\",\\\\\\\"message\\\\\\\":\\\\\\\"window.focus\\\\\\\",\\\\\\\"type\\\\\\\":\\\\\\\"ui\\\\\\\",\\\\\\\"data\\\\\\\":{\\\\\\\"id\\\\\\\":2,\\\\\\\"url\\\\\\\":\\\\\\\"https://discord.com/channels/1233108238921367643/1318799540563873812\\\\\\\"}},{\\\\\\\"timestamp\\\\\\\":1748194117.712,\\\\\\\"category\\\\\\\":\\\\\\\"electron\\\\\\\",\\\\\\\"message\\\\\\\":\\\\\\\"app.browser-window-focus\\\\\\\",\\\\\\\"type\\\\\\\":\\\\\\\"ui\\\\\\\"},{\\\\\\\"timestamp\\\\\\\":1748194119.081,\\\\\\\"category\\\\\\\":\\\\\\\"electron\\\\\\\",\\\\\\\"message\\\\\\\":\\\\\\\"window.blur\\\\\\\",\\\\\\\"type\\\\\\\":\\\\\\\"ui\\\\\\\",\\\\\\\"data\\\\\\\":{\\\\\\\"id\\\\\\\":2,\\\\\\\"url\\\\\\\":\\\\\\\"https://discord.com/channels/1233108238921367643/1318799540563873812\\\\\\\"}},{\\\\\\\"timestamp\\\\\\\":1748194119.081,\\\\\\\"category\\\\\\\":\\\\\\\"electron\\\\\\\",\\\\\\\"message\\\\\\\":\\\\\\\"app.browser-window-blur\\\\\\\",\\\\\\\"type\\\\\\\":\\\\\\\"ui\\\\\\\"},{\\\\\\\"timestamp\\\\\\\":1748194143.382,\\\\\\\"category\\\\\\\":\\\\\\\"electron\\\\\\\",\\\\\\\"message\\\\\\\":\\\\\\\"window.focus\\\\\\\",\\\\\\\"type\\\\\\\":\\\\\\\"ui\\\\\\\",\\\\\\\"data\\\\\\\":{\\\\\\\"id\\\\\\\":2,\\\\\\\"url\\\\\\\":\\\\\\\"https://discord.com/channels/1233108238921367643/1318799540563873812\\\\\\\"}},{\\\\\\\"timestamp\\\\\\\":1748194143.383,\\\\\\\"category\\\\\\\":\\\\\\\"electron\\\\\\\",\\\\\\\"message\\\\\\\":\\\\\\\"app.browser-window-focus\\\\\\\",\\\\\\\"type\\\\\\\":\\\\\\\"ui\\\\\\\"},{\\\\\\\"timestamp\\\\\\\":1748194144.493,\\\\\\\"category\\\\\\\":\\\\\\\"electron\\\\\\\",\\\\\\\"message\\\\\\\":\\\\\\\"window.blur\\\\\\\",\\\\\\\"type\\\\\\\":\\\\\\\"ui\\\\\\\",\\\\\\\"data\\\\\\\":{\\\\\\\"id\\\\\\\":2,\\\\\\\"url\\\\\\\":\\\\\\\"https://discord.com/channels/1233108238921367643/1318799540563873812\\\\\\\"}},{\\\\\\\"timestamp\\\\\\\":1748194144.493,\\\\\\\"category\\\\\\\":\\\\\\\"electron\\\\\\\",\\\\\\\"message\\\\\\\":\\\\\\\"app.browser-window-blur\\\\\\\",\\\\\\\"type\\\\\\\":\\\\\\\"ui\\\\\\\"},{\\\\\\\"timestamp\\\\\\\":1748194144.753,\\\\\\\"category\\\\\\\":\\\\\\\"electron\\\\\\\",\\\\\\\"message\\\\\\\":\\\\\\\"window.focus\\\\\\\",\\\\\\\"type\\\\\\\":\\\\\\\"ui\\\\\\\",\\\\\\\"data\\\\\\\":{\\\\\\\"id\\\\\\\":2,\\\\\\\"url\\\\\\\":\\\\\\\"https://discord.com/channels/1233108238921367643/1318799540563873812\\\\\\\"}},{\\\\\\\"timestamp\\\\\\\":1748194144.753,\\\\\\\"category\\\\\\\":\\\\\\\"electron\\\\\\\",\\\\\\\"message\\\\\\\":\\\\\\\"app.browser-window-focus\\\\\\\",\\\\\\\"type\\\\\\\":\\\\\\\"ui\\\\\\\"},{\\\\\\\"timestamp\\\\\\\":1748194144.871,\\\\\\\"category\\\\\\\":\\\\\\\"electron\\\\\\\",\\\\\\\"message\\\\\\\":\\\\\\\"window.blur\\\\\\\",\\\\\\\"type\\\\\\\":\\\\\\\"ui\\\\\\\",\\\\\\\"data\\\\\\\":{\\\\\\\"id\\\\\\\":2,\\\\\\\"url\\\\\\\":\\\\\\\"https://discord.com/channels/1233108238921367643/1318799540563873812\\\\\\\"}},{\\\\\\\"timestamp\\\\\\\":1748194144.872,\\\\\\\"category\\\\\\\":\\\\\\\"electron\\\\\\\",\\\\\\\"message\\\\\\\":\\\\\\\"app.browser-window-blur\\\\\\\",\\\\\\\"type\\\\\\\":\\\\\\\"ui\\\\\\\"},{\\\\\\\"timestamp\\\\\\\":1748194145.396,\\\\\\\"category\\\\\\\":\\\\\\\"electron\\\\\\\",\\\\\\\"message\\\\\\\":\\\\\\\"window.focus\\\\\\\",\\\\\\\"type\\\\\\\":\\\\\\\"ui\\\\\\\",\\\\\\\"data\\\\\\\":{\\\\\\\"id\\\\\\\":2,\\\\\\\"url\\\\\\\":\\\\\\\"https://discord.com/channels/1233108238921367643/1318799540563873812\\\\\\\"}},{\\\\\\\"timestamp\\\\\\\":1748194145.396,\\\\\\\"category\\\\\\\":\\\\\\\"electron\\\\\\\",\\\\\\\"message\\\\\\\":\\\\\\\"app.browser-window-focus\\\\\\\",\\\\\\\"type\\\\\\\":\\\\\\\"ui\\\\\\\"},{\\\\\\\"timestamp\\\\\\\":1748194152.607,\\\\\\\"category\\\\\\\":\\\\\\\"ui.click\\\\\\\",\\\\\\\"message\\\\\\\":\\\\\\\"div.wrapper_cc5dd2 > svg > foreignobject > div.wrapper__6e9f8.selected__6e9f8\\\\\\\"},{\\\\\\\"timestamp\\\\\\\":1748194157.659,\\\\\\\"category\\\\\\\":\\\\\\\"electron\\\\\\\",\\\\\\\"message\\\\\\\":\\\\\\\"window.blur\\\\\\\",\\\\\\\"type\\\\\\\":\\\\\\\"ui\\\\\\\",\\\\\\\"data\\\\\\\":{\\\\\\\"id\\\\\\\":2,\\\\\\\"url\\\\\\\":\\\\\\\"https://discord.com/channels/1338854314273407038/1338854314273407043\\\\\\\"}},{\\\\\\\"timestamp\\\\\\\":1748194157.659,\\\\\\\"category\\\\\\\":\\\\\\\"electron\\\\\\\",\\\\\\\"message\\\\\\\":\\\\\\\"app.browser-window-blur\\\\\\\",\\\\\\\"type\\\\\\\":\\\\\\\"ui\\\\\\\"},{\\\\\\\"timestamp\\\\\\\":1748194161.51,\\\\\\\"category\\\\\\\":\\\\\\\"electron\\\\\\\",\\\\\\\"message\\\\\\\":\\\\\\\"window.focus\\\\\\\",\\\\\\\"type\\\\\\\":\\\\\\\"ui\\\\\\\",\\\\\\\"data\\\\\\\":{\\\\\\\"id\\\\\\\":2,\\\\\\\"url\\\\\\\":\\\\\\\"https://discord.com/channels/1338854314273407038/1338854314273407043\\\\\\\"}},{\\\\\\\"timestamp\\\\\\\":1748194161.51,\\\\\\\"category\\\\\\\":\\\\\\\"electron\\\\\\\",\\\\\\\"message\\\\\\\":\\\\\\\"app.browser-window-focus\\\\\\\",\\\\\\\"type\\\\\\\":\\\\\\\"ui\\\\\\\"},{\\\\\\\"timestamp\\\\\\\":1748194162.719,\\\\\\\"category\\\\\\\":\\\\\\\"ui.click\\\\\\\",\\\\\\\"message\\\\\\\":\\\\\\\"div.contents__201d5.attachButtonInner__0923f > svg > path\\\\\\\"},{\\\\\\\"timestamp\\\\\\\":1748194163.833,\\\\\\\"category\\\\\\\":\\\\\\\"ui.click\\\\\\\",\\\\\\\"message\\\\\\\":\\\\\\\"div#channel-attach-upload-file.item_c1e9c4.labelContainer_c1e9c4.colorDefault_c1e9c4.focused_c1e9c4\\\\\\\"},{\\\\\\\"timestamp\\\\\\\":1748194163.836,\\\\\\\"category\\\\\\\":\\\\\\\"ui.click\\\\\\\",\\\\\\\"message\\\\\\\":\\\\\\\"div.uploadInput__0923f > input.file-input[type=\\\\\\\\\\\\\\\"file\\\\\\\\\\\\\\\"]\\\\\\\"},{\\\\\\\"timestamp\\\\\\\":1748194163.977,\\\\\\\"category\\\\\\\":\\\\\\\"electron\\\\\\\",\\\\\\\"message\\\\\\\":\\\\\\\"window.blur\\\\\\\",\\\\\\\"type\\\\\\\":\\\\\\\"ui\\\\\\\",\\\\\\\"data\\\\\\\":{\\\\\\\"id\\\\\\\":2,\\\\\\\"url\\\\\\\":\\\\\\\"https://discord.com/channels/1338854314273407038/1338854314273407043\\\\\\\"}},{\\\\\\\"timestamp\\\\\\\":1748194163.977,\\\\\\\"category\\\\\\\":\\\\\\\"electron\\\\\\\",\\\\\\\"message\\\\\\\":\\\\\\\"app.browser-window-blur\\\\\\\",\\\\\\\"type\\\\\\\":\\\\\\\"ui\\\\\\\"},{\\\\\\\"timestamp\\\\\\\":1748194165.555,\\\\\\\"category\\\\\\\":\\\\\\\"electron\\\\\\\",\\\\\\\"message\\\\\\\":\\\\\\\"window.focus\\\\\\\",\\\\\\\"type\\\\\\\":\\\\\\\"ui\\\\\\\",\\\\\\\"data\\\\\\\":{\\\\\\\"id\\\\\\\":2,\\\\\\\"url\\\\\\\":\\\\\\\"https://discord.com/channels/1338854314273407038/1338854314273407043\\\\\\\"}},{\\\\\\\"timestamp\\\\\\\":1748194165.555,\\\\\\\"category\\\\\\\":\\\\\\\"electron\\\\\\\",\\\\\\\"message\\\\\\\":\\\\\\\"app.browser-window-focus\\\\\\\",\\\\\\\"type\\\\\\\":\\\\\\\"ui\\\\\\\"},{\\\\\\\"timestamp\\\\\\\":1748194165.978,\\\\\\\"category\\\\\\\":\\\\\\\"electron\\\\\\\",\\\\\\\"message\\\\\\\":\\\\\\\"window.blur\\\\\\\",\\\\\\\"type\\\\\\\":\\\\\\\"ui\\\\\\\",\\\\\\\"data\\\\\\\":{\\\\\\\"id\\\\\\\":2,\\\\\\\"url\\\\\\\":\\\\\\\"https://discord.com/channels/1338854314273407038/1338854314273407043\\\\\\\"}},{\\\\\\\"timestamp\\\\\\\":1748194165.978,\\\\\\\"category\\\\\\\":\\\\\\\"electron\\\\\\\",\\\\\\\"message\\\\\\\":\\\\\\\"app.browser-window-blur\\\\\\\",\\\\\\\"type\\\\\\\":\\\\\\\"ui\\\\\\\"},{\\\\\\\"timestamp\\\\\\\":1748194166.26,\\\\\\\"category\\\\\\\":\\\\\\\"electron\\\\\\\",\\\\\\\"message\\\\\\\":\\\\\\\"window.focus\\\\\\\",\\\\\\\"type\\\\\\\":\\\\\\\"ui\\\\\\\",\\\\\\\"data\\\\\\\":{\\\\\\\"id\\\\\\\":2,\\\\\\\"url\\\\\\\":\\\\\\\"https://discord.com/channels/1338854314273407038/1338854314273407043\\\\\\\"}},{\\\\\\\"timestamp\\\\\\\":1748194166.26,\\\\\\\"category\\\\\\\":\\\\\\\"electron\\\\\\\",\\\\\\\"message\\\\\\\":\\\\\\\"app.browser-window-focus\\\\\\\",\\\\\\\"type\\\\\\\":\\\\\\\"ui\\\\\\\"},{\\\\\\\"timestamp\\\\\\\":1748194167.726,\\\\\\\"category\\\\\\\":\\\\\\\"ui.click\\\\\\\",\\\\\\\"message\\\\\\\":\\\\\\\"div\\\\\\\"},{\\\\\\\"timestamp\\\\\\\":1748194169.516,\\\\\\\"category\\\\\\\":\\\\\\\"electron\\\\\\\",\\\\\\\"message\\\\\\\":\\\\\\\"window.blur\\\\\\\",\\\\\\\"type\\\\\\\":\\\\\\\"ui\\\\\\\",\\\\\\\"data\\\\\\\":{\\\\\\\"id\\\\\\\":2,\\\\\\\"url\\\\\\\":\\\\\\\"https://discord.com/channels/1338854314273407038/1338854314273407043\\\\\\\"}},{\\\\\\\"timestamp\\\\\\\":1748194169.516,\\\\\\\"category\\\\\\\":\\\\\\\"electron\\\\\\\",\\\\\\\"message\\\\\\\":\\\\\\\"app.browser-window-blur\\\\\\\",\\\\\\\"type\\\\\\\":\\\\\\\"ui\\\\\\\"},{\\\\\\\"timestamp\\\\\\\":1748194252.879,\\\\\\\"category\\\\\\\":\\\\\\\"electron\\\\\\\",\\\\\\\"message\\\\\\\":\\\\\\\"window.focus\\\\\\\",\\\\\\\"type\\\\\\\":\\\\\\\"ui\\\\\\\",\\\\\\\"data\\\\\\\":{\\\\\\\"id\\\\\\\":2,\\\\\\\"url\\\\\\\":\\\\\\\"https://discord.com/channels/1338854314273407038/1338854314273407043\\\\\\\"}},{\\\\\\\"timestamp\\\\\\\":1748194252.88,\\\\\\\"category\\\\\\\":\\\\\\\"electron\\\\\\\",\\\\\\\"message\\\\\\\":\\\\\\\"app.browser-window-focus\\\\\\\",\\\\\\\"type\\\\\\\":\\\\\\\"ui\\\\\\\"},{\\\\\\\"timestamp\\\\\\\":1748194253.334,\\\\\\\"category\\\\\\\":\\\\\\\"electron\\\\\\\",\\\\\\\"message\\\\\\\":\\\\\\\"window.blur\\\\\\\",\\\\\\\"type\\\\\\\":\\\\\\\"ui\\\\\\\",\\\\\\\"data\\\\\\\":{\\\\\\\"id\\\\\\\":2,\\\\\\\"url\\\\\\\":\\\\\\\"https://discord.com/channels/1338854314273407038/1338854314273407043\\\\\\\"}},{\\\\\\\"timestamp\\\\\\\":1748194253.335,\\\\\\\"category\\\\\\\":\\\\\\\"electron\\\\\\\",\\\\\\\"message\\\\\\\":\\\\\\\"app.browser-window-blur\\\\\\\",\\\\\\\"type\\\\\\\":\\\\\\\"ui\\\\\\\"},{\\\\\\\"timestamp\\\\\\\":1748194253.502,\\\\\\\"category\\\\\\\":\\\\\\\"electron\\\\\\\",\\\\\\\"message\\\\\\\":\\\\\\\"window.focus\\\\\\\",\\\\\\\"type\\\\\\\":\\\\\\\"ui\\\\\\\",\\\\\\\"data\\\\\\\":{\\\\\\\"id\\\\\\\":2,\\\\\\\"url\\\\\\\":\\\\\\\"https://discord.com/channels/1338854314273407038/1338854314273407043\\\\\\\"}},{\\\\\\\"timestamp\\\\\\\":1748194253.502,\\\\\\\"category\\\\\\\":\\\\\\\"electron\\\\\\\",\\\\\\\"message\\\\\\\":\\\\\\\"app.browser-window-focus\\\\\\\",\\\\\\\"type\\\\\\\":\\\\\\\"ui\\\\\\\"},{\\\\\\\"timestamp\\\\\\\":1748194253.886,\\\\\\\"category\\\\\\\":\\\\\\\"electron\\\\\\\",\\\\\\\"message\\\\\\\":\\\\\\\"window.blur\\\\\\\",\\\\\\\"type\\\\\\\":\\\\\\\"ui\\\\\\\",\\\\\\\"data\\\\\\\":{\\\\\\\"id\\\\\\\":2,\\\\\\\"url\\\\\\\":\\\\\\\"https://discord.com/channels/1338854314273407038/1338854314273407043\\\\\\\"}},{\\\\\\\"timestamp\\\\\\\":1748194253.886,\\\\\\\"category\\\\\\\":\\\\\\\"electron\\\\\\\",\\\\\\\"message\\\\\\\":\\\\\\\"app.browser-window-blur\\\\\\\",\\\\\\\"type\\\\\\\":\\\\\\\"ui\\\\\\\"},{\\\\\\\"timestamp\\\\\\\":1748194293.955,\\\\\\\"category\\\\\\\":\\\\\\\"electron\\\\\\\",\\\\\\\"message\\\\\\\":\\\\\\\"window.focus\\\\\\\",\\\\\\\"type\\\\\\\":\\\\\\\"ui\\\\\\\",\\\\\\\"data\\\\\\\":{\\\\\\\"id\\\\\\\":2,\\\\\\\"url\\\\\\\":\\\\\\\"https://discord.com/channels/1338854314273407038/1338854314273407043\\\\\\\"}},{\\\\\\\"timestamp\\\\\\\":1748194293.955,\\\\\\\"category\\\\\\\":\\\\\\\"electron\\\\\\\",\\\\\\\"message\\\\\\\":\\\\\\\"app.browser-window-focus\\\\\\\",\\\\\\\"type\\\\\\\":\\\\\\\"ui\\\\\\\"},{\\\\\\\"timestamp\\\\\\\":1748194294.571,\\\\\\\"category\\\\\\\":\\\\\\\"ui.click\\\\\\\",\\\\\\\"message\\\\\\\":\\\\\\\"div.markup__75297.editor__1b31f.slateTextArea_ec4baf.fontSize16Padding__74017[aria-label=\\\\\\\\\\\\\\\"Message #general\\\\\\\\\\\\\\\"]\\\\\\\"},{\\\\\\\"timestamp\\\\\\\":1748194295.166,\\\\\\\"category\\\\\\\":\\\\\\\"ui.input\\\\\\\",\\\\\\\"message\\\\\\\":\\\\\\\"div.markup__75297.editor__1b31f.slateTextArea_ec4baf.fontSize16Padding__74017[aria-label=\\\\\\\\\\\\\\\"Message #general\\\\\\\\\\\\\\\"]\\\\\\\"},{\\\\\\\"timestamp\\\\\\\":1748194296.553,\\\\\\\"category\\\\\\\":\\\\\\\"electron\\\\\\\",\\\\\\\"message\\\\\\\":\\\\\\\"window.blur\\\\\\\",\\\\\\\"type\\\\\\\":\\\\\\\"ui\\\\\\\",\\\\\\\"data\\\\\\\":{\\\\\\\"id\\\\\\\":2,\\\\\\\"url\\\\\\\":\\\\\\\"https://discord.com/channels/1338854314273407038/1338854314273407043\\\\\\\"}},{\\\\\\\"timestamp\\\\\\\":1748194296.553,\\\\\\\"category\\\\\\\":\\\\\\\"electron\\\\\\\",\\\\\\\"message\\\\\\\":\\\\\\\"app.browser-window-blur\\\\\\\",\\\\\\\"type\\\\\\\":\\\\\\\"ui\\\\\\\"},{\\\\\\\"timestamp\\\\\\\":1748194302.326,\\\\\\\"category\\\\\\\":\\\\\\\"electron\\\\\\\",\\\\\\\"message\\\\\\\":\\\\\\\"window.focus\\\\\\\",\\\\\\\"type\\\\\\\":\\\\\\\"ui\\\\\\\",\\\\\\\"data\\\\\\\":{\\\\\\\"id\\\\\\\":2,\\\\\\\"url\\\\\\\":\\\\\\\"https://discord.com/channels/1338854314273407038/1338854314273407043\\\\\\\"}},{\\\\\\\"timestamp\\\\\\\":1748194302.326,\\\\\\\"category\\\\\\\":\\\\\\\"electron\\\\\\\",\\\\\\\"message\\\\\\\":\\\\\\\"app.browser-window-focus\\\\\\\",\\\\\\\"type\\\\\\\":\\\\\\\"ui\\\\\\\"},{\\\\\\\"timestamp\\\\\\\":1748194302.87,\\\\\\\"category\\\\\\\":\\\\\\\"electron\\\\\\\",\\\\\\\"message\\\\\\\":\\\\\\\"window.close\\\\\\\",\\\\\\\"type\\\\\\\":\\\\\\\"ui\\\\\\\",\\\\\\\"data\\\\\\\":{\\\\\\\"id\\\\\\\":2,\\\\\\\"url\\\\\\\":\\\\\\\"https://discord.com/channels/1338854314273407038/1338854314273407043\\\\\\\"}},{\\\\\\\"timestamp\\\\\\\":1748194302.87,\\\\\\\"category\\\\\\\":\\\\\\\"electron\\\\\\\",\\\\\\\"message\\\\\\\":\\\\\\\"window.hide\\\\\\\",\\\\\\\"type\\\\\\\":\\\\\\\"ui\\\\\\\",\\\\\\\"data\\\\\\\":{\\\\\\\"id\\\\\\\":2,\\\\\\\"url\\\\\\\":\\\\\\\"https://discord.com/channels/1338854314273407038/1338854314273407043\\\\\\\"}},{\\\\\\\"timestamp\\\\\\\":1748194302.871,\\\\\\\"category\\\\\\\":\\\\\\\"console\\\\\\\",\\\\\\\"level\\\\\\\":\\\\\\\"log\\\\\\\",\\\\\\\"message\\\\\\\":\\\\\\\"blackbox: 5/26/2025, 1:31:42 AM GMT+8 32 window.close win2\\\\\\\"},{\\\\\\\"timestamp\\\\\\\":1748194302.871,\\\\\\\"category\\\\\\\":\\\\\\\"electron\\\\\\\",\\\\\\\"message\\\\\\\":\\\\\\\"window.blur\\\\\\\",\\\\\\\"type\\\\\\\":\\\\\\\"ui\\\\\\\",\\\\\\\"data\\\\\\\":{\\\\\\\"id\\\\\\\":2,\\\\\\\"url\\\\\\\":\\\\\\\"https://discord.com/channels/1338854314273407038/1338854314273407043\\\\\\\"}},{\\\\\\\"timestamp\\\\\\\":1748194302.871,\\\\\\\"category\\\\\\\":\\\\\\\"electron\\\\\\\",\\\\\\\"message\\\\\\\":\\\\\\\"app.browser-window-blur\\\\\\\",\\\\\\\"type\\\\\\\":\\\\\\\"ui\\\\\\\"},{\\\\\\\"timestamp\\\\\\\":1748194441.468,\\\\\\\"category\\\\\\\":\\\\\\\"electron\\\\\\\",\\\\\\\"message\\\\\\\":\\\\\\\"app.second-instance\\\\\\\",\\\\\\\"type\\\\\\\":\\\\\\\"ui\\\\\\\"},{\\\\\\\"timestamp\\\\\\\":1748194441.469,\\\\\\\"category\\\\\\\":\\\\\\\"electron\\\\\\\",\\\\\\\"message\\\\\\\":\\\\\\\"window.show\\\\\\\",\\\\\\\"type\\\\\\\":\\\\\\\"ui\\\\\\\",\\\\\\\"data\\\\\\\":{\\\\\\\"id\\\\\\\":2,\\\\\\\"url\\\\\\\":\\\\\\\"https://discord.com/channels/1338854314273407038/1338854314273407043\\\\\\\"}},{\\\\\\\"timestamp\\\\\\\":1748194441.471,\\\\\\\"category\\\\\\\":\\\\\\\"electron\\\\\\\",\\\\\\\"message\\\\\\\":\\\\\\\"window.show\\\\\\\",\\\\\\\"type\\\\\\\":\\\\\\\"ui\\\\\\\",\\\\\\\"data\\\\\\\":{\\\\\\\"id\\\\\\\":2,\\\\\\\"url\\\\\\\":\\\\\\\"https://discord.com/channels/1338854314273407038/1338854314273407043\\\\\\\"}},{\\\\\\\"timestamp\\\\\\\":1748194441.471,\\\\\\\"category\\\\\\\":\\\\\\\"electron\\\\\\\",\\\\\\\"message\\\\\\\":\\\\\\\"window.focus\\\\\\\",\\\\\\\"type\\\\\\\":\\\\\\\"ui\\\\\\\",\\\\\\\"data\\\\\\\":{\\\\\\\"id\\\\\\\":2,\\\\\\\"url\\\\\\\":\\\\\\\"https://discord.com/channels/1338854314273407038/1338854314273407043\\\\\\\"}},{\\\\\\\"timestamp\\\\\\\":1748194441.472,\\\\\\\"category\\\\\\\":\\\\\\\"electron\\\\\\\",\\\\\\\"message\\\\\\\":\\\\\\\"app.browser-window-focus\\\\\\\",\\\\\\\"type\\\\\\\":\\\\\\\"ui\\\\\\\"},{\\\\\\\"timestamp\\\\\\\":1748194441.477,\\\\\\\"category\\\\\\\":\\\\\\\"electron\\\\\\\",\\\\\\\"message\\\\\\\":\\\\\\\"window.blur\\\\\\\",\\\\\\\"type\\\\\\\":\\\\\\\"ui\\\\\\\",\\\\\\\"data\\\\\\\":{\\\\\\\"id\\\\\\\":2,\\\\\\\"url\\\\\\\":\\\\\\\"https://discord.com/channels/1338854314273407038/1338854314273407043\\\\\\\"}},{\\\\\\\"timestamp\\\\\\\":1748194441.477,\\\\\\\"category\\\\\\\":\\\\\\\"electron\\\\\\\",\\\\\\\"message\\\\\\\":\\\\\\\"app.browser-window-blur\\\\\\\",\\\\\\\"type\\\\\\\":\\\\\\\"ui\\\\\\\"},{\\\\\\\"timestamp\\\\\\\":1748194441.479,\\\\\\\"category\\\\\\\":\\\\\\\"electron\\\\\\\",\\\\\\\"message\\\\\\\":\\\\\\\"window.focus\\\\\\\",\\\\\\\"type\\\\\\\":\\\\\\\"ui\\\\\\\",\\\\\\\"data\\\\\\\":{\\\\\\\"id\\\\\\\":2,\\\\\\\"url\\\\\\\":\\\\\\\"https://discord.com/channels/1338854314273407038/1338854314273407043\\\\\\\"}},{\\\\\\\"timestamp\\\\\\\":1748194441.479,\\\\\\\"category\\\\\\\":\\\\\\\"electron\\\\\\\",\\\\\\\"message\\\\\\\":\\\\\\\"app.browser-window-focus\\\\\\\",\\\\\\\"type\\\\\\\":\\\\\\\"ui\\\\\\\"},{\\\\\\\"timestamp\\\\\\\":1748194446.387,\\\\\\\"category\\\\\\\":\\\\\\\"ui.click\\\\\\\",\\\\\\\"message\\\\\\\":\\\\\\\"div.contents__201d5 > div.lottieIcon__5eb9b.lottieIconColors__5eb9b > svg\\\\\\\"},{\\\\\\\"timestamp\\\\\\\":1748194450.65,\\\\\\\"category\\\\\\\":\\\\\\\"ui.click\\\\\\\",\\\\\\\"message\\\\\\\":\\\\\\\"div.settingsPage_f131e9\\\\\\\"},{\\\\\\\"timestamp\\\\\\\":1748194451.102,\\\\\\\"category\\\\\\\":\\\\\\\"ui.click\\\\\\\",\\\\\\\"message\\\\\\\":\\\\\\\"div.tab_f8303a.item_b3f026.brand_b3f026.selected_b3f026[aria-label=\\\\\\\\\\\\\\\"Standing\\\\\\\\\\\\\\\"]\\\\\\\"},{\\\\\\\"timestamp\\\\\\\":1748194452.362,\\\\\\\"category\\\\\\\":\\\\\\\"electron\\\\\\\",\\\\\\\"message\\\\\\\":\\\\\\\"window.close\\\\\\\",\\\\\\\"type\\\\\\\":\\\\\\\"ui\\\\\\\",\\\\\\\"data\\\\\\\":{\\\\\\\"id\\\\\\\":2,\\\\\\\"url\\\\\\\":\\\\\\\"https://discord.com/channels/1338854314273407038/1338854314273407043\\\\\\\"}},{\\\\\\\"timestamp\\\\\\\":1748194452.362,\\\\\\\"category\\\\\\\":\\\\\\\"electron\\\\\\\",\\\\\\\"message\\\\\\\":\\\\\\\"window.hide\\\\\\\",\\\\\\\"type\\\\\\\":\\\\\\\"ui\\\\\\\",\\\\\\\"data\\\\\\\":{\\\\\\\"id\\\\\\\":2,\\\\\\\"url\\\\\\\":\\\\\\\"https://discord.com/channels/1338854314273407038/1338854314273407043\\\\\\\"}},{\\\\\\\"timestamp\\\\\\\":1748194452.363,\\\\\\\"category\\\\\\\":\\\\\\\"console\\\\\\\",\\\\\\\"level\\\\\\\":\\\\\\\"log\\\\\\\",\\\\\\\"message\\\\\\\":\\\\\\\"blackbox: 5/26/2025, 1:34:12 AM GMT+8 33 window.close win2\\\\\\\"},{\\\\\\\"timestamp\\\\\\\":1748194452.363,\\\\\\\"category\\\\\\\":\\\\\\\"electron\\\\\\\",\\\\\\\"message\\\\\\\":\\\\\\\"window.blur\\\\\\\",\\\\\\\"type\\\\\\\":\\\\\\\"ui\\\\\\\",\\\\\\\"data\\\\\\\":{\\\\\\\"id\\\\\\\":2,\\\\\\\"url\\\\\\\":\\\\\\\"https://discord.com/channels/1338854314273407038/1338854314273407043\\\\\\\"}},{\\\\\\\"timestamp\\\\\\\":1748194452.363,\\\\\\\"category\\\\\\\":\\\\\\\"electron\\\\\\\",\\\\\\\"message\\\\\\\":\\\\\\\"app.browser-window-blur\\\\\\\",\\\\\\\"type\\\\\\\":\\\\\\\"ui\\\\\\\"},{\\\\\\\"timestamp\\\\\\\":1748194553.275,\\\\\\\"category\\\\\\\":\\\\\\\"electron\\\\\\\",\\\\\\\"message\\\\\\\":\\\\\\\"app.second-instance\\\\\\\",\\\\\\\"type\\\\\\\":\\\\\\\"ui\\\\\\\"},{\\\\\\\"timestamp\\\\\\\":1748194553.275,\\\\\\\"category\\\\\\\":\\\\\\\"electron\\\\\\\",\\\\\\\"message\\\\\\\":\\\\\\\"window.show\\\\\\\",\\\\\\\"type\\\\\\\":\\\\\\\"ui\\\\\\\",\\\\\\\"data\\\\\\\":{\\\\\\\"id\\\\\\\":2,\\\\\\\"url\\\\\\\":\\\\\\\"https://discord.com/channels/1338854314273407038/1338854314273407043\\\\\\\"}},{\\\\\\\"timestamp\\\\\\\":1748194553.277,\\\\\\\"category\\\\\\\":\\\\\\\"electron\\\\\\\",\\\\\\\"message\\\\\\\":\\\\\\\"window.show\\\\\\\",\\\\\\\"type\\\\\\\":\\\\\\\"ui\\\\\\\",\\\\\\\"data\\\\\\\":{\\\\\\\"id\\\\\\\":2,\\\\\\\"url\\\\\\\":\\\\\\\"https://discord.com/channels/1338854314273407038/1338854314273407043\\\\\\\"}},{\\\\\\\"timestamp\\\\\\\":1748194553.277,\\\\\\\"category\\\\\\\":\\\\\\\"electron\\\\\\\",\\\\\\\"message\\\\\\\":\\\\\\\"window.focus\\\\\\\",\\\\\\\"type\\\\\\\":\\\\\\\"ui\\\\\\\",\\\\\\\"data\\\\\\\":{\\\\\\\"id\\\\\\\":2,\\\\\\\"url\\\\\\\":\\\\\\\"https://discord.com/channels/1338854314273407038/1338854314273407043\\\\\\\"}},{\\\\\\\"timestamp\\\\\\\":1748194553.277,\\\\\\\"category\\\\\\\":\\\\\\\"electron\\\\\\\",\\\\\\\"message\\\\\\\":\\\\\\\"app.browser-window-focus\\\\\\\",\\\\\\\"type\\\\\\\":\\\\\\\"ui\\\\\\\"},{\\\\\\\"timestamp\\\\\\\":1748194553.281,\\\\\\\"category\\\\\\\":\\\\\\\"electron\\\\\\\",\\\\\\\"message\\\\\\\":\\\\\\\"window.blur\\\\\\\",\\\\\\\"type\\\\\\\":\\\\\\\"ui\\\\\\\",\\\\\\\"data\\\\\\\":{\\\\\\\"id\\\\\\\":2,\\\\\\\"url\\\\\\\":\\\\\\\"https://discord.com/channels/1338854314273407038/1338854314273407043\\\\\\\"}},{\\\\\\\"timestamp\\\\\\\":1748194553.281,\\\\\\\"category\\\\\\\":\\\\\\\"electron\\\\\\\",\\\\\\\"message\\\\\\\":\\\\\\\"app.browser-window-blur\\\\\\\",\\\\\\\"type\\\\\\\":\\\\\\\"ui\\\\\\\"},{\\\\\\\"timestamp\\\\\\\":1748194553.282,\\\\\\\"category\\\\\\\":\\\\\\\"electron\\\\\\\",\\\\\\\"message\\\\\\\":\\\\\\\"window.focus\\\\\\\",\\\\\\\"type\\\\\\\":\\\\\\\"ui\\\\\\\",\\\\\\\"data\\\\\\\":{\\\\\\\"id\\\\\\\":2,\\\\\\\"url\\\\\\\":\\\\\\\"https://discord.com/channels/1338854314273407038/1338854314273407043\\\\\\\"}},{\\\\\\\"timestamp\\\\\\\":1748194553.282,\\\\\\\"category\\\\\\\":\\\\\\\"electron\\\\\\\",\\\\\\\"message\\\\\\\":\\\\\\\"app.browser-window-focus\\\\\\\",\\\\\\\"type\\\\\\\":\\\\\\\"ui\\\\\\\"},{\\\\\\\"timestamp\\\\\\\":1748194554.912,\\\\\\\"category\\\\\\\":\\\\\\\"electron\\\\\\\",\\\\\\\"message\\\\\\\":\\\\\\\"window.close\\\\\\\",\\\\\\\"type\\\\\\\":\\\\\\\"ui\\\\\\\",\\\\\\\"data\\\\\\\":{\\\\\\\"id\\\\\\\":2,\\\\\\\"url\\\\\\\":\\\\\\\"https://discord.com/channels/1338854314273407038/1338854314273407043\\\\\\\"}},{\\\\\\\"timestamp\\\\\\\":1748194554.913,\\\\\\\"category\\\\\\\":\\\\\\\"electron\\\\\\\",\\\\\\\"message\\\\\\\":\\\\\\\"window.hide\\\\\\\",\\\\\\\"type\\\\\\\":\\\\\\\"ui\\\\\\\",\\\\\\\"data\\\\\\\":{\\\\\\\"id\\\\\\\":2,\\\\\\\"url\\\\\\\":\\\\\\\"https://discord.com/channels/1338854314273407038/1338854314273407043\\\\\\\"}},{\\\\\\\"timestamp\\\\\\\":1748194554.913,\\\\\\\"category\\\\\\\":\\\\\\\"console\\\\\\\",\\\\\\\"level\\\\\\\":\\\\\\\"log\\\\\\\",\\\\\\\"message\\\\\\\":\\\\\\\"blackbox: 5/26/2025, 1:35:54 AM GMT+8 34 window.close win2\\\\\\\"},{\\\\\\\"timestamp\\\\\\\":1748194554.913,\\\\\\\"category\\\\\\\":\\\\\\\"electron\\\\\\\",\\\\\\\"message\\\\\\\":\\\\\\\"window.blur\\\\\\\",\\\\\\\"type\\\\\\\":\\\\\\\"ui\\\\\\\",\\\\\\\"data\\\\\\\":{\\\\\\\"id\\\\\\\":2,\\\\\\\"url\\\\\\\":\\\\\\\"https://discord.com/channels/1338854314273407038/1338854314273407043\\\\\\\"}},{\\\\\\\"timestamp\\\\\\\":1748194554.913,\\\\\\\"category\\\\\\\":\\\\\\\"electron\\\\\\\",\\\\\\\"message\\\\\\\":\\\\\\\"app.browser-window-blur\\\\\\\",\\\\\\\"type\\\\\\\":\\\\\\\"ui\\\\\\\"},{\\\\\\\"timestamp\\\\\\\":1748194631.318,\\\\\\\"category\\\\\\\":\\\\\\\"electron\\\\\\\",\\\\\\\"message\\\\\\\":\\\\\\\"app.second-instance\\\\\\\",\\\\\\\"type\\\\\\\":\\\\\\\"ui\\\\\\\"},{\\\\\\\"timestamp\\\\\\\":1748194631.319,\\\\\\\"category\\\\\\\":\\\\\\\"electron\\\\\\\",\\\\\\\"message\\\\\\\":\\\\\\\"window.show\\\\\\\",\\\\\\\"type\\\\\\\":\\\\\\\"ui\\\\\\\",\\\\\\\"data\\\\\\\":{\\\\\\\"id\\\\\\\":2,\\\\\\\"url\\\\\\\":\\\\\\\"https://discord.com/channels/1338854314273407038/1338854314273407043\\\\\\\"}},{\\\\\\\"timestamp\\\\\\\":1748194631.321,\\\\\\\"category\\\\\\\":\\\\\\\"electron\\\\\\\",\\\\\\\"message\\\\\\\":\\\\\\\"window.show\\\\\\\",\\\\\\\"type\\\\\\\":\\\\\\\"ui\\\\\\\",\\\\\\\"data\\\\\\\":{\\\\\\\"id\\\\\\\":2,\\\\\\\"url\\\\\\\":\\\\\\\"https://discord.com/channels/1338854314273407038/1338854314273407043\\\\\\\"}},{\\\\\\\"timestamp\\\\\\\":1748194631.322,\\\\\\\"category\\\\\\\":\\\\\\\"electron\\\\\\\",\\\\\\\"message\\\\\\\":\\\\\\\"window.focus\\\\\\\",\\\\\\\"type\\\\\\\":\\\\\\\"ui\\\\\\\",\\\\\\\"data\\\\\\\":{\\\\\\\"id\\\\\\\":2,\\\\\\\"url\\\\\\\":\\\\\\\"https://discord.com/channels/1338854314273407038/1338854314273407043\\\\\\\"}},{\\\\\\\"timestamp\\\\\\\":1748194631.322,\\\\\\\"category\\\\\\\":\\\\\\\"electron\\\\\\\",\\\\\\\"message\\\\\\\":\\\\\\\"app.browser-window-focus\\\\\\\",\\\\\\\"type\\\\\\\":\\\\\\\"ui\\\\\\\"},{\\\\\\\"timestamp\\\\\\\":1748194631.326,\\\\\\\"category\\\\\\\":\\\\\\\"electron\\\\\\\",\\\\\\\"message\\\\\\\":\\\\\\\"window.blur\\\\\\\",\\\\\\\"type\\\\\\\":\\\\\\\"ui\\\\\\\",\\\\\\\"data\\\\\\\":{\\\\\\\"id\\\\\\\":2,\\\\\\\"url\\\\\\\":\\\\\\\"https://discord.com/channels/1338854314273407038/1338854314273407043\\\\\\\"}},{\\\\\\\"timestamp\\\\\\\":1748194631.326,\\\\\\\"category\\\\\\\":\\\\\\\"electron\\\\\\\",\\\\\\\"message\\\\\\\":\\\\\\\"app.browser-window-blur\\\\\\\",\\\\\\\"type\\\\\\\":\\\\\\\"ui\\\\\\\"},{\\\\\\\"timestamp\\\\\\\":1748194631.326,\\\\\\\"category\\\\\\\":\\\\\\\"electron\\\\\\\",\\\\\\\"message\\\\\\\":\\\\\\\"window.focus\\\\\\\",\\\\\\\"type\\\\\\\":\\\\\\\"ui\\\\\\\",\\\\\\\"data\\\\\\\":{\\\\\\\"id\\\\\\\":2,\\\\\\\"url\\\\\\\":\\\\\\\"https://discord.com/channels/1338854314273407038/1338854314273407043\\\\\\\"}},{\\\\\\\"timestamp\\\\\\\":1748194631.326,\\\\\\\"category\\\\\\\":\\\\\\\"electron\\\\\\\",\\\\\\\"message\\\\\\\":\\\\\\\"app.browser-window-focus\\\\\\\",\\\\\\\"type\\\\\\\":\\\\\\\"ui\\\\\\\"},{\\\\\\\"timestamp\\\\\\\":1748194638.682,\\\\\\\"category\\\\\\\":\\\\\\\"ui.click\\\\\\\",\\\\\\\"message\\\\\\\":\\\\\\\"div.wrapper_cc5dd2 > svg > foreignobject > div.wrapper__6e9f8.selected__6e9f8\\\\\\\"},{\\\\\\\"timestamp\\\\\\\":1748194640.13,\\\\\\\"category\\\\\\\":\\\\\\\"electron\\\\\\\",\\\\\\\"message\\\\\\\":\\\\\\\"window.blur\\\\\\\",\\\\\\\"type\\\\\\\":\\\\\\\"ui\\\\\\\",\\\\\\\"data\\\\\\\":{\\\\\\\"id\\\\\\\":2,\\\\\\\"url\\\\\\\":\\\\\\\"https://discord.com/channels/1233108238921367643/1318799540563873812\\\\\\\"}},{\\\\\\\"timestamp\\\\\\\":1748194640.13,\\\\\\\"category\\\\\\\":\\\\\\\"electron\\\\\\\",\\\\\\\"message\\\\\\\":\\\\\\\"app.browser-window-blur\\\\\\\",\\\\\\\"type\\\\\\\":\\\\\\\"ui\\\\\\\"},{\\\\\\\"timestamp\\\\\\\":1748194640.333,\\\\\\\"category\\\\\\\":\\\\\\\"electron\\\\\\\",\\\\\\\"message\\\\\\\":\\\\\\\"window.focus\\\\\\\",\\\\\\\"type\\\\\\\":\\\\\\\"ui\\\\\\\",\\\\\\\"data\\\\\\\":{\\\\\\\"id\\\\\\\":2,\\\\\\\"url\\\\\\\":\\\\\\\"https://discord.com/channels/1233108238921367643/1318799540563873812\\\\\\\"}},{\\\\\\\"timestamp\\\\\\\":1748194640.333,\\\\\\\"category\\\\\\\":\\\\\\\"electron\\\\\\\",\\\\\\\"message\\\\\\\":\\\\\\\"app.browser-window-focus\\\\\\\",\\\\\\\"type\\\\\\\":\\\\\\\"ui\\\\\\\"},{\\\\\\\"timestamp\\\\\\\":1748194640.694,\\\\\\\"category\\\\\\\":\\\\\\\"electron\\\\\\\",\\\\\\\"message\\\\\\\":\\\\\\\"app.child-process-gone\\\\\\\",\\\\\\\"type\\\\\\\":\\\\\\\"ui\\\\\\\"}],\\\\\\\"sdkProcessingMetadata\\\\\\\":{\\\\\\\"dynamicSamplingContext\\\\\\\":{\\\\\\\"environment\\\\\\\":\\\\\\\"stable\\\\\\\",\\\\\\\"release\\\\\\\":\\\\\\\"0.0.95\\\\\\\",\\\\\\\"public_key\\\\\\\":\\\\\\\"d2558f321dfc7ab68366d8258fd256c7\\\\\\\",\\\\\\\"trace_id\\\\\\\":\\\\\\\"46d270a880d8465a9ec873db5a027bfd\\\\\\\"}},\\\\\\\"modules\\\\\\\":{},\\\\\\\"extra\\\\\\\":{\\\\\\\"release_channel\\\\\\\":\\\\\\\"stable\\\\\\\",\\\\\\\"sentry\\\\\\\":{\\\\\\\"environment\\\\\\\":\\\\\\\"stable\\\\\\\",\\\\\\\"release\\\\\\\":\\\\\\\"0.0.95\\\\\\\",\\\\\\\"user\\\\\\\":{\\\\\\\"id\\\\\\\":\\\\\\\"984605084526739467\\\\\\\",\\\\\\\"username\\\\\\\":\\\\\\\"drjam_\\\\\\\",\\\\\\\"email\\\\\\\":\\\\\\\"jamesallanmdr2005@gmail.com\\\\\\\"}},\\\\\\\"wm\\\\\\\":\\\\\\\"Hyprland,unknown\\\\\\\",\\\\\\\"distro\\\\\\\":\\\\\\\"\\\\\\\\\\\\\\\"Arch Linux\\\\\\\\\\\\\\\"\\\\\\\",\\\\\\\"nativeBuildNumber\\\\\\\":\\\\\\\"null\\\\\\\",\\\\\\\"user_id\\\\\\\":\\\\\\\"984605084526739467\\\\\\\",\\\\\\\"username\\\\\\\":\\\\\\\"drjam_\\\\\\\",\\\\\\\"email\\\\\\\":\\\\\\\"jamesallanmdr2005@gmail.com\\\\\\\"}}\\\"},{\\\"timestamp\\\":1748194640.708,\\\"category\\\":\\\"ui.click\\\",\\\"message\\\":\\\"g > g > g > g > path\\\"},{\\\"timestamp\\\":1748194641.029,\\\"category\\\":\\\"electron\\\",\\\"message\\\":\\\"app.child-process-gone\\\",\\\"type\\\":\\\"ui\\\"}],\\\"sdkProcessingMetadata\\\":{\\\"dynamicSamplingContext\\\":{\\\"environment\\\":\\\"stable\\\",\\\"release\\\":\\\"0.0.95\\\",\\\"public_key\\\":\\\"d2558f321dfc7ab68366d8258fd256c7\\\",\\\"trace_id\\\":\\\"46d270a880d8465a9ec873db5a027bfd\\\"}},\\\"modules\\\":{},\\\"extra\\\":{\\\"release_channel\\\":\\\"stable\\\",\\\"sentry\\\":{\\\"environment\\\":\\\"stable\\\",\\\"release\\\":\\\"0.0.95\\\",\\\"user\\\":{\\\"id\\\":\\\"984605084526739467\\\",\\\"username\\\":\\\"drjam_\\\",\\\"email\\\":\\\"jamesallanmdr2005@gmail.com\\\"}},\\\"wm\\\":\\\"Hyprland,unknown\\\",\\\"distro\\\":\\\"\\\\\\\"Arch Linux\\\\\\\"\\\",\\\"nativeBuildNumber\\\":\\\"null\\\",\\\"user_id\\\":\\\"984605084526739467\\\",\\\"username\\\":\\\"drjam_\\\",\\\"email\\\":\\\"jamesallanmdr2005@gmail.com\\\"}}\"},{\"timestamp\":1748194642.056,\"category\":\"electron\",\"message\":\"app.child-process-gone\",\"type\":\"ui\"}],\"sdkProcessingMetadata\":{\"dynamicSamplingContext\":{\"environment\":\"stable\",\"release\":\"0.0.95\",\"public_key\":\"d2558f321dfc7ab68366d8258fd256c7\",\"trace_id\":\"46d270a880d8465a9ec873db5a027bfd\"}},\"modules\":{},\"extra\":{\"release_channel\":\"stable\",\"sentry\":{\"environment\":\"stable\",\"release\":\"0.0.95\",\"user\":{\"id\":\"984605084526739467\",\"username\":\"drjam_\",\"email\":\"jamesallanmdr2005@gmail.com\"}},\"wm\":\"Hyprland,unknown\",\"distro\":\"\\\"Arch Linux\\\"\",\"nativeBuildNumber\":\"null\",\"user_id\":\"984605084526739467\",\"username\":\"drjam_\",\"email\":\"jamesallanmdr2005@gmail.com\"}}"},{"timestamp":1748194642.325,"category":"electron","message":"app.child-process-gone","type":"ui"}],"sdkProcessingMetadata":{"dynamicSamplingContext":{"environment":"stable","release":"0.0.95","public_key":"d2558f321dfc7ab68366d8258fd256c7","trace_id":"46d270a880d8465a9ec873db5a027bfd"}},"modules":{},"extra":{"release_channel":"stable","sentry":{"environment":"stable","release":"0.0.95","user":{"id":"984605084526739467","username":"drjam_","email":"jamesallanmdr2005@gmail.com"}},"wm":"Hyprland,unknown","distro":"\"Arch Linux\"","nativeBuildNumber":"null","user_id":"984605084526739467","username":"drjam_","email":"jamesallanmdr2005@gmail.com"}}
